"Date","000157.SZ.Open","000157.SZ.High","000157.SZ.Low","000157.SZ.Close","000157.SZ.Volume","000157.SZ.Adjusted"
2009-01-01,11.18,11.18,11.18,11.18,0,2.66
2009-01-02,11.18,11.18,11.18,11.18,0,2.66
2009-01-05,11.47,12.18,11.31,12.05,77863700,2.87
2009-01-06,12,13.26,11.91,13.26,201450600,3.16
2009-01-07,13.5,13.54,13,13.14,128339000,3.13
2009-01-08,12.75,13.09,12.52,12.73,82464900,3.03
2009-01-09,12.72,13.4,12.68,13.2,80784800,3.15
2009-01-12,13.18,13.7,12.96,13.31,80928200,3.17
2009-01-13,13.01,13.14,12.58,12.6,66605900,3
2009-01-14,12.6,13.46,12.6,13.26,60043900,3.16
2009-01-15,13.15,13.92,13.07,13.55,130749000,3.23
2009-01-16,13.84,14.62,13.84,14.13,156355900,3.37
2009-01-19,14.3,14.72,13.88,14.15,103810800,3.37
2009-01-20,14,14.67,13.92,14.6,86480100,3.48
2009-01-21,14.46,15.16,14.4,14.92,102464700,3.56
2009-01-22,15.02,15.15,14.82,15.1,82140600,3.6
2009-01-23,15.05,15.29,14.72,14.89,63349600,3.55
2009-02-02,14.97,16.13,14.85,15.56,78148400,3.71
2009-02-03,15.65,16.1,15.4,15.9,74162700,3.79
2009-02-04,16.1,16.18,15.39,15.75,98546300,3.75
2009-02-05,15.9,16.73,15.3,15.57,161844000,3.71
2009-02-06,15.43,16.18,15.43,16.04,103510100,3.82
2009-02-09,16.38,16.42,15.65,16.2,129305000,3.86
2009-02-10,16.19,16.48,15.71,16.41,119161000,3.91
2009-02-11,16.15,17.19,16.01,16.75,156514400,3.99
2009-02-12,16.6,16.74,15.72,16.31,108654400,3.89
2009-02-16,18,18.55,17.52,18.23,143176500,4.35
2009-02-17,18.2,19.02,17.72,18.06,121560600,4.3
2009-02-18,17.7,19.7,17.65,18.72,189517700,4.46
2009-02-19,18.95,20.59,18.94,20.59,130218500,4.91
2009-02-20,20.82,21.58,20.6,20.65,113596200,4.92
2009-02-23,20.75,21.66,20.2,21.52,69233600,5.13
2009-02-24,21.55,22.29,20.55,20.9,100033600,4.98
2009-02-25,21.35,21.9,19.2,20.03,112310400,4.77
2009-02-26,20.06,20.29,18.03,18.44,98572600,4.4
2009-02-27,18.1,19,17.35,18.7,100520200,4.46
2009-03-02,18.27,20.02,18.27,19.47,93183800,4.64
2009-03-03,18.97,20.5,18.8,20.1,104693800,4.79
2009-03-04,20.22,21.85,20.22,21.77,87719200,5.19
2009-03-05,22.06,22.27,20.7,21.2,95931800,5.05
2009-03-06,20.84,21.2,20.21,20.49,61291300,4.88
2009-03-09,20.56,21,18.72,19.15,96887300,4.56
2009-03-10,19,19.8,18.82,19.7,75079700,4.7
2009-03-11,20.1,20.31,19.12,19.25,62472500,4.59
2009-03-12,19.02,19.45,18.48,19.26,44967000,4.59
2009-03-13,19.35,20.18,19.21,19.45,48247000,4.64
2009-03-16,19.52,19.6,18.93,19.54,30626800,4.66
2009-03-17,19.59,20.57,19.46,20.44,68838200,4.87
2009-03-18,20.53,21.32,20.53,20.64,78492100,4.92
2009-03-19,20.79,21.15,20.48,20.72,61597100,4.94
2009-03-20,20.74,20.87,19.84,20.35,51221300,4.85
2009-03-23,20.5,22.2,20.21,22.2,109083000,5.29
2009-03-24,22.26,22.37,21.52,21.56,71462000,5.14
2009-03-25,21.47,21.8,20.91,20.91,48230300,4.98
2009-03-26,20.76,21.41,20.32,21.34,52553300,5.09
2009-03-27,21.4,21.87,20.92,21.19,48137100,5.05
2009-03-30,21.25,21.38,20.8,21.02,34886000,5.01
2009-03-31,20.57,21.09,20.28,20.92,48794500,4.99
2009-04-01,21.01,21.68,21.01,21.38,55307900,5.1
2009-04-02,21.55,22.73,21.21,22.3,97752200,5.32
2009-04-03,22.5,22.86,21.83,21.99,77267900,5.24
2009-04-06,21.99,21.99,21.99,21.99,0,5.24
2009-04-07,21.95,22.19,21.4,21.98,38717600,5.24
2009-04-08,21.81,21.83,20.81,20.83,52058900,4.97
2009-04-09,20.7,21,20.4,20.87,49070100,4.97
2009-04-10,21.01,21.77,21,21.6,51686500,5.15
2009-04-13,21.92,22.58,21.6,22.28,80969700,5.31
2009-04-14,22.15,24.39,21.86,24.01,121655500,5.72
2009-04-15,23.66,24.04,23.23,23.95,64017700,5.71
2009-04-16,24.01,24.09,23.25,23.8,45700000,5.67
2009-04-17,23.6,23.6,22.5,22.88,47348500,5.45
2009-04-20,22.8,23.48,22.72,23.36,32807100,5.57
2009-04-21,23.05,23.06,21.02,21.4,248330700,5.1
2009-04-22,21.45,21.68,19.91,20.11,166360100,4.79
2009-04-23,20,20.55,19.91,20.41,78289700,4.87
2009-04-24,20.51,20.84,20,20.05,80280500,4.78
2009-04-27,20.08,20.26,19.31,19.46,66040900,4.64
2009-04-28,19.41,19.88,19.33,19.83,51172400,4.73
2009-04-29,19.84,20.48,19.6,20.37,80936400,4.86
2009-04-30,20.85,22.01,20.8,21.31,169498200,5.08
2009-05-01,21.31,21.31,21.31,21.31,0,5.08
2009-05-04,21.5,21.95,21.3,21.73,63445900,5.18
2009-05-05,21.81,22.27,21.5,21.91,97018400,5.22
2009-05-06,21.8,21.88,21.4,21.76,93811400,5.19
2009-05-07,21.84,22.2,21.01,21.22,65079900,5.06
2009-05-08,21.1,21.1,19.99,20.49,85523400,4.88
2009-05-11,20.65,20.83,19.8,19.88,81732200,4.74
2009-05-12,19.78,20.71,19.71,20.71,79094300,4.94
2009-05-13,20.95,20.99,20.15,20.28,94507700,4.83
2009-05-14,20.1,20.68,20,20.41,48137100,4.87
2009-05-15,20.45,20.72,20.3,20.57,54365000,4.9
2009-05-18,20.4,20.52,19.97,20.4,47155900,4.86
2009-05-19,20.6,21.45,20.6,20.99,104045400,5
2009-05-20,21.08,21.59,20.83,20.94,68604100,4.99
2009-05-21,20.94,20.94,20.94,20.94,0,4.99
2009-05-22,20.28,20.49,19.98,20.2,47669800,4.81
2009-05-25,19.79,20.05,19.39,20,64854300,4.77
2009-05-26,20,20,19.62,19.66,41404500,4.69
2009-05-27,19.83,20.1,19.71,19.87,36267400,4.74
2009-05-28,19.87,19.87,19.87,19.87,0,4.74
2009-05-29,19.87,19.87,19.87,19.87,0,4.74
2009-06-01,20.1,20.6,19.87,20.48,79864900,4.88
2009-06-02,20.6,20.68,20.08,20.11,68228200,4.79
2009-06-03,20.11,20.2,19.86,19.9,76490100,4.74
2009-06-04,19.93,20.2,19.6,20.14,72694500,4.8
2009-06-05,20.19,20.41,19.86,19.93,59489700,4.75
2009-06-08,19.89,20.07,18.91,19.2,83417200,4.58
2009-06-09,19.18,19.3,18.43,19.04,83002300,4.54
2009-06-10,19.12,20.13,18.73,19.81,93623400,4.72
2009-06-11,19.6,19.94,19.28,19.3,40289000,4.6
2009-06-12,19.29,19.29,18.9,19.01,48515700,4.53
2009-06-15,19.01,19.6,19,19.49,45100200,4.65
2009-06-16,19.38,20.09,19.22,19.74,62570000,4.71
2009-06-17,19.75,20.8,19.75,20.68,129550700,4.93
2009-06-18,21.02,22.23,21.02,21.52,149953700,5.13
2009-06-19,21.6,21.98,21.11,21.53,75920400,5.13
2009-06-22,21.81,22.2,21.22,21.82,106204300,5.2
2009-06-23,21.5,22.48,21.34,22.2,105855000,5.29
2009-06-24,22.19,24.18,22.08,23.89,144483400,5.69
2009-06-25,23.7,24.23,23.33,23.54,73767300,5.61
2009-06-26,23.51,24.02,23.21,23.4,52260300,5.58
2009-06-29,23.43,23.7,23.1,23.49,55601200,5.6
2009-06-30,23.7,23.84,22.3,22.33,70709900,5.32
2009-07-01,22.5,23.43,22.45,22.76,62992700,5.43
2009-07-02,22.98,23.31,22.2,22.96,66277700,5.47
2009-07-03,22.74,23.39,22.41,23.33,59920600,5.56
2009-07-06,23.2,25.39,23.2,25.17,105090900,6
2009-07-07,24.9,25.73,24.51,25.06,67997700,5.97
2009-07-08,24.82,25.64,24.75,25.4,64427000,6.05
2009-07-09,25.41,26.63,25.18,26.33,59516600,6.28
2009-07-10,24.2,24.85,23.7,23.85,41474800,6.34
2009-07-13,23.8,25.7,23.46,24.94,65377300,6.63
2009-07-14,25.03,25.51,24.66,25.32,51514400,6.73
2009-07-15,25.35,25.46,24.53,24.75,58481700,6.58
2009-07-16,24.89,24.98,23.95,24.14,69293100,6.42
2009-07-17,24,24.48,23.99,24.18,26581300,6.43
2009-07-20,24.18,24.43,23.58,24.39,56077700,6.48
2009-07-21,24.4,24.48,23.76,23.89,48348200,6.35
2009-07-22,23.85,24.23,23.71,24.08,61581400,6.4
2009-07-23,24.08,24.16,23.62,23.83,49842100,6.33
2009-07-24,23.88,24.98,23.86,24.37,76176500,6.48
2009-07-27,24.58,24.68,23.96,24.23,59056700,6.44
2009-07-28,24.25,24.3,23.64,23.84,62250400,6.34
2009-07-29,23.9,23.95,21.51,22.35,59466700,5.94
2009-07-30,22.4,23.1,22.22,22.94,32342500,6.1
2009-07-31,23,23.85,23,23.79,53024900,6.32
2009-08-03,23.82,24.2,23.4,23.69,67275600,6.3
2009-08-04,23.89,25.02,23.65,25,127928800,6.65
2009-08-05,25.15,25.2,23.81,24.25,55582300,6.45
2009-08-06,24.15,24.3,23.01,23.5,39548800,6.25
2009-08-07,24.35,25,23.7,23.9,125068900,6.35
2009-08-10,24.6,25.4,24.36,25.1,144749900,6.67
2009-08-11,25.25,25.65,24.66,25.08,81208200,6.67
2009-08-12,25,25,23.2,23.37,58278000,6.21
2009-08-13,23.51,23.7,22.6,23.39,43219700,6.22
2009-08-14,23.7,24.21,22.9,23.04,67249800,6.12
2009-08-17,23.04,23.04,23.04,23.04,0,6.12
2009-08-18,21.2,22.2,20.74,22.15,66914700,5.89
2009-08-19,22.6,23.46,21,21.65,108626800,5.75
2009-08-20,21.6,22.7,21.5,22.65,67796000,6.02
2009-08-21,22.69,23.96,22.4,23.36,69226900,6.21
2009-08-24,23.61,24,22.98,24,53094400,6.38
2009-08-25,23.8,23.9,22.88,23.52,53545900,6.25
2009-08-26,23.55,25.4,23.35,25,98357400,6.65
2009-08-27,24.8,25.2,24.48,24.74,67624700,6.58
2009-08-28,24.8,25.08,23.8,23.81,60597100,6.33
2009-08-31,23.31,23.31,21.43,21.48,73452900,5.71
2009-09-01,21.22,21.98,20.78,21.2,61700700,5.64
2009-09-02,21.18,21.74,20.91,21.45,30403200,5.7
2009-09-03,21.5,23.1,21.5,22.85,56716000,6.07
2009-09-04,22.85,23.5,22.6,23.5,50323800,6.25
2009-09-07,23.7,23.85,23,23.3,41097700,6.19
2009-09-08,23.01,24.39,22.77,24.31,55447100,6.46
2009-09-09,24.32,25.7,24.1,25.22,132465500,6.7
2009-09-10,24.85,25.77,24.54,24.7,69044300,6.57
2009-09-11,24.5,25.6,24.4,25.3,51974100,6.73
2009-09-14,25.65,26.15,25.33,25.56,58876300,6.79
2009-09-15,25.82,26.2,25.08,25.09,53047000,6.67
2009-09-16,24.83,26,24.69,25.6,66135000,6.8
2009-09-17,25.8,26.25,25.36,25.5,56738000,6.78
2009-09-18,25.45,25.64,24,24.55,55153400,6.53
2009-09-21,24.11,25.1,24,25.08,39858800,6.67
2009-09-22,25,26.25,24.81,25.29,90051900,6.72
2009-09-23,25.1,26.16,25.06,25.43,81730900,6.76
2009-09-24,25.34,25.45,23.99,24.3,57207700,6.46
2009-09-25,24.29,24.38,23.5,23.94,31348000,6.36
2009-09-28,23.99,24.48,23.12,23.2,24989100,6.17
2009-09-29,23.15,23.57,22.81,23.43,27015200,6.23
2009-09-30,23.84,24.15,23.58,23.9,23595000,6.35
2009-10-01,23.9,23.9,23.9,23.9,0,6.35
2009-10-02,23.9,23.9,23.9,23.9,0,6.35
2009-10-05,23.9,23.9,23.9,23.9,0,6.35
2009-10-06,23.9,23.9,23.9,23.9,0,6.35
2009-10-07,23.9,23.9,23.9,23.9,0,6.35
2009-10-08,23.9,23.9,23.9,23.9,0,6.35
2009-10-09,24.5,25.35,24.24,25.18,32620000,6.69
2009-10-12,25.27,27,25.19,26.07,83942500,6.93
2009-10-13,26,26.38,25.76,26.35,33383300,7
2009-10-14,26.46,26.57,25.68,25.88,47112500,6.88
2009-10-15,26.26,27.12,26.01,26.6,56558500,7.07
2009-10-16,26.91,27,26.07,26.73,37386900,7.11
2009-10-19,26.74,27.86,26.4,27.63,56255300,7.34
2009-10-20,27.68,28.28,27.4,27.6,46626800,7.34
2009-10-21,27.6,28.12,27.3,27.39,35268500,7.28
2009-10-22,27.45,27.59,26.91,27.41,33576400,7.29
2009-10-23,27.45,28.16,27.01,27.5,46626200,7.31
2009-10-26,27.3,27.3,26.45,26.61,79911400,7.07
2009-10-27,26.65,26.98,26.2,26.3,37507000,6.99
2009-10-28,26.32,26.96,26.2,26.85,25128100,7.14
2009-10-29,26.5,26.95,26.31,26.49,34297900,7.04
2009-10-30,26.94,27.45,26.6,26.98,34264100,7.17
2009-11-02,26.39,27.85,26.24,27.82,36547300,7.39
2009-11-03,27.88,28.32,27.47,27.9,44995800,7.42
2009-11-04,28,28.15,27.42,27.59,28797600,7.33
2009-11-05,27.59,27.67,27,27.45,42768900,7.3
2009-11-06,27.53,27.71,27.2,27.41,36959400,7.29
2009-11-09,27.4,27.59,27,27.17,29282100,7.22
2009-11-10,27.45,27.98,27.13,27.7,46129300,7.36
2009-11-11,27.69,28.22,27.31,27.74,44727700,7.37
2009-11-12,27.98,28.9,27.77,28.5,60842000,7.58
2009-11-13,28.35,28.78,27.88,28.36,37339800,7.54
2009-11-16,28.51,29.19,28.49,28.78,60756500,7.65
2009-11-17,28.85,28.89,28.26,28.34,37903300,7.53
2009-11-18,28.36,28.6,27.97,28.03,35301200,7.45
2009-11-19,28.05,28.29,27.65,28.19,52312700,7.49
2009-11-20,28.12,28.12,27.7,28.04,33388200,7.45
2009-11-23,28,28.39,27.9,28.08,38021800,7.46
2009-11-24,28.19,28.27,26.3,26.83,68597500,7.13
2009-11-25,26.8,27.18,26.41,27.14,74168900,7.21
2009-11-26,27.25,27.3,25.32,25.43,88164200,6.76
2009-11-27,25.17,25.76,24.7,25.18,61289400,6.69
2009-11-30,25.45,26.19,25.27,26.12,47828100,6.94
2009-12-01,26.1,26.85,25.69,26.73,68629300,7.11
2009-12-02,26.72,26.81,26.38,26.55,61421200,7.06
2009-12-03,26.5,26.84,26.37,26.56,41166100,7.06
2009-12-04,26.6,26.9,25.7,26.22,48180900,6.97
2009-12-07,26.47,27.06,26.2,26.73,46245600,7.11
2009-12-08,26.74,26.95,26.34,26.6,37461400,7.07
2009-12-09,26.35,26.53,25.61,25.71,36767600,6.83
2009-12-10,25.88,26.08,25.35,25.67,33480600,6.82
2009-12-11,25.71,25.85,25.58,25.74,25325200,6.84
2009-12-14,25.74,25.83,25.15,25.53,26901000,6.79
2009-12-15,25.6,26.09,25.55,25.91,29864800,6.89
2009-12-16,25.85,26,25.48,25.52,19633800,6.78
2009-12-17,25.58,25.81,25.09,25.1,23217300,6.67
2009-12-18,25.11,25.19,24.15,24.25,31570700,6.45
2009-12-21,24.15,25.04,24.15,24.81,25252400,6.59
2009-12-22,24.92,24.96,23.85,23.92,27749100,6.36
2009-12-23,24.02,24.36,23.8,24.19,15334400,6.43
2009-12-24,24.5,25.47,24.31,25.39,45994900,6.75
2009-12-25,25.29,25.9,25.1,25.77,35896100,6.85
2009-12-28,25.77,26.18,25.67,25.75,34956700,6.84
2009-12-29,25.89,26.1,25.5,26.02,33074700,6.92
2009-12-31,26.09,26.2,25.5,26.01,33722100,6.91
2010-01-04,26.16,26.25,25.52,25.57,32098200,6.8
2010-01-05,25.66,25.7,25,25.13,45967500,6.68
2010-01-06,25.27,26.6,25.16,26.13,85137700,6.95
2010-01-07,26.1,26.49,25.06,25.4,53058100,6.75
2010-01-08,25.25,25.26,24.38,24.94,57715800,6.63
2010-01-11,25.37,25.48,24.2,24.45,60709800,6.5
2010-01-12,24.51,24.97,23.88,24.97,76079300,6.64
2010-01-13,24.35,24.48,23.9,24.29,90720100,6.46
2010-01-14,24.35,24.46,23.92,24.45,56917200,6.5
2010-01-15,24.5,25.21,24.41,25.09,73096900,6.67
2010-01-18,25,25.94,24.85,25.59,71911300,6.8
2010-01-19,25.75,25.79,25.18,25.23,57131900,6.71
2010-01-20,25.3,25.57,24.1,24.28,54510300,6.45
2010-01-21,24.36,24.48,23.64,23.88,84844000,6.35
2010-01-22,23.65,23.7,22.29,22.87,75984100,6.08
2010-01-25,22.7,23.3,22.6,22.9,29269400,6.09
2010-01-26,22.94,23.19,21.8,22,43087200,5.85
2010-01-27,22.05,22.29,21.38,21.75,37421700,5.78
2010-01-28,21.68,22.04,21.51,21.93,31530800,5.83
2010-01-29,21.91,22.54,21.74,22.07,39460800,5.87
2010-02-01,22.09,22.24,21.25,21.36,33031800,5.68
2010-02-02,21.91,22.88,21.91,22.06,56841200,5.86
2010-02-03,22.2,23.12,22.02,23.11,58663900,6.14
2010-02-04,22.93,23.21,22.69,22.8,39969300,6.06
2010-02-05,22.3,22.5,21.66,21.9,48242800,5.82
2010-02-08,21.85,22.35,21.8,22.26,17804900,5.92
2010-02-09,22.2,22.7,22.16,22.45,24061700,5.97
2010-02-10,22.78,22.83,22.46,22.65,16834700,6.02
2010-02-11,22.78,22.86,22.51,22.83,28205600,6.07
2010-02-12,22.93,23.46,22.73,23.35,35321700,6.21
2010-02-15,22.93,23.46,22.73,23.35,35321700,6.21
2010-02-16,22.93,23.46,22.73,23.35,35321700,6.21
2010-02-17,22.93,23.46,22.73,23.35,35321700,6.21
2010-02-18,22.93,23.46,22.73,23.35,35321700,6.21
2010-02-22,23.29,23.5,22.95,22.96,27724300,6.1
2010-02-23,23.01,23.12,22.13,22.55,33266300,5.99
2010-02-24,22.56,22.99,22.2,22.97,31770600,6.11
2010-02-25,23.02,23.88,22.91,23.67,56208500,6.29
2010-02-26,23.5,23.7,23.31,23.32,35546800,6.2
2010-03-01,23.28,23.87,23.28,23.65,33969500,6.29
2010-03-02,23.65,23.81,23.42,23.46,27994100,6.24
2010-03-03,23.45,23.76,23.43,23.63,33151800,6.28
2010-03-04,23.63,24.08,23,23.02,48538700,6.12
2010-03-05,23.07,23.2,22.8,22.83,25312800,6.07
2010-03-08,22.86,23.49,22.86,23.29,24979800,6.19
2010-03-09,23.33,23.51,22.99,23.31,27088500,6.2
2010-03-10,23.42,23.51,23.06,23.19,20863200,6.16
2010-03-11,23.22,23.37,22.9,23.1,20795100,6.14
2010-03-12,23.11,23.13,22.51,22.58,21156700,6
2010-03-15,22.55,22.68,21.78,21.95,26145800,5.83
2010-03-16,21.95,22.14,21.81,22.08,17030600,5.87
2010-03-17,22.1,22.65,21.96,22.55,34577000,5.99
2010-03-18,22.58,22.7,22.25,22.37,23147700,5.95
2010-03-19,22.41,22.69,22.05,22.55,30248900,5.99
2010-03-22,22.65,22.96,22.5,22.95,36976300,6.1
2010-03-23,23.1,23.35,22.75,22.83,29913300,6.07
2010-03-24,22.89,23.06,22.79,22.85,16081500,6.07
2010-03-25,22.8,22.8,22.34,22.39,19066400,5.95
2010-03-26,22.39,22.98,22.26,22.89,26338600,6.08
2010-03-29,22.95,23.64,22.91,23.56,57364900,6.26
2010-03-30,23.54,23.85,23.4,23.68,38513200,6.29
2010-03-31,23.7,24.05,23.58,23.65,43635700,6.29
2010-04-01,23.65,24,23.58,23.9,31807500,6.35
2010-04-02,23.95,25.42,23.95,25.1,120459100,6.67
2010-04-06,25.12,25.95,25.12,25.4,98526200,6.75
2010-04-07,25.3,25.33,24.85,24.9,35326300,6.62
2010-04-08,24.84,25.09,23.97,23.98,65776800,6.37
2010-04-09,24,24.47,23.9,24.3,35806000,6.46
2010-04-12,24.5,24.55,23.45,23.65,66570400,6.29
2010-04-13,23.68,24.09,23.3,24,55063600,6.38
2010-04-14,24.25,24.55,23.88,24.05,69643800,6.39
2010-04-15,24.06,24.5,23.57,23.98,55137300,6.37
2010-04-16,24.14,24.14,23.41,23.56,38349600,6.26
2010-04-19,23.2,23.2,21.5,21.7,140270100,5.77
2010-04-20,21.8,22.05,21.19,21.38,80188800,5.68
2010-04-21,21.46,21.95,21.2,21.78,66315000,5.79
2010-04-22,21.67,21.96,21.4,21.45,64138800,5.7
2010-04-23,21.5,21.77,21.13,21.21,61464100,5.64
2010-04-26,21.27,21.48,21.07,21.17,46677700,5.63
2010-04-27,21.15,21.15,19.89,20.02,65835000,5.32
2010-04-28,19.88,20.48,19.7,20.21,49821400,5.37
2010-04-29,20.35,20.5,20.08,20.3,32814100,5.4
2010-04-30,20.05,20.2,19.71,20.13,31606900,5.35
2010-05-04,19.83,20.11,19.27,19.4,43474200,5.16
2010-05-05,19.35,19.44,18.4,19.35,68365400,5.14
2010-05-06,19.24,19.24,17.8,17.8,92796200,4.73
2010-05-07,17.3,17.65,17,17.45,63648300,4.64
2010-05-10,17.3,18.04,17.19,17.94,56161700,4.77
2010-05-11,18.4,18.44,17.3,17.45,55143900,4.64
2010-05-12,17.4,17.86,17.22,17.75,39052400,4.72
2010-05-13,17.8,18.57,17.77,18.57,65350800,4.94
2010-05-14,18.4,18.53,18.11,18.26,43901300,4.85
2010-05-17,17.88,17.89,17.02,17.03,48440100,4.53
2010-05-18,17.03,18.27,16.9,17.97,59062600,4.78
2010-05-19,17.76,18.56,17.55,18.21,73844100,4.84
2010-05-20,18.09,19.62,18,18.99,170236800,5.05
2010-05-21,18.41,19.91,18.36,19.81,95283900,5.27
2010-05-24,19.9,20.75,19.7,20.15,104065900,5.36
2010-05-26,19.65,19.7,19.01,19.16,98390400,5.09
2010-05-27,19.18,19.62,18.72,19.52,59295700,5.19
2010-05-28,19.7,19.84,18.98,19.14,57123900,5.09
2010-05-31,18.98,19.08,18.15,18.17,63947500,4.83
2010-06-01,18.05,18.39,17.63,17.97,53199000,4.78
2010-06-02,17.85,18.39,17.77,18.39,36700800,4.89
2010-06-03,18.53,18.58,18,18,42236200,4.78
2010-06-04,17.88,18.08,17.7,18,29094600,4.78
2010-06-07,17.63,17.92,17.5,17.75,32920200,4.72
2010-06-08,17.8,18.15,17.73,18.07,30496800,4.8
2010-06-09,18.25,18.88,17.88,18.79,59575500,4.99
2010-06-10,18.63,18.9,18.4,18.53,46221400,4.93
2010-06-11,18.68,18.77,18.32,18.42,32068500,4.9
2010-06-17,18.62,18.85,18.52,18.56,27538500,4.93
2010-06-18,18.39,18.39,17.6,17.64,41419600,4.88
2010-06-21,17.51,18.5,17.5,18.41,47039400,5.09
2010-06-22,18.34,18.71,18.23,18.49,32026500,5.12
2010-06-23,18.38,18.45,17.9,18.06,35380600,5
2010-06-24,18.08,18.5,18.08,18.2,24754500,5.04
2010-06-25,18.08,18.16,17.67,17.82,23671400,4.93
2010-06-28,17.73,17.98,17.35,17.4,22966200,4.81
2010-06-29,17.47,17.6,16.5,16.58,47483700,4.59
2010-06-30,16.42,16.68,16.2,16.25,28697000,4.5
2010-07-01,16.27,16.49,15.91,15.95,27509600,4.41
2010-07-02,15.87,16.28,15.66,16.23,36504100,4.49
2010-07-05,15.98,16.85,15.87,16.64,42658200,4.6
2010-07-06,16.65,17.23,16.41,17.13,46464300,4.74
2010-07-07,18.84,18.84,18.72,18.84,398848600,5.21
2010-07-08,18.84,19.27,18.47,18.77,260007300,5.19
2010-07-09,18.84,20.25,18.63,19.76,258314100,5.47
2010-07-12,19.7,20.59,19.58,20.24,206311100,5.6
2010-07-13,19.99,20.56,19.81,20.25,160834100,5.6
2010-07-14,20.36,20.55,19.82,19.96,146180800,5.52
2010-07-15,19.85,20.5,19.75,19.87,136458100,5.5
2010-07-16,19.7,20.48,19.6,20.41,121524600,5.65
2010-07-19,20.37,22.45,20.26,21.95,229451100,6.07
2010-07-20,21.9,22.28,21.81,22.05,165210300,6.1
2010-07-21,22.08,23.22,21.96,22.35,178629900,6.18
2010-07-23,23,23,22.02,22.67,152614100,6.27
2010-07-26,22.63,22.63,22.31,22.54,97161200,6.24
2010-07-27,22.5,23.2,22.32,22.76,124439400,6.3
2010-07-28,22.7,23.18,22.52,22.99,123781300,6.36
2010-07-29,23.05,23.58,22.9,23.26,136404100,6.44
2010-07-30,23.17,23.36,22.4,22.7,161194700,6.28
2010-08-02,22.73,23.04,22.57,22.87,102562900,6.33
2010-08-03,22.94,22.94,22.11,22.16,144365700,6.13
2010-08-04,22.21,22.65,21.87,22.6,141323900,6.25
2010-08-05,22.45,22.63,22.11,22.28,90527700,6.17
2010-08-06,22.3,23.45,22.22,23.43,175388200,6.48
2010-08-09,23.48,23.56,23.04,23.25,120264700,6.43
2010-08-10,23.26,23.46,22.3,22.3,139145700,6.17
2010-08-11,22.31,22.7,22.28,22.43,84217100,6.21
2010-08-12,22.18,22.73,21.98,22.41,76430900,6.2
2010-08-13,22.45,23.26,22.22,23.11,131764400,6.39
2010-08-16,23.07,23.69,23,23.5,159244900,6.5
2010-08-17,23.58,24.27,23.43,24.25,165044500,6.71
2010-08-18,24.25,24.37,23.82,24.03,109841300,6.65
2010-08-19,24.04,25,24,24.71,157882200,6.84
2010-08-20,24.7,24.88,24.05,24.36,127360000,6.74
2010-08-23,25.2,25.6,24.52,24.84,209628300,6.87
2010-08-24,24.89,24.89,24.2,24.59,146707900,6.8
2010-08-25,24.49,24.49,23.8,24.02,147904300,6.65
2010-08-26,24.24,25.25,24.03,24.99,223868900,6.92
2010-08-27,9.91,9.98,9.65,9.8,153205300,6.78
2010-08-30,9.81,9.94,9.54,9.93,187074400,6.87
2010-08-31,9.85,10.92,9.79,10.92,405928600,7.56
2010-09-01,11.14,11.48,10.86,11.29,430904300,7.81
2010-09-02,11.3,11.82,10.98,11.51,274142300,7.97
2010-09-03,11.42,11.69,11.31,11.48,169965800,7.94
2010-09-06,11.53,11.62,11.11,11.3,167817100,7.82
2010-09-07,11.3,11.3,11.3,11.3,0,7.82
2010-09-08,11.3,11.6,11.28,11.41,142622600,7.9
2010-09-09,11.45,11.48,11.02,11.09,170072700,7.67
2010-09-10,11.06,11.1,10.52,10.85,147642800,7.51
2010-09-13,10.86,11.2,10.85,11.09,109035100,7.67
2010-09-14,11.1,11.18,10.9,10.95,93980500,7.58
2010-09-15,10.94,10.94,10.65,10.69,91792000,7.4
2010-09-16,10.69,10.74,10.23,10.39,98829500,7.19
2010-09-17,10.39,10.53,10.24,10.32,59466000,7.14
2010-09-20,10.38,10.49,10.21,10.26,56484100,7.1
2010-09-21,10.31,10.89,10.3,10.69,93816000,7.4
2010-09-22,10.69,10.69,10.69,10.69,0,7.4
2010-09-23,10.69,10.69,10.69,10.69,0,7.4
2010-09-24,10.69,10.69,10.69,10.69,0,7.4
2010-09-27,10.77,11,10.77,10.97,96077800,7.59
2010-09-28,10.98,10.98,10.53,10.67,84272600,7.38
2010-09-29,10.61,10.75,10.4,10.51,57034400,7.27
2010-09-30,10.4,10.66,10.35,10.62,47983300,7.35
2010-10-01,10.62,10.62,10.62,10.62,0,7.35
2010-10-04,10.62,10.62,10.62,10.62,0,7.35
2010-10-05,10.62,10.62,10.62,10.62,0,7.35
2010-10-06,10.62,10.62,10.62,10.62,0,7.35
2010-10-07,10.62,10.62,10.62,10.62,0,7.35
2010-10-08,10.8,10.99,10.66,10.85,103762400,7.51
2010-10-11,10.86,11.65,10.86,11.52,245671900,7.97
2010-10-12,11.54,12.66,11.39,12.43,327503700,8.6
2010-10-13,12.45,13.28,12.25,12.49,306239100,8.64
2010-10-14,12.63,12.63,12.2,12.22,224211200,8.46
2010-10-15,12.02,12.85,11.91,12.78,286108500,8.84
2010-10-18,12.92,13.5,12.6,13.17,340030300,9.11
2010-10-19,13.17,14.28,13.03,14.28,283379300,9.88
2010-10-20,13.89,15.38,13.6,15.26,416481800,10.56
2010-10-21,15.38,15.68,14.88,15.15,273472500,10.48
2010-10-22,15.13,15.98,14.8,15.7,290144200,10.87
2010-10-25,15.7,16,15.37,15.72,282409400,10.88
2010-10-26,15.68,15.68,15,15.12,238376700,10.46
2010-10-27,15.01,15.48,14.66,15.15,163483900,10.48
2010-10-28,15.01,15.22,14.75,14.78,132864900,10.23
2010-10-29,15.01,15.22,14.75,15.07,128741100,10.43
2010-11-01,15.08,15.5,14.91,15.49,209945200,10.72
2010-11-02,15.5,16.66,15.32,15.92,273282000,11.02
2010-11-03,15.89,15.98,15.35,15.36,158654200,10.63
2010-11-04,15.3,15.5,15.1,15.4,117366400,10.66
2010-11-05,15.48,15.73,15.21,15.31,107380900,10.6
2010-11-08,15.33,15.42,14.89,15.18,131152800,10.51
2010-11-09,15.19,15.29,15.07,15.14,93715500,10.48
2010-11-10,15.15,15.2,14.88,15.03,115962300,10.4
2010-11-11,14.93,15.72,14.88,15.27,185618000,10.57
2010-11-12,15.18,15.4,14,14.02,197621700,9.7
2010-11-15,14,14.29,13.8,14.19,111253900,9.82
2010-11-16,14.22,14.25,12.88,12.94,159943700,8.96
2010-11-17,12.8,12.86,12.21,12.31,115478800,8.52
2010-11-18,12.41,12.72,12.32,12.6,84153000,8.72
2010-11-19,12.8,13.23,12.32,13.23,106531700,9.16
2010-11-22,13.24,13.76,13.2,13.59,126926500,9.4
2010-11-23,13.57,13.57,12.76,12.96,106079300,8.97
2010-11-24,12.8,14.26,12.75,14.26,226489900,9.87
2010-11-25,14.7,14.9,14.3,14.5,263208300,10.03
2010-11-26,14.49,14.5,14.02,14.23,116966600,9.85
2010-11-29,14.21,15,14.1,14.88,155177700,10.3
2010-11-30,14.84,14.84,13.75,14.45,161488100,10
2010-12-01,14.35,14.42,14,14.2,68252200,9.83
2010-12-02,14.54,14.68,14.3,14.35,87920100,9.93
2010-12-03,14.33,14.33,14.06,14.23,60993300,9.85
2010-12-06,14.24,14.46,14.01,14.16,55337000,9.8
2010-12-07,14.09,14.4,13.61,14.21,73373200,9.83
2010-12-08,14.18,15.15,14.06,14.81,207969800,10.25
2010-12-09,14.7,15.02,14.59,14.66,128385500,10.15
2010-12-10,14.6,14.97,14.51,14.83,99022100,10.26
2010-12-13,15,15.5,14.9,15.36,193192200,10.63
2010-12-14,15.4,15.5,15.16,15.37,138596900,10.64
2010-12-15,15.4,15.47,15.1,15.12,114239100,10.46
2010-12-16,15.13,15.35,14.96,15.02,90270900,10.39
2010-12-17,14.9,15.02,14.8,14.86,63948400,10.28
2010-12-20,14.86,14.99,14,14.39,120988600,9.96
2010-12-21,14.4,14.68,14.29,14.6,64318800,10.1
2010-12-22,14.6,14.66,14.37,14.41,55904200,9.97
2010-12-23,14.41,14.45,14.1,14.12,59757200,9.77
2010-12-24,14.19,14.39,14.08,14.15,44875000,9.79
2010-12-27,14.15,14.77,14.04,14.2,86311600,9.83
2010-12-28,14.14,14.15,13.58,13.62,68216800,9.43
2010-12-29,13.61,13.74,13.49,13.68,39826100,9.47
2010-12-30,13.7,13.95,13.55,13.79,45052700,9.54
2010-12-31,13.85,14.18,13.82,14.14,45326900,9.79
2011-01-04,14.17,14.27,14,14.2,59728700,9.83
2011-01-05,14.2,14.86,14.16,14.75,117569600,10.21
2011-01-06,14.7,14.83,14.3,14.33,71930400,9.92
2011-01-07,14.33,14.39,14.1,14.18,48161400,9.81
2011-01-10,14.18,14.18,13.85,13.88,44990300,9.61
2011-01-11,13.87,13.89,13.68,13.81,32905100,9.56
2011-01-12,13.9,13.98,13.63,13.76,28069700,9.52
2011-01-13,13.83,13.89,13.76,13.8,22787600,9.55
2011-01-14,13.79,13.79,13.54,13.57,30796100,9.39
2011-01-17,13.45,13.45,12.7,12.81,60694400,8.87
2011-01-18,12.81,12.85,12.51,12.73,35410400,8.81
2011-01-19,12.8,13.29,12.7,13.28,44394900,9.19
2011-01-20,13.29,13.29,12.62,12.63,46936400,8.74
2011-01-21,12.63,13.15,12.6,12.84,36246800,8.89
2011-01-24,12.92,13.07,12.73,12.77,26376500,8.84
2011-01-25,12.77,12.87,12.69,12.75,18223400,8.82
2011-01-26,12.83,13.06,12.81,13.04,28457000,9.02
2011-01-27,13.03,13.5,12.85,13.34,51815900,9.23
2011-01-28,13.34,14,13.22,13.83,88833000,9.57
2011-01-31,13.79,14.15,13.61,13.91,70882700,9.63
2011-02-01,13.88,13.99,13.59,13.63,39610600,9.43
2011-02-09,13.53,13.84,13.32,13.34,43341200,9.23
2011-02-10,13.27,13.59,13.02,13.54,46450900,9.37
2011-02-11,13.5,13.95,13.4,13.74,83146600,9.51
2011-02-14,13.83,14.4,13.83,14.23,127619100,9.85
2011-02-15,14.33,14.44,14.08,14.1,94377100,9.76
2011-02-16,14.09,15.06,14,15.05,210680800,10.42
2011-02-17,15.03,15.16,14.65,15.02,171865100,10.39
2011-02-18,14.96,14.96,14.48,14.57,101114100,10.08
2011-02-21,14.4,15.04,14.36,14.94,112434600,10.34
2011-02-22,14.96,14.99,14.41,14.5,106118700,10.03
2011-02-23,14.43,14.56,14.13,14.38,78143200,9.95
2011-02-24,14.35,14.45,14.1,14.34,52596300,9.92
2011-02-25,14.36,14.61,14.32,14.52,57833800,10.05
2011-02-28,14.51,15.34,14.48,15.2,212110100,10.52
2011-03-01,15.2,15.3,14.83,15.01,158002900,10.39
2011-03-02,14.9,15.27,14.58,15.19,129498900,10.51
2011-03-03,15.16,15.19,14.78,14.83,92699400,10.26
2011-03-04,14.83,15.26,14.78,15,109822800,10.38
2011-03-07,15.04,15.48,14.9,15.34,200390800,10.62
2011-03-08,15.36,15.54,15.22,15.51,148706800,10.73
2011-03-09,15.51,16.06,15.45,15.79,211135800,10.93
2011-03-10,15.8,16,15.56,15.56,139737900,10.77
2011-03-11,15.47,15.8,15.29,15.38,119800000,10.64
2011-03-14,15.35,15.66,15.32,15.49,93471600,10.72
2011-03-15,15.46,15.46,14.71,14.93,129699700,10.33
2011-03-16,15.02,15.12,14.81,15,75806400,10.38
2011-03-17,14.85,14.9,14.6,14.64,71836800,10.13
2011-03-18,14.85,15.18,14.68,15.09,74127400,10.44
2011-03-21,15.06,15.26,14.94,15.11,92261600,10.46
2011-03-22,15.15,15.24,14.8,15.04,64157700,10.41
2011-03-23,15.05,15.48,14.9,15.4,116043900,10.66
2011-03-24,15.39,15.52,15.22,15.24,75721700,10.55
2011-03-25,15.24,15.58,15.24,15.4,91325100,10.66
2011-03-28,15.56,16.08,15.56,15.77,182792700,10.91
2011-03-29,15.9,16.06,15.41,15.45,113376800,10.69
2011-03-30,15.45,15.85,15.45,15.61,82015800,10.8
2011-03-31,15.63,15.85,15.34,15.46,69454800,10.7
2011-04-01,15.43,15.8,15.42,15.78,82811000,10.92
2011-04-06,15.8,16.33,15.8,16.28,228519900,11.27
2011-04-07,16.35,17.18,16.34,17.02,238120500,11.78
2011-04-08,17.1,17.1,16.77,16.98,137478700,11.75
2011-04-11,17.06,17.64,16.88,16.95,161315000,11.73
2011-04-12,16.95,17.24,16.7,16.8,120744600,11.63
2011-04-13,16.75,17.01,16.53,16.9,87027100,11.7
2011-04-14,16.93,17.13,16.7,16.72,66808000,11.57
2011-04-15,16.58,16.93,16.28,16.47,90392500,11.4
2011-04-18,16.5,16.64,16.01,16.36,94359200,11.32
2011-04-19,16.25,16.6,16.01,16.24,71916200,11.24
2011-04-20,16.3,16.36,15.88,16.14,74148700,11.17
2011-04-21,16.2,16.58,16.18,16.48,81363200,11.4
2011-04-22,16.5,16.85,16.3,16.42,71136300,11.36
2011-04-25,16.29,16.29,15.6,15.73,96946900,10.89
2011-04-26,15.7,15.7,15.15,15.32,74457300,10.6
2011-04-27,15.45,15.75,15.28,15.45,54532700,10.69
2011-04-28,15.55,15.62,14.83,14.84,76916400,10.27
2011-04-29,14.9,15.3,14.84,15.29,49056200,10.58
2011-05-03,15.38,15.57,15.24,15.52,46663500,10.74
2011-05-04,15.42,15.49,14.92,15.08,52118700,10.44
2011-05-05,15.08,15.08,14.5,14.62,104460600,10.12
2011-05-06,14.5,14.61,14.1,14.43,65974000,9.99
2011-05-09,14.52,14.79,14.52,14.66,58454300,10.15
2011-05-10,14.7,14.73,14.53,14.69,28634700,10.17
2011-05-11,14.7,14.89,14.63,14.72,40533900,10.19
2011-05-12,14.58,14.64,14.21,14.24,52160000,9.85
2011-05-13,14.22,14.49,14,14.49,48084900,10.03
2011-05-16,14.4,14.43,14.11,14.14,40454200,9.79
2011-05-17,14.13,14.63,14.07,14.55,57190600,10.07
2011-05-18,14.38,14.68,14.33,14.61,38709100,10.11
2011-05-19,14.69,14.74,14.43,14.46,28032500,10.01
2011-05-20,14.46,14.49,14.21,14.25,28405300,9.86
2011-05-23,14.29,14.32,13.66,13.71,58638300,9.49
2011-05-24,13.67,13.71,13.45,13.66,36564600,9.45
2011-05-25,13.66,13.89,13.55,13.61,32252800,9.42
2011-05-26,13.72,13.87,13.62,13.64,26776000,9.44
2011-05-27,13.64,13.82,13.55,13.6,25544600,9.41
2011-05-30,13.58,13.72,13.41,13.5,23605900,9.34
2011-05-31,13.5,14.6,13.5,14.3,54162900,9.9
2011-06-01,14.31,14.38,14.1,14.22,38013400,9.84
2011-06-02,13.99,14.2,13.75,13.94,35266000,9.65
2011-06-07,14.25,14.32,14.07,14.15,35996700,9.79
2011-06-08,14.14,14.27,13.95,14.2,37769500,9.83
2011-06-09,14.2,14.2,13.76,13.81,28906400,9.56
2011-06-10,13.74,14.05,13.73,14.03,26947900,9.71
2011-06-13,13.9,14.24,13.75,14.12,29940300,9.77
2011-06-14,14.12,14.62,14.05,14.47,58733900,10.01
2011-06-15,14.43,14.8,14.38,14.4,67222500,9.97
2011-06-16,14.25,14.65,14.2,14.34,42494500,9.92
2011-06-17,14.34,14.7,14.3,14.46,55055100,10.01
2011-06-20,14.46,14.56,14.12,14.2,30640900,9.83
2011-06-21,14.25,15.01,14.25,14.63,47075000,10.12
2011-06-22,14.7,14.9,14.63,14.76,48533000,10.21
2011-06-23,14.7,15.33,14.64,15.25,104711700,10.55
2011-06-24,15.25,15.59,15.2,15.34,131458100,10.62
2011-06-27,15.33,15.58,15.15,15.28,67156200,10.57
2011-06-28,15.29,15.65,15.02,15.57,79792400,10.78
2011-06-29,15.51,15.62,15.23,15.23,60359600,10.54
2011-06-30,15.21,15.58,15.21,15.38,72217600,10.64
2011-07-01,15.5,15.63,15.33,15.48,75200300,10.71
2011-07-04,15.58,15.93,15.45,15.88,86633500,10.99
2011-07-05,15.9,15.93,15.61,15.75,53616400,10.9
2011-07-06,15.73,15.73,15.49,15.58,43803900,10.78
2011-07-07,15.58,15.82,15.29,15.3,76131100,10.59
2011-07-08,15.49,15.75,15.45,15.55,60480400,10.76
2011-07-11,15.62,16.39,15.62,16.14,106551200,11.17
2011-07-12,16,16.16,15.81,16.09,69740200,11.14
2011-07-13,16.09,16.36,15.97,16.22,65864300,11.23
2011-07-14,16.3,16.38,16.12,16.24,80035700,11.24
2011-07-15,12.47,12.56,12.16,12.26,110920700,11.24
2011-07-18,12.3,12.45,12.26,12.33,74139200,11.3
2011-07-19,12.31,12.31,12.16,12.23,60675900,11.21
2011-07-20,12.33,12.38,12.1,12.28,58728000,11.26
2011-07-21,12.27,12.29,12.09,12.1,45091600,11.09
2011-07-22,12.11,12.19,12.04,12.08,42537400,11.08
2011-07-25,12,12.02,11.6,11.71,79459400,10.74
2011-07-26,11.7,11.76,11.54,11.7,47063400,10.73
2011-07-27,11.66,11.8,11.56,11.78,35723200,10.8
2011-07-28,11.65,11.65,11.39,11.49,56223000,10.53
2011-07-29,11.5,11.7,11.49,11.55,40460100,10.59
2011-08-01,11.56,11.66,11.51,11.63,28403100,10.66
2011-08-02,11.63,11.65,11.43,11.58,30613100,10.62
2011-08-03,11.44,11.64,11.4,11.52,24929100,10.56
2011-08-04,11.57,11.69,11.57,11.59,29744800,10.63
2011-08-05,11.2,11.46,11.1,11.39,39580600,10.44
2011-08-08,11.19,11.27,10.4,10.74,76005500,9.85
2011-08-09,10.4,10.75,10.1,10.68,62681700,9.79
2011-08-10,10.93,11.05,10.73,10.74,46590800,9.85
2011-08-11,10.44,10.78,10.3,10.74,54242300,9.85
2011-08-12,10.85,11.07,10.81,10.92,54542500,10.01
2011-08-15,10.99,11.34,10.91,11.32,57822800,10.38
2011-08-16,11.4,11.41,11.13,11.17,43612300,10.24
2011-08-17,11.12,11.29,11.1,11.12,22569300,10.2
2011-08-18,11.12,11.23,10.86,10.9,36445600,9.99
2011-08-19,10.64,10.79,10.51,10.7,47635300,9.81
2011-08-22,10.66,10.77,10.46,10.49,29775800,9.62
2011-08-23,10.59,10.65,10.46,10.64,18696400,9.76
2011-08-24,10.75,10.83,10.56,10.59,21977500,9.71
2011-08-25,10.59,10.92,10.52,10.92,48380400,10.01
2011-08-26,10.85,10.89,10.7,10.8,32037700,9.9
2011-08-29,10.74,10.74,10.52,10.56,35574000,9.68
2011-08-30,10.69,10.76,10.57,10.61,30845600,9.73
2011-08-31,10.67,10.73,10.58,10.7,25561700,9.81
2011-09-01,10.77,10.78,10.6,10.63,21597200,9.75
2011-09-02,10.6,10.72,10.51,10.58,22347200,9.7
2011-09-05,10.45,10.45,10.18,10.2,35752700,9.35
2011-09-06,10.15,10.17,10.06,10.09,27609500,9.25
2011-09-07,10.11,10.31,10.09,10.29,33831400,9.43
2011-09-08,10.36,10.39,10.15,10.16,25003200,9.32
2011-09-09,10.15,10.26,10.03,10.05,25201100,9.21
2011-09-13,9.8,10.04,9.65,9.95,33988900,9.12
2011-09-14,9.98,10.03,9.69,9.97,32273500,9.14
2011-09-15,9.95,10.03,9.91,9.92,30557200,9.1
2011-09-16,10,10.05,9.96,10.02,55199500,9.19
2011-09-19,9.98,10.02,9.77,9.83,20238800,9.01
2011-09-20,9.8,10.26,9.68,10.01,40257100,9.18
2011-09-21,10.02,10.56,9.93,10.36,72215100,9.5
2011-09-22,10.25,10.27,9.93,9.94,45549300,9.11
2011-09-23,9.7,9.94,9.66,9.8,33780500,8.99
2011-09-26,9.78,9.9,9.6,9.61,29432700,8.81
2011-09-27,9.7,9.76,9.62,9.72,27148200,8.91
2011-09-28,9.79,9.87,9.6,9.62,26770700,8.82
2011-09-29,9.6,9.74,9.56,9.61,21258400,8.81
2011-09-30,9.68,9.71,9.49,9.51,22773200,8.72
2011-10-10,9.51,9.65,9.47,9.49,17635700,8.7
2011-10-12,9.45,9.99,9.45,9.89,54763700,9.07
2011-10-13,9.91,10.2,9.84,10.02,49346500,9.19
2011-10-14,9.94,10.05,9.89,9.95,28604200,9.12
2011-10-17,9.93,10.1,9.91,9.95,29317500,9.12
2011-10-18,9.91,9.91,9.57,9.58,33970800,8.78
2011-10-19,9.59,9.68,9.44,9.5,22645200,8.71
2011-10-20,9.45,9.46,9.1,9.17,32641100,8.41
2011-10-21,9.23,9.25,9,9.03,23601500,8.28
2011-10-24,9.07,9.2,8.9,9.17,26979900,8.41
2011-10-25,9.18,9.42,9.1,9.36,33196400,8.58
2011-10-26,9.27,9.78,9.23,9.51,58865000,8.72
2011-10-27,9.54,9.69,9.51,9.55,30952100,8.76
2011-10-28,9.74,9.9,9.62,9.71,42188200,8.9
2011-10-31,9.71,9.85,9.66,9.76,36663200,8.95
2011-11-01,9.64,9.85,9.6,9.72,31106100,8.91
2011-11-02,9.58,9.78,9.48,9.77,42978300,8.96
2011-11-03,9.79,10.08,9.79,9.97,76917700,9.14
2011-11-04,10.03,10.08,9.86,9.95,37719500,9.12
2011-11-07,9.95,9.95,9.76,9.77,30696400,8.96
2011-11-08,9.77,9.85,9.7,9.72,20264800,8.91
2011-11-09,9.77,9.86,9.67,9.82,24051500,9
2011-11-10,9.7,9.74,9.56,9.56,30289000,8.77
2011-11-11,9.6,9.64,9.45,9.48,19924200,8.69
2011-11-14,9.58,9.7,9.53,9.65,22699600,8.85
2011-11-15,9.67,9.7,9.59,9.62,19503500,8.82
2011-11-16,9.64,9.65,9.22,9.26,44065800,8.49
2011-11-17,9.28,9.36,9.18,9.2,23025500,8.43
2011-11-18,9.12,9.16,8.97,9.01,33882700,8.26
2011-11-21,9.02,9.07,8.97,9.07,21447100,8.32
2011-11-22,9,9.06,8.87,8.99,23051600,8.24
2011-11-23,9,9.05,8.83,8.91,26265500,8.17
2011-11-24,8.83,8.99,8.72,8.9,27654200,8.16
2011-11-25,8.85,8.86,8.65,8.71,21088700,7.99
2011-11-28,8.71,8.76,8.38,8.45,42262300,7.75
2011-11-29,8.52,8.57,8.42,8.55,21290400,7.84
2011-11-30,8.53,8.54,8.13,8.17,35869000,7.49
2011-12-01,8.45,8.51,8.3,8.31,45415300,7.62
2011-12-02,8.27,8.28,8.11,8.16,20651100,7.48
2011-12-05,8.18,8.19,7.73,7.8,39228700,7.15
2011-12-06,7.8,7.95,7.7,7.9,27923400,7.24
2011-12-07,7.86,7.96,7.82,7.87,16452200,7.22
2011-12-08,7.9,8,7.72,7.89,19328500,7.23
2011-12-09,7.8,7.95,7.78,7.86,13245800,7.21
2011-12-12,7.86,7.9,7.74,7.78,13312600,7.13
2011-12-13,7.74,7.83,7.66,7.68,20070100,7.04
2011-12-14,7.68,7.74,7.55,7.56,18636800,6.93
2011-12-15,7.56,7.57,7.1,7.19,33685400,6.59
2011-12-16,7.22,7.51,7.16,7.51,39888300,6.89
2011-12-19,7.45,7.47,7.18,7.43,27416200,6.81
2011-12-20,7.37,7.56,7.33,7.47,26748000,6.85
2011-12-21,7.51,7.59,7.26,7.27,21562700,6.67
2011-12-22,7.2,7.45,7.03,7.33,27903300,6.72
2011-12-23,7.34,7.86,7.25,7.59,48731500,6.96
2011-12-26,7.55,7.69,7.5,7.54,19837800,6.91
2011-12-27,7.52,7.64,7.44,7.47,18353200,6.85
2011-12-28,7.45,7.59,7.31,7.56,21699400,6.93
2011-12-29,7.53,7.66,7.5,7.6,25337500,6.97
2011-12-30,7.65,7.76,7.61,7.69,20731100,7.05
2012-01-02,7.65,7.76,7.61,7.69,20731100,7.05
2012-01-03,7.65,7.76,7.61,7.69,20731100,7.05
2012-01-04,7.78,7.88,7.55,7.55,30902100,6.92
2012-01-05,7.51,7.56,7.2,7.3,23793100,6.69
2012-01-06,7.3,7.36,7.15,7.29,21296200,6.68
2012-01-09,7.33,7.67,7.26,7.66,34850800,7.02
2012-01-10,7.67,8.29,7.64,8.17,78064400,7.49
2012-01-11,8.2,8.39,8.04,8.3,68992300,7.61
2012-01-12,8.24,8.46,8.18,8.24,49905500,7.55
2012-01-13,8.25,8.31,7.9,8.12,48703100,7.44
2012-01-16,8.11,8.6,8.02,8.39,75910900,7.69
2012-01-17,8.39,9.1,8.38,8.98,88938000,8.23
2012-01-18,9.18,9.22,8.77,8.98,68647600,8.23
2012-01-19,8.96,9.18,8.88,9.03,39036900,8.28
2012-01-20,9.03,9.45,8.98,9.28,64422400,8.51
2012-01-23,9.28,9.28,9.28,9.28,0,8.51
2012-01-24,9.28,9.28,9.28,9.28,0,8.51
2012-01-25,9.28,9.28,9.28,9.28,0,8.51
2012-01-26,9.28,9.28,9.28,9.28,0,8.51
2012-01-27,9.28,9.28,9.28,9.28,0,8.51
2012-01-30,9.31,9.42,9.1,9.26,48002700,8.49
2012-01-31,9.28,9.4,8.98,9.11,45321700,8.35
2012-02-01,9.11,9.11,8.66,8.71,59138900,7.99
2012-02-02,8.71,9.02,8.65,9.02,48583700,8.27
2012-02-03,9,9.11,8.84,9.01,35450800,8.26
2012-02-06,9.08,9.1,8.91,8.96,27003900,8.21
2012-02-07,8.92,8.92,8.71,8.8,26159800,8.07
2012-02-08,8.8,9.25,8.77,9.13,36451500,8.37
2012-02-09,9.15,9.2,9,9.09,33108700,8.33
2012-02-10,9.09,9.46,9.05,9.31,69792400,8.54
2012-02-13,9.17,9.39,9.05,9.24,32987500,8.47
2012-02-14,9.2,9.34,9.1,9.17,28669300,8.41
2012-02-15,9.17,9.29,9.1,9.27,30064700,8.5
2012-02-16,9.23,9.36,9.11,9.14,32381000,8.38
2012-02-17,9.21,9.26,9.06,9.12,21492000,8.36
2012-02-20,9.28,9.32,9.18,9.19,37116200,8.43
2012-02-21,9.19,9.23,9.09,9.22,25232900,8.45
2012-02-22,9.23,9.38,9.18,9.34,49989300,8.56
2012-02-23,9.35,9.65,9.35,9.54,66764500,8.75
2012-02-24,9.57,9.84,9.43,9.79,73317200,8.98
2012-02-27,9.81,9.94,9.71,9.71,59048800,8.9
2012-02-28,9.69,9.72,9.5,9.66,51637500,8.86
2012-02-29,9.63,9.78,9.59,9.6,44275200,8.8
2012-03-01,9.58,9.72,9.55,9.65,36417000,8.85
2012-03-02,9.66,9.93,9.66,9.91,57431200,9.09
2012-03-05,9.93,10.33,9.93,10.19,75777500,9.34
2012-03-06,10.18,10.19,9.84,9.85,60575400,9.03
2012-03-07,9.72,9.99,9.62,9.74,42500400,8.93
2012-03-08,9.77,9.96,9.72,9.82,40149600,9
2012-03-09,9.86,9.97,9.84,9.94,31618800,9.11
2012-03-12,9.95,10.06,9.77,9.84,33125500,9.02
2012-03-13,9.88,9.9,9.73,9.85,35801300,9.03
2012-03-14,9.92,10.16,9.51,9.55,120498800,8.76
2012-03-15,9.55,9.66,9.25,9.65,67576900,8.85
2012-03-16,9.69,9.88,9.56,9.74,52830900,8.93
2012-03-19,9.75,9.76,9.52,9.7,36382500,8.89
2012-03-20,9.68,9.68,9.47,9.5,37439800,8.71
2012-03-21,9.53,9.63,9.33,9.39,29754100,8.61
2012-03-22,9.37,9.5,9.31,9.34,25650200,8.56
2012-03-23,9.32,9.33,9.02,9.08,43191400,8.32
2012-03-26,9.07,9.25,9.06,9.19,27288400,8.43
2012-03-27,9.24,9.32,9.09,9.1,20830900,8.34
2012-03-28,9.07,9.14,8.8,8.82,28962400,8.09
2012-03-29,8.8,8.8,8.42,8.58,27416700,7.87
2012-03-30,8.51,8.72,8.51,8.66,19252800,7.94
2012-04-02,8.66,8.66,8.66,8.66,0,7.94
2012-04-03,8.66,8.66,8.66,8.66,0,7.94
2012-04-04,8.66,8.66,8.66,8.66,0,7.94
2012-04-05,8.68,9.25,8.68,9.22,66012300,8.45
2012-04-06,9.25,9.47,9.18,9.26,46620100,8.49
2012-04-09,9.23,9.71,9.21,9.48,60263900,8.69
2012-04-10,9.44,9.65,9.28,9.64,47615100,8.84
2012-04-11,9.52,9.83,9.49,9.57,59954600,8.77
2012-04-12,9.59,9.75,9.55,9.73,42405300,8.92
2012-04-13,9.73,9.92,9.73,9.88,68229300,9.06
2012-04-16,9.82,9.94,9.78,9.85,37545300,9.03
2012-04-17,9.85,9.94,9.53,9.53,40378700,8.74
2012-04-18,9.6,9.99,9.59,9.97,76145000,9.14
2012-04-19,9.95,10.03,9.87,9.92,42392900,9.1
2012-04-20,9.92,10.01,9.79,9.86,45964700,9.04
2012-04-23,9.84,10.13,9.84,10,59477100,9.17
2012-04-24,9.94,10.1,9.68,9.93,57676600,9.1
2012-04-25,9.85,9.99,9.81,9.98,32815300,9.15
2012-04-26,10,10.16,9.99,10.09,57577500,9.25
2012-04-27,10.1,10.13,9.9,9.91,41611400,9.09
2012-04-30,9.91,9.91,9.91,9.91,0,9.09
2012-05-01,9.91,9.91,9.91,9.91,0,9.09
2012-05-02,10.13,10.36,10.12,10.24,97817200,9.39
2012-05-03,10.3,10.5,10.24,10.48,82089800,9.61
2012-05-04,10.47,10.53,10.32,10.43,46170300,9.56
2012-05-07,10.4,10.53,10.34,10.47,59887100,9.6
2012-05-08,10.45,10.45,10.12,10.37,63038200,9.51
2012-05-09,10.25,10.26,10.08,10.08,40728800,9.24
2012-05-10,10.06,10.21,9.99,10.02,36114200,9.19
2012-05-11,10.05,10.15,9.91,9.93,39185900,9.1
2012-05-14,10.02,10.17,9.88,9.91,42437400,9.09
2012-05-15,9.85,10.05,9.81,10,35946600,9.17
2012-05-16,10,10,9.65,9.69,46339100,8.88
2012-05-17,9.68,9.9,9.64,9.87,32821500,9.05
2012-05-18,9.77,9.81,9.51,9.61,30317500,8.81
2012-05-21,9.62,9.82,9.54,9.61,35892700,8.81
2012-05-22,9.7,10.36,9.7,10.3,99001700,9.44
2012-05-23,10.25,10.42,10.06,10.31,78217100,9.45
2012-05-24,10.31,10.75,10.31,10.48,105266000,9.61
2012-05-25,10.42,10.52,10.37,10.4,51193700,9.54
2012-05-28,10.39,11.19,10.33,11.15,158645700,10.22
2012-05-29,11.14,11.28,11,11.14,132278700,10.21
2012-05-30,11.1,11.22,10.99,11.03,66268200,10.11
2012-05-31,10.91,11,10.81,10.85,62658000,9.95
2012-06-01,10.85,11.21,10.81,11,71065400,10.09
2012-06-04,10.73,10.96,10.61,10.61,59816700,9.73
2012-06-05,10.6,10.75,10.33,10.48,58217100,9.61
2012-06-06,10.51,10.75,10.5,10.6,37121800,9.72
2012-06-07,10.79,10.83,10.52,10.58,28851400,9.7
2012-06-08,10.8,10.86,10.64,10.7,55063000,9.81
2012-06-11,10.7,10.95,10.7,10.89,55167900,9.98
2012-06-12,10.84,11.02,10.81,10.9,46234200,9.99
2012-06-13,10.94,11.07,10.89,11.04,42099400,10.12
2012-06-14,11.05,11.08,10.76,10.76,33399500,9.87
2012-06-15,10.82,10.86,10.29,10.52,59216500,9.65
2012-06-18,10.63,10.78,10.52,10.71,26062600,9.82
2012-06-19,10.7,10.7,10.34,10.39,32479300,9.53
2012-06-20,10.41,10.49,10.3,10.33,20193500,9.47
2012-06-21,10.33,10.4,10.11,10.38,27851900,9.52
2012-06-22,10.38,10.38,10.38,10.38,0,9.52
2012-06-25,10.28,10.45,10.12,10.2,31012300,9.35
2012-06-26,10.09,10.16,9.83,10.01,25987100,9.18
2012-06-27,10,10.18,9.93,10.01,23580900,9.18
2012-06-28,10.03,10.18,10,10.03,20848700,9.2
2012-06-29,10.03,10.03,10.03,10.03,0,9.2
2012-07-02,10.25,10.38,10.1,10.18,26048600,9.33
2012-07-03,10.18,10.24,9.77,9.85,64300300,9.03
2012-07-04,9.85,9.9,9.29,9.49,53096900,8.7
2012-07-05,9.45,9.45,9.03,9.24,42537600,8.47
2012-07-06,9.31,9.75,9.29,9.7,49147900,8.89
2012-07-09,9.6,9.93,9.5,9.52,41322700,8.73
2012-07-10,9.49,9.8,9.42,9.7,33388500,8.89
2012-07-11,9.7,10.2,9.66,10.04,46048300,9.21
2012-07-12,10.05,10.2,9.88,10.15,40862900,9.31
2012-07-13,10.15,10.55,10.1,10.34,39688200,9.48
2012-07-16,10.35,10.4,9.95,10.17,42632400,9.32
2012-07-17,10.14,10.24,10.01,10.09,15858300,9.25
2012-07-18,10.09,10.18,9.69,10.04,28963100,9.21
2012-07-19,9.98,10.19,9.82,10,27115400,9.17
2012-07-20,9.97,9.97,9.29,9.36,52706100,8.58
2012-07-23,9.31,9.32,9.03,9.1,42903700,8.34
2012-07-24,9.09,9.23,9.05,9.12,31104800,8.36
2012-07-25,9.1,9.15,9.02,9.11,23768300,8.35
2012-07-26,9.12,9.32,9.07,9.16,25169700,8.4
2012-07-27,9.16,9.42,9.16,9.39,33220900,8.61
2012-07-30,9.42,9.86,9.42,9.59,50499100,8.79
2012-07-31,9.62,9.82,9.59,9.6,35911500,8.8
2012-08-01,9.58,10,9.56,9.91,43077600,9.09
2012-08-02,9.95,10.03,9.75,9.86,31866700,9.04
2012-08-03,9.75,9.75,9.47,9.63,26640000,9.04
2012-08-06,9.68,9.9,9.55,9.82,31866000,9.21
2012-08-07,9.84,10,9.7,9.86,31382800,9.25
2012-08-08,9.84,9.9,9.69,9.72,28691300,9.12
2012-08-09,9.71,9.9,9.63,9.86,34816200,9.25
2012-08-10,9.86,9.92,9.74,9.81,17203900,9.2
2012-08-13,9.79,9.79,9.11,9.25,63763300,8.68
2012-08-14,9.25,9.4,9.15,9.38,37571500,8.8
2012-08-15,9.33,9.34,9.22,9.24,21452800,8.67
2012-08-16,9.25,9.33,9.22,9.3,19896700,8.73
2012-08-17,9.28,9.31,9.11,9.21,23283100,8.64
2012-08-20,9.13,9.13,8.78,8.9,58554000,8.35
2012-08-21,8.9,9.07,8.88,8.93,33484300,8.38
2012-08-22,8.98,9.02,8.88,9,32882500,8.44
2012-08-23,9.02,9.04,8.83,8.95,30238100,8.4
2012-08-24,8.9,8.91,8.35,8.38,74881800,7.86
2012-08-27,8.37,8.37,7.97,8.07,64425700,7.57
2012-08-28,8.07,8.15,8,8.12,22844300,7.62
2012-08-29,8.1,8.1,7.99,8.03,20440000,7.53
2012-08-30,7.89,8.14,7.89,8.12,25816300,7.62
2012-08-31,8.38,8.48,8.08,8.13,53482300,7.63
2012-09-03,8.17,8.35,8.05,8.27,41145900,7.76
2012-09-04,8.3,8.35,7.83,7.96,82545300,7.47
2012-09-05,7.91,7.94,7.71,7.86,37439700,7.37
2012-09-06,7.91,8.13,7.9,8,39943000,7.51
2012-09-07,8.19,8.8,8.19,8.8,140935300,8.26
2012-09-10,8.96,9.2,8.86,9,168139500,8.44
2012-09-11,8.9,8.91,8.64,8.85,69542800,8.3
2012-09-12,8.91,9.01,8.77,9,55230600,8.44
2012-09-13,8.95,8.98,8.7,8.74,52883900,8.2
2012-09-14,8.82,8.9,8.6,8.78,54233600,8.24
2012-09-17,8.71,8.71,8.19,8.21,73262400,7.7
2012-09-18,8.29,8.31,8.11,8.21,43106200,7.7
2012-09-19,8.28,8.36,8.2,8.27,38378500,7.76
2012-09-20,8.29,8.29,7.98,8,53077000,7.51
2012-09-21,8,8.14,7.95,8.04,29513300,7.54
2012-09-24,7.94,8.36,7.88,8.31,52071100,7.8
2012-09-25,8.41,8.41,8.21,8.22,27082100,7.71
2012-09-26,8.22,8.25,8.06,8.11,24183000,7.61
2012-09-27,8.11,8.45,8.08,8.43,59301000,7.91
2012-09-28,8.41,8.67,8.35,8.62,74818100,8.09
2012-10-01,8.62,8.62,8.62,8.62,0,8.09
2012-10-02,8.62,8.62,8.62,8.62,0,8.09
2012-10-03,8.62,8.62,8.62,8.62,0,8.09
2012-10-04,8.62,8.62,8.62,8.62,0,8.09
2012-10-05,8.62,8.62,8.62,8.62,0,8.09
2012-10-08,8.61,8.7,8.42,8.49,35308200,7.97
2012-10-09,8.43,8.78,8.43,8.73,52593300,8.19
2012-10-10,8.7,8.75,8.64,8.73,43610400,8.19
2012-10-11,8.76,8.85,8.58,8.59,40373600,8.06
2012-10-12,8.69,8.76,8.5,8.62,26392000,8.09
2012-10-15,8.68,8.7,8.5,8.65,27415800,8.12
2012-10-16,8.68,8.74,8.58,8.61,25421900,8.08
2012-10-17,8.66,8.67,8.46,8.61,25691400,8.08
2012-10-18,8.64,8.92,8.62,8.87,66577600,8.32
2012-10-19,8.88,9.25,8.87,9,69266300,8.44
2012-10-22,8.91,9.14,8.89,9.07,38875000,8.51
2012-10-23,9.1,9.1,8.94,8.95,27816200,8.4
2012-10-24,8.88,9.01,8.81,8.91,21258700,8.36
2012-10-25,8.96,8.99,8.78,8.78,21936300,8.24
2012-10-26,8.73,8.79,8.38,8.45,41826600,7.93
2012-10-29,8.43,8.43,8.32,8.36,23242700,7.84
2012-10-30,8.35,8.53,8.35,8.48,20511200,7.96
2012-10-31,8.53,8.56,8.33,8.39,31038500,7.87
2012-11-01,8.39,8.66,8.39,8.64,45114400,8.11
2012-11-02,8.63,8.71,8.57,8.66,28664500,8.13
2012-11-05,8.65,8.8,8.6,8.78,36837600,8.24
2012-11-06,8.75,8.76,8.54,8.69,27845200,8.15
2012-11-07,8.67,8.72,8.51,8.56,25192300,8.03
2012-11-08,8.46,8.47,8.25,8.27,40116300,7.76
2012-11-09,8.25,8.34,8.17,8.22,30797700,7.71
2012-11-12,8.27,8.29,8.16,8.27,30277100,7.76
2012-11-13,8.21,8.22,8.07,8.16,28503700,7.66
2012-11-14,8.14,8.19,8.08,8.15,21750600,7.65
2012-11-15,8.1,8.21,8.04,8.12,20016100,7.62
2012-11-16,8.13,8.15,8.03,8.13,22410700,7.63
2012-11-19,8.13,8.26,8.06,8.21,24037300,7.7
2012-11-20,8.26,8.29,8.07,8.12,23216000,7.62
2012-11-21,8.11,8.25,8.09,8.24,17569900,7.73
2012-11-22,8.22,8.24,8.11,8.15,17687200,7.65
2012-11-23,8.19,8.23,8.13,8.17,15136900,7.67
2012-11-26,8.15,8.17,7.98,8.02,34353000,7.52
2012-11-27,7.99,8.02,7.92,7.94,21600500,7.45
2012-11-28,7.94,7.98,7.89,7.9,23249300,7.41
2012-11-29,7.96,8.04,7.9,7.9,19604900,7.41
2012-11-30,7.88,8.07,7.86,7.95,34821300,7.46
2012-12-03,7.96,8.06,7.83,7.86,27397100,7.37
2012-12-04,7.84,8.03,7.82,7.99,23576100,7.5
2012-12-05,8.01,8.69,7.95,8.47,86031900,7.95
2012-12-06,8.46,8.48,8.35,8.35,53830700,7.83
2012-12-07,8.36,8.66,8.32,8.56,96942200,8.03
2012-12-10,8.58,8.72,8.55,8.63,66414800,8.1
2012-12-11,8.56,8.65,8.5,8.54,30585500,8.01
2012-12-12,8.53,8.75,8.53,8.6,36982400,8.07
2012-12-13,8.56,8.58,8.44,8.46,29110700,7.94
2012-12-14,8.5,8.93,8.49,8.9,102024200,8.35
2012-12-17,8.98,9.2,8.9,8.94,8e+07,8.39
2012-12-18,8.93,9.05,8.84,8.88,58114500,8.33
2012-12-19,8.86,9.32,8.8,9.2,129230300,8.63
2012-12-20,9.14,9.27,9.04,9.2,74577600,8.63
2012-12-21,9.21,9.3,9.05,9.1,62944700,8.54
2012-12-24,9.09,9.2,9.07,9.09,28889400,8.53
2012-12-25,9.05,9.49,9,9.37,95294100,8.79
2012-12-26,9.36,9.56,9.3,9.37,49978400,8.79
2012-12-27,9.43,9.49,9.18,9.19,51806700,8.62
2012-12-28,9.23,9.29,9.15,9.29,47668100,8.72
2012-12-31,9.3,9.3,9.01,9.21,99337500,8.64
2013-01-01,9.21,9.21,9.21,9.21,0,8.64
2013-01-02,9.21,9.21,9.21,9.21,0,8.64
2013-01-03,9.21,9.21,9.21,9.21,0,8.64
2013-01-04,9.25,9.31,9.09,9.2,69578800,8.63
2013-01-07,9.18,9.23,9.14,9.19,46636500,8.62
2013-01-08,9.19,9.19,9.19,9.19,0,8.62
2013-01-09,8.8,9.02,8.75,8.9,154295100,8.35
2013-01-10,8.85,9.01,8.83,8.9,70108700,8.35
2013-01-11,8.9,8.94,8.64,8.64,62129700,8.11
2013-01-14,8.64,9.02,8.59,8.98,69087500,8.43
2013-01-15,9.01,9.17,8.93,9.12,88821500,8.56
2013-01-16,9.12,9.13,8.9,9.03,50533000,8.47
2013-01-17,9.03,9.08,8.91,8.96,33358000,8.41
2013-01-18,9,9.12,8.93,9.06,39784800,8.5
2013-01-21,9.13,9.35,9.12,9.31,118394400,8.74
2013-01-22,9.33,9.33,8.98,9.04,94246700,8.48
2013-01-23,9.05,9.1,8.78,8.9,57800900,8.35
2013-01-24,8.9,9.21,8.78,8.88,73893000,8.33
2013-01-25,8.9,9.01,8.82,8.91,26500400,8.36
2013-01-28,8.95,9.25,8.95,9.24,102002400,8.67
2013-01-29,9.24,9.42,9.22,9.24,71181100,8.67
2013-01-30,9.24,9.35,9.12,9.17,66373000,8.6
2013-01-31,9.18,9.31,9.09,9.25,71463000,8.68
2013-02-01,9.23,9.76,9.16,9.71,135900900,9.11
2013-02-04,9.61,10.4,9.47,9.49,223781300,8.9
2013-02-05,9.36,10.15,9.25,10.01,182981300,9.39
2013-02-06,10.09,10.35,9.91,9.99,102570500,9.37
2013-02-07,10.03,10.2,9.93,10.19,75224600,9.56
2013-02-08,10.21,10.25,10.08,10.12,59146400,9.5
2013-02-11,10.12,10.12,10.12,10.12,0,9.5
2013-02-12,10.12,10.12,10.12,10.12,0,9.5
2013-02-13,10.12,10.12,10.12,10.12,0,9.5
2013-02-14,10.12,10.12,10.12,10.12,0,9.5
2013-02-15,10.12,10.12,10.12,10.12,0,9.5
2013-02-18,10.16,10.25,9.87,9.9,66965200,9.29
2013-02-19,9.9,9.95,9.46,9.55,83005900,8.96
2013-02-20,9.56,9.72,9.48,9.66,47928200,9.06
2013-02-21,9.57,9.57,9.04,9.19,99151300,8.62
2013-02-22,9.19,9.19,9.19,9.19,0,8.62
2013-02-25,9.19,9.19,9.19,9.19,0,8.62
2013-02-26,9.26,9.43,9.07,9.09,61573000,8.53
2013-02-27,9.12,9.22,9.03,9.08,47485700,8.52
2013-02-28,9.15,9.41,9.1,9.38,58107100,8.8
2013-03-01,9.4,9.48,9.17,9.36,43473700,8.78
2013-03-04,9.16,9.16,8.43,8.63,182760300,8.1
2013-03-05,8.6,8.67,8.45,8.66,81259400,8.13
2013-03-06,8.7,8.72,8.52,8.6,97763200,8.07
2013-03-07,8.6,8.71,8.56,8.66,65322300,8.13
2013-03-08,8.69,8.7,8.6,8.63,33584300,8.1
2013-03-11,8.6,8.6,8.47,8.55,36395900,8.02
2013-03-12,8.56,8.73,8.48,8.59,66599600,8.06
2013-03-13,8.55,8.57,8.36,8.38,53334200,7.86
2013-03-14,8.36,8.43,8.32,8.38,29162200,7.86
2013-03-15,8.38,8.54,8.26,8.47,58510600,7.95
2013-03-18,8.48,8.51,8.27,8.3,44632400,7.79
2013-03-19,8.35,8.37,8.21,8.35,31931300,7.83
2013-03-20,8.36,8.64,8.32,8.63,66099900,8.1
2013-03-21,8.64,8.65,8.51,8.57,45158800,8.04
2013-03-22,8.58,8.59,8.45,8.51,36458400,7.98
2013-03-25,8.54,8.63,8.5,8.56,34318100,8.03
2013-03-26,8.55,8.55,8.34,8.42,33810900,7.9
2013-03-27,8.41,8.49,8.36,8.39,27049500,7.87
2013-03-28,8.31,8.32,8.14,8.18,43968100,7.67
2013-03-29,8.11,8.15,8.02,8.04,40653800,7.54
2013-04-01,8,8.14,7.96,8.13,31196700,7.63
2013-04-02,8.13,8.41,8.1,8.2,46413000,7.69
2013-04-03,8.25,8.34,8.2,8.24,37953500,7.73
2013-04-04,8.24,8.24,8.24,8.24,0,7.73
2013-04-05,8.24,8.24,8.24,8.24,0,7.73
2013-04-08,8.1,8.21,8,8.18,33098600,7.67
2013-04-09,8.2,8.31,8.19,8.26,30898400,7.75
2013-04-10,8.26,8.28,8.13,8.19,26421800,7.68
2013-04-11,8.27,8.33,8.13,8.19,31555300,7.68
2013-04-12,8.18,8.26,8.03,8.07,29520200,7.57
2013-04-15,7.6,7.78,7.55,7.63,70620000,7.16
2013-04-16,7.56,7.67,7.4,7.61,43192500,7.14
2013-04-17,7.6,7.61,7.46,7.52,33685500,7.06
2013-04-18,7.5,7.62,7.43,7.48,31030700,7.02
2013-04-19,7.51,7.7,7.5,7.66,43514300,7.19
2013-04-22,7.75,7.96,7.75,7.88,65373500,7.39
2013-04-23,7.85,7.85,7.63,7.64,39419500,7.17
2013-04-24,7.68,7.81,7.59,7.73,31263600,7.25
2013-04-25,7.7,7.8,7.63,7.72,32911500,7.24
2013-04-26,7.78,7.79,7.53,7.57,23257300,7.1
2013-04-29,7.57,7.57,7.57,7.57,0,7.1
2013-04-30,7.57,7.57,7.57,7.57,0,7.1
2013-05-01,7.57,7.57,7.57,7.57,0,7.1
2013-05-02,7.5,7.54,7.33,7.36,30934200,6.91
2013-05-03,7.42,7.48,7.36,7.39,38275600,6.93
2013-05-06,7.39,7.45,7.35,7.43,32246400,6.97
2013-05-07,7.44,7.44,7.31,7.33,53625700,6.88
2013-05-08,7.35,7.47,7.35,7.47,45668300,7.01
2013-05-09,7.48,7.5,7.36,7.4,27985100,6.94
2013-05-10,7.39,7.46,7.35,7.42,23921200,6.96
2013-05-13,7.43,7.46,7.32,7.35,42879700,6.9
2013-05-14,7.34,7.39,7.28,7.31,39425900,6.86
2013-05-15,7.32,7.35,7.21,7.24,33041700,6.79
2013-05-16,7.22,7.33,7.15,7.3,40330900,6.85
2013-05-17,7.29,7.44,7.26,7.42,45410200,6.96
2013-05-20,7.45,7.5,7.4,7.47,50276900,7.01
2013-05-21,7.47,7.54,7.44,7.5,38469500,7.04
2013-05-22,7.5,7.51,7.38,7.42,58815300,6.96
2013-05-23,7.38,7.41,7.29,7.29,41283100,6.84
2013-05-24,7.3,7.35,7.25,7.29,36814300,6.84
2013-05-27,7.29,7.29,7.29,7.29,0,6.84
2013-05-28,7.29,7.29,7.29,7.29,0,6.84
2013-05-29,7.15,7.23,7.01,7.11,118817400,6.67
2013-05-30,7.07,7.11,7.04,7.08,48580900,6.64
2013-05-31,7.09,7.15,7.05,7.06,42963000,6.62
2013-06-03,7.05,7.11,7.01,7.09,49344300,6.65
2013-06-04,7.09,7.1,6.95,6.97,49018800,6.54
2013-06-05,7,7.02,6.86,6.88,46531700,6.46
2013-06-06,7,7.23,6.99,7.16,114514600,6.72
2013-06-07,7.18,7.23,7.02,7.07,66111500,6.63
2013-06-10,7.07,7.07,7.07,7.07,0,6.63
2013-06-11,7.07,7.07,7.07,7.07,0,6.63
2013-06-12,7.07,7.07,7.07,7.07,0,6.63
2013-06-13,7,7.01,6.7,6.73,68276300,6.31
2013-06-14,6.76,6.8,6.68,6.7,42414200,6.29
2013-06-17,6.72,6.75,6.51,6.61,43285900,6.2
2013-06-18,6.61,6.66,6.43,6.47,58893700,6.07
2013-06-19,6.42,6.43,6.18,6.29,59149000,5.9
2013-06-20,6.24,6.24,6.01,6.03,60185600,5.66
2013-06-21,5.95,5.95,5.73,5.75,112774500,5.39
2013-06-24,5.71,5.72,5.2,5.43,107808300,5.09
2013-06-25,5.33,5.42,5.03,5.34,89746000,5.01
2013-06-26,5.34,5.43,5.22,5.35,61516700,5.02
2013-06-27,5.4,5.57,5.29,5.33,98241300,5
2013-06-28,5.29,5.48,5.18,5.43,62653600,5.09
2013-07-01,5.43,5.47,5.28,5.38,58721500,5.05
2013-07-02,5.36,5.38,5.23,5.3,56055000,4.97
2013-07-03,5.28,5.28,5.11,5.16,50782700,4.84
2013-07-04,5.12,5.32,5.03,5.24,80055400,4.92
2013-07-05,5.25,5.33,5.21,5.25,50084600,4.93
2013-07-08,5.16,5.16,5.04,5.04,48057500,4.73
2013-07-09,5.01,5.06,4.97,4.99,44454800,4.68
2013-07-10,4.97,5.15,4.95,5.14,57273500,4.82
2013-07-11,5.12,5.65,5.1,5.6,189261900,5.25
2013-07-12,5.5,5.56,5.33,5.33,111574500,5
2013-07-15,5.33,5.45,5.33,5.39,56440300,5.06
2013-07-16,5.39,5.47,5.36,5.46,50680700,5.12
2013-07-17,5.47,5.55,5.4,5.41,55161400,5.08
2013-07-18,5.38,5.39,5.29,5.31,41454700,4.98
2013-07-19,5.32,5.35,5.05,5.16,47793800,4.84
2013-07-22,5,5.07,4.93,5.07,35811100,4.93
2013-07-23,5.07,5.32,5.07,5.24,52610400,5.09
2013-07-24,5.26,5.27,5.07,5.15,57553200,5.01
2013-07-25,5.16,5.21,5.11,5.12,38458000,4.98
2013-07-26,5.1,5.14,5.05,5.1,28423600,4.96
2013-07-29,5.09,5.09,5,5.01,33032300,4.87
2013-07-30,5.01,5.14,5.01,5.06,26602400,4.92
2013-07-31,5.12,5.16,5.04,5.05,24495200,4.91
2013-08-01,5.08,5.18,5.06,5.18,46410100,5.04
2013-08-02,5.22,5.25,5.16,5.18,44241800,5.04
2013-08-05,5.17,5.24,5.16,5.23,30424900,5.08
2013-08-06,5.22,5.35,5.15,5.31,64779500,5.16
2013-08-07,5.26,5.36,5.24,5.25,54709800,5.1
2013-08-08,5.24,5.27,5.2,5.22,34398600,5.07
2013-08-09,5.24,5.27,5.17,5.24,33797200,5.09
2013-08-12,5.25,5.46,5.23,5.44,101289900,5.29
2013-08-13,5.46,5.58,5.42,5.55,84010300,5.4
2013-08-14,5.55,5.59,5.44,5.46,66291100,5.31
2013-08-15,5.46,5.51,5.41,5.43,42918700,5.28
2013-08-16,5.39,5.66,5.31,5.34,89375900,5.19
2013-08-19,5.29,5.4,5.27,5.36,37240600,5.21
2013-08-20,5.36,5.41,5.26,5.27,43766300,5.12
2013-08-21,5.3,5.32,5.23,5.27,29757300,5.12
2013-08-22,5.27,5.33,5.24,5.26,24941900,5.11
2013-08-23,5.28,5.31,5.13,5.17,35272800,5.03
2013-08-26,5.19,5.3,5.18,5.29,31033100,5.14
2013-08-27,5.29,5.31,5.24,5.29,34346300,5.14
2013-08-28,5.26,5.4,5.2,5.35,58984300,5.2
2013-08-29,5.35,5.4,5.27,5.3,45087400,5.15
2013-08-30,5.3,5.38,5.24,5.31,55431900,5.16
2013-09-02,5.36,5.84,5.32,5.74,250105400,5.58
2013-09-03,5.65,5.79,5.63,5.75,126308900,5.59
2013-09-04,5.71,5.77,5.6,5.64,97890200,5.48
2013-09-05,5.63,5.68,5.54,5.55,58488500,5.4
2013-09-06,5.55,5.64,5.53,5.58,45794800,5.42
2013-09-09,5.6,5.79,5.58,5.74,114161500,5.58
2013-09-10,5.8,5.96,5.73,5.94,144191200,5.77
2013-09-11,5.94,6.5,5.94,6.39,257576100,6.21
2013-09-12,6.38,6.38,6.13,6.23,130219900,6.06
2013-09-13,6.17,6.23,6.04,6.09,89361100,5.92
2013-09-16,6.12,6.17,6.06,6.09,51937500,5.92
2013-09-17,6.1,6.12,5.82,5.83,89238800,5.67
2013-09-18,5.81,5.88,5.8,5.85,42622500,5.69
2013-09-20,5.85,5.85,5.85,5.85,0,5.69
2013-09-23,5.87,5.98,5.87,5.94,44369000,5.77
2013-09-24,5.93,5.93,5.75,5.8,51538500,5.64
2013-09-25,5.8,5.83,5.69,5.7,47146200,5.54
2013-09-26,5.69,5.71,5.54,5.56,48973400,5.41
2013-09-27,5.56,5.64,5.54,5.61,33304500,5.45
2013-09-30,5.63,5.68,5.59,5.64,25592100,5.48
2013-10-01,5.64,5.64,5.64,5.64,0,5.48
2013-10-02,5.64,5.64,5.64,5.64,0,5.48
2013-10-03,5.64,5.64,5.64,5.64,0,5.48
2013-10-04,5.64,5.64,5.64,5.64,0,5.48
2013-10-07,5.64,5.64,5.64,5.64,0,5.48
2013-10-08,5.63,5.77,5.57,5.74,38431000,5.58
2013-10-09,5.73,5.74,5.66,5.71,36843300,5.55
2013-10-10,5.71,5.76,5.61,5.61,40010000,5.45
2013-10-11,5.65,5.75,5.63,5.73,40121800,5.57
2013-10-14,5.75,5.92,5.74,5.89,64608800,5.73
2013-10-15,5.89,6.04,5.79,5.99,67587300,5.82
2013-10-16,5.97,5.97,5.78,5.79,47951300,5.63
2013-10-17,5.82,5.87,5.74,5.74,35765400,5.58
2013-10-18,5.74,5.77,5.68,5.72,29080000,5.56
2013-10-21,5.73,5.8,5.65,5.78,37926200,5.62
2013-10-22,5.78,5.85,5.71,5.78,47890200,5.62
2013-10-23,5.74,5.82,5.58,5.61,64125200,5.45
2013-10-24,5.56,5.57,5.32,5.39,62695800,5.24
2013-10-25,5.39,5.48,5.35,5.45,45898300,5.3
2013-10-28,5.98,5.98,5.74,5.79,187956000,5.63
2013-10-29,5.8,5.83,5.53,5.6,80789700,5.44
2013-10-30,5.6,5.75,5.56,5.72,44383300,5.56
2013-10-31,5.78,5.82,5.7,5.73,45422100,5.57
2013-11-01,5.75,5.76,5.65,5.7,27539500,5.54
2013-11-04,5.72,5.75,5.65,5.67,22211400,5.51
2013-11-05,5.63,5.65,5.54,5.6,38703000,5.44
2013-11-06,5.58,5.63,5.52,5.54,39678200,5.39
2013-11-07,5.52,5.77,5.51,5.71,59075900,5.55
2013-11-08,5.63,5.68,5.55,5.56,33038000,5.41
2013-11-11,5.56,5.58,5.5,5.54,19829900,5.39
2013-11-12,5.54,5.61,5.53,5.59,19971300,5.43
2013-11-13,5.57,5.57,5.41,5.43,30605600,5.28
2013-11-14,5.42,5.48,5.39,5.44,20592700,5.29
2013-11-15,5.46,5.59,5.43,5.52,33173500,5.37
2013-11-18,5.53,5.69,5.53,5.68,51530800,5.52
2013-11-19,5.74,5.83,5.69,5.75,69210700,5.59
2013-11-20,5.79,5.82,5.7,5.78,33932300,5.62
2013-11-21,5.76,5.76,5.65,5.71,34567400,5.55
2013-11-22,5.71,5.73,5.66,5.68,22419400,5.52
2013-11-25,5.66,5.72,5.63,5.65,22280300,5.49
2013-11-26,5.65,5.68,5.6,5.62,20279800,5.46
2013-11-27,5.62,5.67,5.56,5.63,26598000,5.47
2013-11-28,5.63,5.87,5.63,5.78,81710500,5.62
2013-11-29,5.78,5.8,5.72,5.73,34775700,5.57
2013-12-02,5.68,5.75,5.57,5.6,50433100,5.44
2013-12-03,5.59,5.73,5.57,5.71,44005200,5.55
2013-12-04,5.73,6.2,5.71,6.01,169639300,5.84
2013-12-05,5.99,6,5.87,5.91,67821200,5.75
2013-12-06,5.93,5.95,5.86,5.93,34303400,5.76
2013-12-09,5.94,5.99,5.88,5.91,33537300,5.75
2013-12-10,5.9,5.92,5.8,5.83,49853600,5.67
2013-12-11,5.81,5.81,5.68,5.71,39374800,5.55
2013-12-12,5.71,5.76,5.69,5.72,23758500,5.56
2013-12-13,5.68,5.72,5.65,5.68,28692900,5.52
2013-12-16,5.74,5.76,5.61,5.62,34726500,5.46
2013-12-17,5.63,5.67,5.57,5.58,24248400,5.42
2013-12-18,5.58,5.62,5.54,5.56,27351800,5.41
2013-12-19,5.59,5.64,5.51,5.52,29389600,5.37
2013-12-20,5.55,5.56,5.37,5.42,35427800,5.27
2013-12-23,5.42,5.46,5.32,5.35,27032300,5.2
2013-12-24,5.38,5.46,5.33,5.37,28654400,5.22
2013-12-25,5.38,5.45,5.35,5.43,22174700,5.28
2013-12-26,5.46,5.46,5.35,5.36,23078400,5.21
2013-12-27,5.38,5.48,5.36,5.46,32408700,5.31
2013-12-30,5.55,5.59,5.42,5.44,29689300,5.29
2013-12-31,5.42,5.5,5.38,5.45,25964000,5.3
2014-01-01,5.45,5.45,5.45,5.45,0,5.3
2014-01-02,5.42,5.43,5.37,5.39,23405200,5.24
2014-01-03,5.37,5.4,5.32,5.33,22340000,5.18
2014-01-06,5.33,5.33,5.15,5.16,36101300,5.02
2014-01-07,5.14,5.21,5.11,5.18,15703900,5.04
2014-01-08,5.17,5.23,5.15,5.17,17845500,5.03
2014-01-09,5.16,5.19,5.08,5.09,20705800,4.95
2014-01-10,5.07,5.09,5.01,5.02,20779200,4.88
2014-01-13,5.07,5.08,5.02,5.05,15670100,4.91
2014-01-14,5.05,5.13,5.03,5.1,17580200,4.96
2014-01-15,5.1,5.13,5.06,5.08,10850000,4.94
2014-01-16,5.09,5.15,5.05,5.09,17568500,4.95
2014-01-17,5.07,5.08,5.02,5.03,18197000,4.89
2014-01-20,5.02,5.05,4.98,5,17239600,4.86
2014-01-21,5.03,5.07,5.01,5.03,11352500,4.89
2014-01-22,5.04,5.19,5.04,5.18,31044700,5.04
2014-01-23,5.16,5.18,5.11,5.11,18788600,4.97
2014-01-24,5.1,5.2,5.09,5.14,21239500,5
2014-01-27,5.11,5.15,5.08,5.11,21156400,4.97
2014-01-28,5.11,5.15,5.09,5.13,14663900,4.99
2014-01-29,5.14,5.16,5.1,5.11,15652000,4.97
2014-01-30,5.12,5.12,5.04,5.05,17562600,4.91
2014-01-31,5.05,5.05,5.05,5.05,0,4.91
2014-02-03,5.05,5.05,5.05,5.05,0,4.91
2014-02-05,5.05,5.05,5.05,5.05,0,4.91
2014-02-06,5.05,5.05,5.05,5.05,0,4.91
2014-02-07,5.03,5.08,5.01,5.07,19629200,4.93
2014-02-10,5.08,5.18,5.08,5.16,38249600,5.02
2014-02-11,5.17,5.31,5.14,5.25,58091000,5.1
2014-02-12,5.24,5.25,5.19,5.23,29438400,5.08
2014-02-13,5.2,5.23,5.15,5.15,34791800,5.01
2014-02-14,5.17,5.22,5.14,5.21,28152900,5.06
2014-02-17,5.24,5.25,5.19,5.22,28117300,5.07
2014-02-18,5.23,5.23,5.13,5.15,33373400,5.01
2014-02-19,5.14,5.24,5.1,5.2,37252400,5.06
2014-02-20,5.2,5.32,5.17,5.23,64007800,5.08
2014-02-21,5.2,5.21,5.1,5.13,37000600,4.99
2014-02-24,5.1,5.1,4.99,5.02,48521900,4.88
2014-02-25,5.02,5.04,4.92,4.93,43224200,4.79
2014-02-26,4.93,4.95,4.9,4.94,27956500,4.8
2014-02-27,4.94,4.96,4.91,4.92,29395300,4.78
2014-02-28,4.92,5.02,4.91,5,28563100,4.86
2014-03-03,4.98,5.02,4.96,4.99,23733900,4.85
2014-03-04,4.97,5.1,4.93,5.03,33062000,4.89
2014-03-05,5.03,5.07,4.98,5,24219300,4.86
2014-03-06,5,5.05,4.95,5.01,26875600,4.87
2014-03-07,5.02,5.03,4.96,4.98,24450600,4.84
2014-03-10,4.95,4.96,4.81,4.82,35147600,4.69
2014-03-11,4.8,4.86,4.79,4.83,20374800,4.7
2014-03-12,4.81,4.88,4.78,4.84,24644100,4.71
2014-03-13,4.82,4.95,4.82,4.87,25528000,4.73
2014-03-14,4.95,5.07,4.9,4.94,47976100,4.8
2014-03-17,4.92,4.95,4.86,4.94,22554400,4.8
2014-03-18,4.95,4.96,4.9,4.91,16988900,4.77
2014-03-19,4.89,4.9,4.85,4.87,19334300,4.73
2014-03-20,4.88,4.92,4.81,4.81,19262700,4.68
2014-03-21,4.81,4.95,4.8,4.94,35383800,4.8
2014-03-24,4.94,5.02,4.92,4.99,44880000,4.85
2014-03-25,4.96,5.06,4.95,5,35467500,4.86
2014-03-26,5,5.02,4.94,4.96,22633400,4.82
2014-03-27,4.96,4.98,4.91,4.91,20652600,4.77
2014-03-28,4.92,4.96,4.91,4.92,18081000,4.78
2014-03-31,4.91,4.94,4.85,4.87,23276400,4.73
2014-04-01,4.86,4.94,4.85,4.88,25120800,4.74
2014-04-02,4.89,4.97,4.88,4.95,29825000,4.81
2014-04-03,4.99,5.01,4.92,4.93,26221700,4.79
2014-04-04,4.92,4.97,4.91,4.95,16168700,4.81
2014-04-07,4.95,4.95,4.95,4.95,0,4.81
2014-04-08,4.94,5.06,4.94,5.04,48584600,4.9
2014-04-09,5.04,5.07,5,5.03,26242600,4.89
2014-04-10,5.03,5.17,5.01,5.11,70717400,4.97
2014-04-11,5.08,5.09,5.02,5.03,39162700,4.89
2014-04-14,5.02,5.04,4.99,5.02,21135900,4.88
2014-04-15,5,5.01,4.92,4.93,34738800,4.79
2014-04-16,4.92,4.97,4.91,4.94,22264800,4.8
2014-04-17,4.96,4.97,4.91,4.93,15059900,4.79
2014-04-18,4.92,4.94,4.89,4.92,16431300,4.78
2014-04-21,4.9,4.95,4.88,4.88,21545700,4.74
2014-04-22,4.88,4.9,4.82,4.87,21839300,4.73
2014-04-23,4.86,4.87,4.83,4.85,17815100,4.71
2014-04-24,4.84,4.91,4.83,4.85,21578600,4.71
2014-04-25,4.87,4.88,4.8,4.8,19005700,4.67
2014-04-28,4.82,4.83,4.67,4.68,32534400,4.55
2014-04-29,4.63,4.63,4.52,4.59,37984600,4.46
2014-04-30,4.59,4.6,4.52,4.53,23485900,4.4
2014-05-01,4.53,4.53,4.53,4.53,0,4.4
2014-05-02,4.53,4.53,4.53,4.53,0,4.4
2014-05-05,4.53,4.55,4.48,4.54,22731300,4.41
2014-05-06,4.54,4.57,4.52,4.54,19801900,4.41
2014-05-07,4.54,4.54,4.49,4.49,14387700,4.37
2014-05-08,4.49,4.56,4.48,4.51,15842900,4.38
2014-05-09,4.51,4.56,4.5,4.53,18298300,4.4
2014-05-12,4.58,4.75,4.57,4.68,45054300,4.55
2014-05-13,4.69,4.7,4.63,4.64,19177100,4.51
2014-05-14,4.64,4.67,4.62,4.63,15226400,4.5
2014-05-15,4.63,4.66,4.56,4.58,17665400,4.45
2014-05-16,4.57,4.65,4.56,4.63,17426200,4.5
2014-05-19,4.6,4.63,4.55,4.57,13441300,4.44
2014-05-20,4.58,4.6,4.55,4.56,9302400,4.43
2014-05-21,4.56,4.58,4.52,4.57,11083700,4.44
2014-05-22,4.57,4.64,4.55,4.55,13998200,4.42
2014-05-23,4.55,4.58,4.53,4.56,9239800,4.43
2014-05-26,4.58,4.6,4.56,4.59,11582300,4.46
2014-05-27,4.6,4.6,4.54,4.55,11452300,4.42
2014-05-28,4.55,4.58,4.53,4.58,10978800,4.45
2014-05-29,4.58,4.6,4.53,4.53,15449900,4.4
2014-05-30,4.53,4.56,4.52,4.53,12310500,4.4
2014-06-02,4.53,4.53,4.53,4.53,0,4.4
2014-06-03,4.53,4.57,4.52,4.52,11328300,4.39
2014-06-04,4.53,4.54,4.47,4.49,18471500,4.37
2014-06-05,4.49,4.52,4.46,4.5,14695300,4.37
2014-06-06,4.5,4.51,4.45,4.47,14719700,4.35
2014-06-09,4.47,4.5,4.45,4.45,13533300,4.33
2014-06-10,4.46,4.51,4.45,4.5,15772500,4.37
2014-06-11,4.49,4.5,4.46,4.47,19317800,4.35
2014-06-12,4.47,4.58,4.45,4.53,58827800,4.4
2014-06-13,4.51,4.57,4.51,4.55,21103300,4.42
2014-06-16,4.55,4.58,4.54,4.56,20725800,4.43
2014-06-17,4.55,4.55,4.49,4.5,19803400,4.37
2014-06-18,4.5,4.5,4.46,4.47,18088300,4.35
2014-06-19,4.47,4.48,4.38,4.39,22070000,4.27
2014-06-20,4.38,4.44,4.38,4.41,15673900,4.29
2014-06-23,4.42,4.43,4.38,4.39,16669900,4.27
2014-06-24,4.4,4.43,4.38,4.42,12038900,4.3
2014-06-25,4.41,4.42,4.39,4.39,13850100,4.27
2014-06-26,4.39,4.42,4.38,4.41,16210400,4.29
2014-06-27,4.42,4.48,4.39,4.44,29196100,4.32
2014-06-30,4.44,4.45,4.42,4.43,29340000,4.31
2014-07-01,4.43,4.44,4.4,4.42,24886000,4.3
2014-07-02,4.42,4.46,4.4,4.46,35819000,4.34
2014-07-03,4.45,4.49,4.43,4.47,31516500,4.35
2014-07-04,4.47,4.5,4.44,4.45,21088400,4.33
2014-07-07,4.44,4.46,4.41,4.42,20312000,4.3
2014-07-08,4.42,4.43,4.4,4.43,17932400,4.31
2014-07-09,4.44,4.47,4.39,4.39,29474400,4.27
2014-07-10,4.39,4.43,4.37,4.39,35068700,4.27
2014-07-11,4.39,4.43,4.38,4.4,33352100,4.28
2014-07-14,4.4,4.48,4.38,4.46,76995700,4.34
2014-07-15,4.44,4.52,4.41,4.49,93054300,4.37
2014-07-16,4.46,4.5,4.44,4.47,51105900,4.35
2014-07-17,4.47,4.52,4.44,4.46,40053900,4.34
2014-07-18,4.45,4.49,4.43,4.46,33227300,4.34
2014-07-21,4.46,4.49,4.44,4.46,34878200,4.34
2014-07-22,4.46,4.5,4.44,4.49,51181500,4.37
2014-07-23,4.48,4.52,4.46,4.51,62090600,4.38
2014-07-24,4.52,4.61,4.5,4.58,100140200,4.45
2014-07-25,4.57,4.62,4.55,4.6,70532000,4.47
2014-07-28,4.64,4.76,4.62,4.72,112530700,4.59
2014-07-29,4.72,4.72,4.66,4.68,60731600,4.55
2014-07-30,4.67,4.75,4.65,4.69,60360100,4.56
2014-07-31,4.68,4.74,4.68,4.73,44270700,4.6
2014-08-01,4.71,4.79,4.7,4.7,73758600,4.57
2014-08-04,4.7,4.75,4.67,4.75,54133100,4.62
2014-08-05,4.75,4.86,4.74,4.82,68536000,4.69
2014-08-06,4.83,5.05,4.78,4.93,110774200,4.79
2014-08-07,4.92,4.93,4.82,4.85,61330300,4.71
2014-08-08,4.73,4.73,4.63,4.66,80152600,4.66
2014-08-11,4.66,4.72,4.64,4.7,47156700,4.7
2014-08-12,4.69,4.7,4.65,4.67,41406900,4.67
2014-08-13,4.67,4.7,4.63,4.68,43269000,4.68
2014-08-14,4.68,4.72,4.65,4.66,43704600,4.66
2014-08-15,4.66,4.66,4.66,4.66,0,4.66
2014-08-18,4.78,4.84,4.72,4.73,82237000,4.73
2014-08-19,4.72,4.79,4.71,4.76,49792400,4.76
2014-08-20,4.76,4.83,4.74,4.8,58550800,4.8
2014-08-21,4.84,4.84,4.73,4.79,53488100,4.79
2014-08-22,4.79,4.79,4.74,4.75,34532400,4.75
2014-08-25,4.75,4.76,4.69,4.7,36385100,4.7
2014-08-26,4.69,4.72,4.61,4.63,36011400,4.63
2014-08-27,4.62,4.64,4.58,4.6,32255400,4.6
2014-08-28,4.59,4.68,4.58,4.6,42501900,4.6
2014-08-29,4.6,4.64,4.58,4.63,27698000,4.63
2014-09-01,4.64,4.67,4.62,4.64,35272000,4.64
2014-09-02,4.65,4.68,4.62,4.68,49670200,4.68
2014-09-03,4.68,4.82,4.67,4.77,101061400,4.77
2014-09-04,4.77,4.8,4.73,4.77,51300200,4.77
2014-09-05,4.75,4.84,4.74,4.82,110634700,4.82
2014-09-08,4.82,4.82,4.82,4.82,0,4.82
2014-09-09,4.81,4.87,4.76,4.82,72654800,4.82
2014-09-10,4.8,4.85,4.76,4.83,73988800,4.83
2014-09-11,4.81,4.95,4.79,4.92,152107900,4.92
2014-09-12,4.9,4.98,4.85,4.93,131623300,4.93
2014-09-15,4.93,5.01,4.9,4.92,89971800,4.92
2014-09-16,4.92,4.93,4.78,4.79,120397100,4.79
2014-09-17,4.79,5,4.76,4.93,154686200,4.93
2014-09-18,4.91,4.98,4.86,4.89,83587900,4.89
2014-09-19,4.89,4.91,4.82,4.87,63297200,4.87
2014-09-22,4.85,4.86,4.74,4.75,72777600,4.75
2014-09-23,4.74,4.82,4.74,4.79,40513400,4.79
2014-09-24,4.77,4.85,4.75,4.85,68442500,4.85
2014-09-25,4.87,4.94,4.83,4.86,97289200,4.86
2014-09-26,4.84,4.88,4.81,4.85,48171400,4.85
2014-09-29,4.87,4.93,4.85,4.88,63315500,4.88
2014-09-30,4.89,4.92,4.87,4.89,63199900,4.89
2014-10-01,4.89,4.89,4.89,4.89,0,4.89
2014-10-02,4.89,4.89,4.89,4.89,0,4.89
