"Date","002410.SZ.Open","002410.SZ.High","002410.SZ.Low","002410.SZ.Close","002410.SZ.Volume","002410.SZ.Adjusted"
2010-07-01,1.11214428857715,1.14693386773547,1.10653306613226,1.12,5497800,1.12
2010-07-02,1.1128,1.12406315789474,1.02945263157895,1.07,7277900,1.07
2010-07-05,1.05561497326203,1.06459893048128,1.03652406417112,1.05,3937100,1.05
2010-07-06,1.05396694214876,1.09788223140496,1.0483367768595,1.09,5437600,1.09
2010-07-07,1.09550102249489,1.10787321063395,1.0898773006135,1.1,3318100,1.1
2010-07-08,1.10327272727273,1.14251515151515,1.10215151515152,1.11,7075500,1.11
2010-07-09,1.11878550440744,1.14893241919687,1.10761998041136,1.14,6590000,1.14
2010-07-12,1.14775171065494,1.16798631476051,1.14550342130987,1.15,5257000,1.15
2010-07-13,1.14087293889428,1.16337536372454,1.13299709020369,1.16,5849900,1.16
2010-07-14,1.1533560311284,1.16006809338521,1.14328793774319,1.15,6019300,1.15
2010-07-15,1.49425592417062,1.54435071090047,1.46849289099526,1.51,15290700,1.51
2010-07-16,1.49415182755389,1.5687160262418,1.48698219306467,1.53,9930200,1.53
2010-07-19,1.50702825888788,1.58144940747493,1.50559708295351,1.57,16944400,1.57
2010-07-20,1.5740832595217,1.62860938883968,1.57121346324181,1.62,22990000,1.62
2010-07-21,1.6028648164727,1.62864816472695,1.59427036705461,1.6,14494300,1.6
2010-07-22,1.59694003527337,1.64149911816578,1.58975308641975,1.63,13416500,1.63
2010-07-23,1.62294594594595,1.63154054054054,1.58713513513514,1.59,10199800,1.59
2010-07-26,1.58994661921708,1.62718861209964,1.58851423487544,1.61,8684800,1.61
2010-07-27,1.61532934131737,1.69005988023952,1.60526946107784,1.68,16141600,1.68
2010-07-28,1.66830466830467,1.75716625716626,1.66257166257166,1.75,20455400,1.75
2010-07-29,1.74551643192488,1.8743896713615,1.73262910798122,1.83,23369800,1.83
2010-07-30,1.83733173076923,1.84020032051282,1.78426282051282,1.79,10560100,1.79
2010-08-02,1.802625,1.8586875,1.77675,1.84,13048600,1.84
2010-08-03,1.83435331230284,1.8644952681388,1.81569400630915,1.82,10137300,1.82
2010-08-04,1.81676737160121,1.94305135951662,1.79237160120846,1.9,14937200,1.9
2010-08-05,1.91582317073171,1.91582317073171,1.85420731707317,1.88,7058900,1.88
2010-08-06,1.8815444015444,1.89159845559846,1.8169111969112,1.86,11325600,1.86
2010-08-09,1.84994594594595,1.90165250965251,1.83414671814672,1.86,9168400,1.86
2010-08-10,1.83436754176611,1.88591885441527,1.8,1.8,8554500,1.8
2010-08-11,1.80137007874016,1.83576377952756,1.78847244094488,1.82,8179800,1.82
2010-08-12,1.79710213776722,1.85729216152019,1.79710213776722,1.81,5242900,1.81
2010-08-13,1.80127825409197,1.84143413873733,1.79554169914263,1.84,8086400,1.84
2010-08-16,1.93118201595359,2.01589557650471,1.89815808556925,1.98,21702600,1.98
2010-08-17,1.95659500693481,2.14321081830791,1.94798196948682,2.07,15179000,2.07
2010-08-18,2.05707988980716,2.12154269972452,2.02556473829201,2.08,8539800,2.08
2010-08-19,2.08703401360544,2.11143537414966,2.04540816326531,2.11,7588700,2.11
2010-08-20,2.09055837563452,2.09486584481508,1.98,1.98,9834900,1.98
2010-08-23,1.99837110481586,2.06881728045326,1.96674220963173,2.03,7317400,2.03
2010-08-24,2.00416022487702,2.08444132115249,2.00129304286718,2.04,7556000,2.04
2010-08-25,2.02292805755396,2.05585611510791,1.92557553956834,1.99,23199600,1.99
2010-08-26,1.98262237762238,2.05286713286713,1.97258741258741,2.05,11094500,2.05
2010-08-27,2.05375,2.1987037037037,2.05375,2.17,15392600,2.17
2010-08-30,2.20143415906128,2.24876140808344,2.15840938722295,2.2,12318800,2.2
2010-08-31,2.1854574742268,2.29034793814433,2.16246778350515,2.23,9152000,2.23
2010-09-01,2.21593333333333,2.23026666666667,2.09123333333333,2.15,12003600,2.15
2010-09-02,2.17287227001985,2.22600926538716,2.12691594970218,2.17,8449200,2.17
2010-09-03,2.16829472329472,2.24148005148005,2.14246460746461,2.23,7722900,2.23
2010-09-06,2.24887868852459,2.28334426229508,2.12106885245902,2.19,13264600,2.19
2010-09-07,2.17981900452489,2.22430510665805,2.15972850678733,2.22,5245500,2.22
2010-09-08,2.20574412532637,2.22441253263708,2.17271540469974,2.2,4590100,2.2
2010-09-09,2.19171853856563,2.20606224627876,2.11426251691475,2.12,8054700,2.12
2010-09-10,2.11273333333333,2.15573333333333,2.09266666666667,2.15,5860500,2.15
2010-09-13,2.14836223506744,2.24002569043031,2.12831085420681,2.23,8189300,2.23
2010-09-15,2.2427590591227,2.34045772409409,2.2269548633185,2.26,11255700,2.26
2010-09-16,2.25286989795918,2.3203125,2.15959821428571,2.25,9913600,2.25
2010-09-17,2.25573979591837,2.28730867346939,2.22417091836735,2.25,3981300,2.25
2010-09-20,2.2539603960396,2.33866336633663,2.21519801980198,2.32,5725400,2.32
2010-09-21,2.3210623556582,2.49718244803695,2.31676674364896,2.48,10711900,2.48
2010-09-27,2.50797489082969,2.63430676855895,2.4089192139738,2.63,12073300,2.63
2010-09-28,3.9384329199549,4.1365388951522,3.76401352874859,3.82,14989900,3.82
2010-09-29,3.75645068807339,3.96072247706422,3.69409403669725,3.75,10352100,3.75
2010-09-30,3.74695163104612,3.85652418447694,3.63093363329584,3.82,8866000,3.82
2010-10-08,3.81719457013575,3.83438914027149,3.7118778280543,3.8,8726500,3.8
2010-10-11,3.79162679425837,3.8066985645933,3.45143540669857,3.6,18201000,3.6
2010-10-12,3.53163325471698,3.72317216981132,3.50150353773585,3.65,7461900,3.65
2010-10-13,3.60139964264443,3.64440142942227,3.49174508636093,3.61,6122300,3.61
2010-10-14,3.72589923842999,3.72589923842999,3.61625073227885,3.67,6952500,3.67
2010-10-15,3.61076555023923,3.67320574162679,3.52679425837321,3.6,7346600,3.6
2010-10-18,3.5373658235657,3.53951881554596,3.38235040098705,3.49,10889400,3.49
2010-10-19,3.44884084084084,3.63805405405405,3.44884084084084,3.58,6278000,3.58
2010-10-20,3.56040189125296,3.66366430260047,3.52167848699764,3.64,7104800,3.64
2010-10-21,3.63627256843331,3.74587652882935,3.63627256843331,3.69,5951500,3.69
2010-10-22,3.65366923532899,3.67949021932424,3.53747480735033,3.63,9743000,3.63
2010-10-25,3.67416301969365,3.9514989059081,3.67416301969365,3.93,13370100,3.93
2010-10-26,3.93582446808511,4.07369680851064,3.82164893617021,4.05,15550700,4.05
2010-10-27,3.97630586968228,4.12493268712978,3.95476575121163,4,8581900,4
2010-10-28,3.99846813069095,4.04799143010177,3.94463845741832,4.02,6156500,4.02
2010-10-29,3.99850931677019,4.17291925465839,3.94467908902692,4.16,8609600,4.16
2010-11-01,4.25923891129032,4.45078629032258,4.19467237903226,4.27,10399300,4.27
2010-11-02,4.28744506898314,4.38425140521206,4.19709248850281,4.21,7311500,4.21
2010-11-03,4.16832653061224,4.25014285714286,4.15971428571429,4.22,4927000,4.22
2010-11-04,4.24668480950025,4.36076199901039,4.1821128154379,4.35,6797400,4.35
2010-11-05,4.36506679861455,4.3995051954478,4.3004948045522,4.35,5020700,4.35
2010-11-08,4.3541592920354,4.41445427728614,4.26156342182891,4.38,6526200,4.38
2010-11-09,4.38807749627422,4.38807749627422,4.26977148534526,4.33,4975700,4.33
2010-11-10,4.31960183767228,4.31960183767228,4.17991322103114,4.21,6981900,4.21
2010-11-11,4.21366016427105,4.29324435318275,4.18784907597536,4.19,8560000,4.19
2010-11-12,4.14667369530838,4.25851344227728,3.97031101739589,4.08,8757100,4.08
2010-11-15,4.08153846153846,4.21723076923077,3.98461538461538,4.2,7756200,4.2
2010-11-16,4.14796866840731,4.2082088772846,3.99306527415144,4.12,6470900,4.12
2010-11-17,4.09476804123711,4.25168041237113,4.01308762886598,4.17,10681100,4.17
2010-11-18,4.18985888077859,4.48452554744526,4.18985888077859,4.42,14370900,4.42
2010-11-19,4.42015925058548,4.61364871194379,4.41155971896955,4.59,13652800,4.59
2010-11-22,4.58445338381448,4.67920018930431,4.52631329862754,4.55,11592700,4.55
2010-11-23,4.48460637300844,4.5964526710403,4.45019212746017,4.59,6672000,4.59
2010-11-24,4.5569173630455,4.67298978644383,4.52037604456825,4.63,6127800,4.63
2010-11-25,4.64474680548982,4.66412683388547,4.49185991481306,4.55,7541700,4.55
2010-11-26,4.52429862101759,4.52644793152639,4.42328102710414,4.52,6438700,4.52
2010-11-29,4.5228843537415,4.74,4.48419047619048,4.74,8063800,4.74
2010-11-30,4.74530801296897,4.7904400185271,4.40789254284391,4.64,10246700,4.64
2010-12-01,4.59364534336783,4.61514111006585,4.52055973659454,4.57,3586400,4.57
2010-12-02,4.5881931166348,4.63336520076482,4.49139579349904,4.5,4957100,4.5
2010-12-03,4.49987173396675,4.56228028503563,4.42239904988124,4.53,3655400,4.53
2010-12-06,4.55710253998119,4.59149576669802,4.44532455315146,4.57,3835300,4.57
2010-12-07,4.57308924485126,4.72796338672769,4.49995423340961,4.7,5692400,4.7
2010-12-08,4.76840277777778,4.76840277777778,4.54881944444444,4.65,5857300,4.65
2010-12-09,4.60215255030416,4.66888160973327,4.55479644361254,4.6,4068200,4.6
2010-12-10,4.63675341861491,5.02637847375386,4.63675341861491,4.88,9921700,4.88
2010-12-13,4.89430457746479,4.9287411971831,4.82327904929577,4.89,6782700,4.89
2010-12-14,4.88911392405063,5.0246835443038,4.88050632911392,4.93,5826400,4.93
2010-12-15,4.87634927599824,4.95375164545854,4.85054848617815,4.9,3105500,4.9
2010-12-16,4.90618055555556,5.07409722222222,4.90618055555556,4.96,4143600,4.96
2010-12-17,4.94406196213425,5.03012048192771,4.88382099827883,5,3383200,5
2010-12-20,5.01505376344086,5.04301075268817,4.83870967741935,5,4717800,5
2010-12-21,4.99185501066098,5.15336886993603,4.94017057569296,5.05,6345300,5.05
2010-12-22,5.0463285229202,5.14101443123939,5.00328947368421,5.07,3663800,5.07
2010-12-23,5.02900394910048,5.05910487055726,4.85054848617815,4.9,5037800,4.9
2010-12-24,4.88481012658228,4.96658227848101,4.80949367088608,4.93,3756900,4.93
2010-12-28,4.76884598508118,4.95805177709522,4.63339183852567,4.9,6486000,4.9
2010-12-29,4.90073160357295,5.0901318587835,4.85983836665249,5.06,3539200,5.06
2010-12-30,5.06049283909014,5.14659224936816,5.04112047177759,5.11,3702700,5.11
2010-12-31,5.08880098887515,5.22,5.07374536464771,5.22,3951000,5.22
2011-01-04,5.20569954601733,5.25515476681799,5.13904250928601,5.21,3352300,5.21
2011-01-05,5.21215111478117,5.25302229562345,5.16052436003303,5.21,3247400,5.21
2011-01-06,5.18538526672312,5.18538526672312,5.07354784081287,5.08,3077300,5.08
2011-01-07,5.07757956448911,5.21533500837521,5.04314070351759,5.14,2765700,5.14
2011-01-10,5.14,5.26053601340034,5.09910385259631,5.14,2933200,5.14
2011-01-11,5.14083333333333,5.14729166666667,4.89756944444444,4.96,6365000,4.96
2011-01-12,4.91651226158038,5.00261580381471,4.58716621253406,4.74,8641400,4.74
2011-01-13,4.77860234445446,4.85817403065825,4.62376014427412,4.77,4126100,4.77
2011-01-14,4.71150389729482,4.81472260430995,4.63193947730399,4.69,2341800,4.69
2011-01-17,4.68409284699195,4.68624348649929,4.43461866414022,4.54,4719000,4.54
2011-01-18,4.53,4.54290598290598,4.38373219373219,4.53,1526900,4.53
2011-01-19,4.48020168855535,4.60076454033771,4.48020168855535,4.59,2769000,4.59
2011-01-20,4.58337550607287,4.58337550607287,4.21988866396761,4.25,4459000,4.25
2011-01-21,4.19838056680162,4.28011133603239,4.03061740890688,4.25,5133000,4.25
2011-01-24,4.23695811518325,4.23695811518325,3.98734554973822,4.11,3272200,4.11
2011-01-25,4.04821782178218,4.13430432516936,4.0137832204273,4.13,1523500,4.13
2011-01-26,4.13829820051414,4.21369665809769,4.12321850899743,4.19,2433100,4.19
2011-01-27,4.17140359897172,4.23157840616967,4.04030848329049,4.18,1747200,4.18
2011-01-28,4.11901950718686,4.19430184804928,4.09751026694045,4.19,1848800,4.19
2011-01-31,4.19493353783231,4.21430470347648,4.10668711656442,4.21,2135600,4.21
2011-02-01,4.19449173760641,4.3064596895343,4.1363545317977,4.3,1849900,4.3
2011-02-09,4.27384299640842,4.32973832734736,4.19,4.19,1955700,4.19
2011-02-10,4.21299462628237,4.4085979482169,4.21299462628237,4.4,3537700,4.4
2011-02-11,4.40139931740614,4.43580204778157,4.35194539249147,4.41,1702700,4.41
2011-02-14,4.46831824678418,4.53507384468795,4.30896617436875,4.52,2674800,4.52
2011-02-15,4.53950623202301,4.53950623202301,4.46632310642378,4.49,2144800,4.49
2011-02-16,4.48909220532319,4.53430608365019,4.45249049429658,4.53,1527400,4.53
2011-02-17,4.55602784222738,4.65937819025522,4.52373085846868,4.64,2313400,4.64
2011-02-18,4.64277264325323,4.72460258780037,4.60185767097967,4.66,2695500,4.66
2011-02-21,4.60398441082073,4.70075194864741,4.59753324163228,4.69,2652000,4.69
2011-02-22,4.71803505535055,4.75027675276753,4.48159594095941,4.66,4323200,4.66
2011-02-23,4.66269909394373,4.75087744396757,4.49924654268002,4.51,5192200,4.51
2011-02-24,4.50728674698795,4.50728674698795,4.34393253012048,4.46,4680000,4.46
2011-02-25,4.45417867435158,4.52733909702209,4.40038424591739,4.48,2005300,4.48
2011-02-28,4.48381438289602,4.4881195335277,4.35681243926142,4.43,2474900,4.43
2011-03-01,4.4105400192864,4.46645130183221,4.40838958534233,4.46,2586300,4.46
2011-03-02,4.45,4.45860735009671,4.39835589941973,4.45,1632500,4.45
2011-03-03,4.45144004014049,4.45144004014049,4.25125439036628,4.29,4120600,4.29
2011-03-04,4.29153303076147,4.57792233988906,4.22478063540091,4.27,2865100,4.27
2011-03-07,4.30665314401623,4.30665314401623,4.23354969574037,4.24,4431700,4.24
2011-03-08,4.23291836734694,4.26952040816326,4.19631632653061,4.22,3159800,4.22
2011-03-09,4.22670611439842,4.36,4.20735700197239,4.36,5429000,4.36
2011-03-10,4.38935531496063,4.44742125984252,4.36354822834646,4.37,3691400,4.37
2011-03-11,4.36699658703072,4.41,4.30894197952218,4.41,3859700,4.41
2011-03-14,4.38633658536585,4.4121512195122,4.29598536585366,4.41,2236700,4.41
2011-03-16,4.33774114173228,4.38290354330709,4.3248375984252,4.37,2280700,4.37
2011-03-17,4.35036585365854,4.35036585365854,4.16336890243903,4.23,3686300,4.23
2011-03-18,4.2187037037037,4.26170781893004,4.16064814814815,4.18,2704200,4.18
2011-03-21,4.15849794238683,4.22515432098765,4.11764403292181,4.18,2396800,4.18
2011-03-22,4.18645726055613,4.22304840370752,4.16493305870237,4.18,1594100,4.18
2011-03-23,4.2269,4.3344,4.2269,4.3,3393000,4.3
2011-03-24,4.3064596895343,4.36459689534301,4.29138708062093,4.3,2750400,4.3
2011-03-25,4.29634644101543,4.3823593827775,4.29634644101543,4.32,3662800,4.32
2011-03-28,4.36001027221366,4.36001027221366,4.19,4.19,4738000,4.19
2011-03-29,6.42581808097615,6.42581808097615,6.03993344425957,6.05,4035400,6.05
2011-03-30,6.0596694214876,6.1134435261708,5.86137741046832,6.1,2135200,6.1
2011-03-31,6.0933572216097,6.13700110253583,6.00942668136714,6.09,1439800,6.09
2011-04-01,6.09633479212254,6.14,5.98549234135667,6.14,1169900,6.14
2011-04-06,6.13671412924425,6.29113910186199,6.05950164293538,6.13,2273400,6.13
2011-04-07,6.12375415282392,6.12710963455149,6.03651162790698,6.06,1407800,6.06
2011-04-08,6.0686268174475,6.24336025848142,6.0686268174475,6.24,1482800,6.24
2011-04-11,6.25443650357339,6.28130841121495,6.02602528862012,6.11,3558200,6.11
2011-04-12,6.09484036488027,6.14856898517674,5.6818015963512,5.89,5164300,5.89
2011-04-13,5.81926262053318,6.00730572887124,5.72188315371526,5.92,2262600,5.92
2011-04-14,5.92322033898305,6.00376271186441,5.91986440677966,5.94,1482900,5.94
2011-04-15,5.93963565022422,6.00343049327354,5.8019730941704,5.99,1618400,5.99
2011-04-18,5.98069142857143,5.98069142857143,5.84987428571429,5.87,1303900,5.87
2011-04-19,5.86048695652174,5.86048695652174,5.69601739130435,5.79,2168500,5.79
2011-04-20,5.7891156462585,5.92,5.73541950113379,5.92,1668500,5.92
2011-04-21,6.11067525773196,6.51,6.0905412371134,6.51,11791400,6.51
2011-04-22,6.66389398572885,6.68068807339449,6.39182976554536,6.59,7308800,6.59
2011-04-25,6.53973482916879,6.78132585415604,6.36525242223355,6.58,7973600,6.58
2011-04-26,6.51,6.68131578947368,6.46297213622291,6.51,3050500,6.51
2011-04-27,6.56510863804981,6.5953471118177,6.22576576576577,6.34,3368700,6.34
2011-04-28,6.33179401993355,6.33514950166113,6.02308970099668,6.06,2873300,6.06
2011-04-29,6.06250950570342,6.19678435632808,6.06250950570342,6.18,1566000,6.18
2011-05-03,6.18342763873776,6.19685527747552,5.97194232861806,6.17,1909400,6.17
2011-05-04,6.10745098039216,6.17456582633053,5.95308683473389,5.99,1998200,5.99
2011-05-05,5.9928928373126,6.11382565241532,5.92570794003331,6.05,1428400,6.05
2011-05-06,5.99853181076672,6.24384991843393,5.97836867862969,6.18,1801400,6.18
2011-05-09,6.17842022116904,6.47071090047393,6.13474460242233,6.38,3379100,6.38
2011-05-10,6.430896,6.481216,6.279936,6.29,2543000,6.29
2011-05-11,6.28640085061138,6.35359914938862,6.20240297713982,6.32,1899000,6.32
2011-05-12,6.23316184351554,6.38412647374062,6.17613076098607,6.26,1616500,6.26
2011-05-13,6.21256123535676,6.32679978700745,6.20248136315229,6.31,1409400,6.31
2011-05-16,6.31400755124056,6.3644120819849,6.17287486515642,6.23,1375600,6.23
2011-05-17,6.17615467239527,6.28020945220193,6.11237916219119,6.25,1275500,6.25
2011-05-18,6.21022826086956,6.25053260869565,6.14641304347826,6.18,999500,6.18
2011-05-19,6.152474503489,6.35072463768116,6.152474503489,6.26,1677900,6.26
2011-05-20,6.33679957469431,6.3737586390218,6.24608187134503,6.32,2085500,6.32
2011-05-23,6.34955056179775,6.35626966292135,5.98,5.98,2595500,5.98
2011-05-24,5.93385894495413,5.95063073394495,5.64202981651376,5.85,2821700,5.85
2011-05-25,5.92129088785047,5.92129088785047,5.70969626168224,5.75,1435000,5.75
2011-05-26,5.76367802585194,5.84419506462985,5.67645123384254,5.71,1243000,5.71
2011-05-27,5.7146186440678,5.7146186440678,5.45929176755448,5.55,2390300,5.55
2011-05-30,5.53751552795031,5.55428571428571,5.31614906832298,5.4,1289600,5.4
2011-05-31,5.35639751552795,5.40335403726708,5.18198757763975,5.4,3332500,5.4
2011-06-01,5.40242277407632,5.58362204724409,5.28162325863113,5.54,2528600,5.54
2011-06-02,5.44664408866995,5.55067733990148,5.33254310344828,5.45,2277200,5.45
2011-06-03,5.472757996379,5.58013277006638,5.43920337960169,5.56,1649500,5.56
2011-06-07,5.54695731707317,5.60071341463415,5.42936585365854,5.51,2174200,5.51
2011-06-08,5.51960796139928,5.58679734620024,5.49273220747889,5.57,2124600,5.57
2011-06-09,5.55651232711966,5.68066145520144,5.55651232711966,5.58,2195400,5.58
2011-06-10,5.57007246376812,5.59693236714976,5.44248792270531,5.56,1259000,5.56
2011-06-13,5.50963768115942,5.59357487922705,5.42234299516908,5.56,855700,5.56
2011-06-14,5.57312537492501,5.66382723455309,5.48578284343131,5.6,1662200,5.6
2011-06-15,5.57657863145258,5.67052821128451,5.51282713085234,5.59,823600,5.59
2011-06-16,5.5944,5.61792,5.46,5.46,738800,5.46
2011-06-17,5.45328826060234,5.49020282728949,5.36939151813153,5.46,1085200,5.46
2011-06-20,5.43443246670894,5.43443246670894,5.27311350665821,5.3,1770200,5.3
2011-06-21,5.26657342657343,5.32027972027972,5.24643356643357,5.28,1706600,5.28
2011-06-22,5.28650442477876,5.33349557522124,5.2697218710493,5.31,629300,5.31
2011-06-23,5.28181651376147,5.52693577981651,5.27174311926605,5.49,2231100,5.49
2011-06-24,5.42785882352941,5.73687058823529,5.42785882352941,5.71,2850900,5.71
2011-06-27,5.71887614678899,5.99776376146789,5.6852752293578,5.86,5284100,5.86
2011-06-28,5.86008041355543,5.89368179207352,5.68871338311315,5.85,2756900,5.85
2011-06-29,5.84328743545611,5.9473321858864,5.7526678141136,5.85,2682700,5.85
2011-06-30,5.80204379562044,5.99343065693431,5.79868613138686,5.98,1867000,5.98
2011-07-01,5.99215258855586,6.26070844686648,5.99215258855586,6.16,4402200,6.16
2011-07-04,6.14633749321758,6.21351058057515,6.13290287574607,6.19,3496100,6.19
2011-07-05,6.20007596310364,6.21686923494303,6.1429788388497,6.19,1705400,6.19
2011-07-06,6.12573726541555,6.27006970509383,6.12573726541555,6.26,2122300,6.26
2011-07-07,6.27407407407407,6.34788671023965,6.15664488017429,6.16,2711100,6.16
2011-07-08,6.15014238773275,6.1702847754655,6.076286966046,6.13,1695800,6.13
2011-07-11,6.0858,6.22342702702703,6.0858,6.21,1377800,6.21
2011-07-12,6.16357064622125,6.21392661555312,6.07964403066813,6.13,2221100,6.13
2011-07-13,6.10931744312026,6.21343445287107,6.10931744312026,6.2,1474300,6.2
2011-07-14,6.21567953463776,6.42723426758329,6.20224748810153,6.35,3070500,6.35
2011-07-15,6.36241593378169,6.52357475426798,6.30869632695292,6.49,3790800,6.49
2011-07-18,6.49718913270637,6.64164576802508,6.36952978056426,6.43,2526500,6.43
2011-07-19,6.35393354769561,6.41767416934619,6.25664523043944,6.26,1671700,6.26
2011-07-20,6.33747169811321,6.33747169811321,6.12924528301887,6.23,2413200,6.23
2011-07-21,6.21040916530278,6.25745771958538,6.15663938897982,6.16,932500,6.16
2011-07-22,6.19688453159041,6.24057189542484,6.13639433551198,6.17,912000,6.17
2011-07-25,6.16887621220764,6.21255561893896,5.87656018254421,5.89,2747600,5.89
2011-07-26,5.88206094182825,6.06671468144044,5.88206094182825,6.06,2545300,6.06
2011-07-27,6.06471987315011,6.39027484143763,6.06471987315011,6.35,3907700,6.35
2011-07-28,6.25592592592593,6.45751322751323,6.24584656084656,6.35,3778300,6.35
2011-07-29,6.34993139841689,6.47075461741425,6.33315039577836,6.36,2468700,6.36
2011-08-01,6.3335641981886,6.42754395311668,6.12882258923815,6.3,1608200,6.3
2011-08-02,6.31,6.33015974440895,6.15544195953142,6.31,1708900,6.31
2011-08-03,6.25161924469736,6.49,6.20461458872219,6.49,3293800,6.49
2011-08-04,6.46649767201242,6.57393688566994,6.46649767201242,6.49,2233200,6.49
2011-08-05,6.25917937927407,6.52431351920042,6.16185165702262,6.38,2469400,6.38
2011-08-08,6.28749455337691,6.34788671023965,5.96204793028322,6.16,2735700,6.16
2011-08-09,6.04587657018023,6.2306116876024,5.73014746040415,6.15,1752500,6.15
2011-08-10,6.24366197183099,6.3477789815818,6.19328277356446,6.2,2285000,6.2
2011-08-11,6.14559657570894,6.28336008560728,6.03471375066881,6.28,2028900,6.28
2011-08-12,6.28890510948905,6.47357664233577,6.28890510948905,6.44,3338700,6.44
2011-08-15,6.43545869234668,6.62,6.38848454130765,6.62,4254200,6.62
2011-08-16,6.62736246786632,6.66093573264781,6.49306940874036,6.53,2492800,6.53
2011-08-17,6.50497265042268,6.78692192938836,6.48818995524615,6.75,4930700,6.75
2011-08-18,6.74818322182192,6.76160576428204,6.45624292331446,6.52,4874700,6.52
2011-08-19,6.38610477178423,6.56731846473029,6.34583506224066,6.47,2655400,6.47
2011-08-22,6.45686161879896,6.66168146214099,6.21846475195822,6.43,1842300,6.43
2011-08-23,6.4356517311609,6.59671079429735,6.4356517311609,6.59,1301000,6.59
2011-08-24,6.59544957774466,6.85067064083457,6.59544957774466,6.76,5240500,6.76
2011-08-25,6.77993577075099,6.83361166007905,6.66251976284585,6.79,3173600,6.79
2011-08-26,6.80328402366864,6.86372781065089,6.74955621301775,6.81,1353200,6.81
2011-08-29,6.74664179104478,6.83731343283582,6.7365671641791,6.75,1797800,6.75
2011-08-30,6.76424962102072,6.81129358261748,6.65,6.65,1151400,6.65
2011-08-31,6.60724652599074,6.70791559444158,6.50322182192486,6.52,1788400,6.52
2011-09-01,6.50657054582904,6.58378990731205,6.4864263645726,6.52,987800,6.52
2011-09-02,6.52051015096304,6.52386777719938,6.38956272774597,6.45,870100,6.45
2011-09-05,6.43266357547656,6.71482740855229,6.37555899021123,6.52,2164100,6.52
2011-09-06,6.45861321776815,6.54257854821235,6.19664138678223,6.2,4613000,6.2
2011-09-07,6.19252653927813,6.36025477707006,6.19252653927813,6.32,1012000,6.32
2011-09-08,6.28683815648446,6.40090032154341,6.22645230439443,6.26,2046600,6.26
2011-09-09,6.26575932737782,6.41350499211771,6.25568575932738,6.39,1325800,6.39
2011-09-13,6.28363636363636,6.38769230769231,6.19636363636364,6.24,734700,6.24
2011-09-14,6.24655931293612,6.3574449812131,6.16927536231884,6.26,631600,6.26
2011-09-15,6.28561879895561,6.57438120104439,6.25539947780679,6.43,2883600,6.43
2011-09-16,6.46039308176101,6.47719077568134,6.3797641509434,6.41,762700,6.41
2011-09-19,6.39014760147602,6.42372693726937,6.33977859778598,6.37,748600,6.37
2011-09-20,6.34981072555205,6.4336698212408,6.3397476340694,6.38,404200,6.38
2011-09-21,6.39228995901639,6.58019979508197,6.34195696721311,6.55,1677900,6.55
2011-09-22,6.51685980341438,6.61422659079152,6.43963786859803,6.49,1860400,6.49
2011-09-23,6.44953560371517,6.56038699690403,6.32524767801858,6.51,976300,6.51
2011-09-26,6.50118644067797,6.538125,6.33664194915254,6.34,712300,6.34
2011-09-27,6.3542641509434,6.42479245283019,6.21656603773585,6.23,1396600,6.23
2011-09-28,6.28464501926252,6.35514584479912,5.72735277930655,6.1,5360200,6.1
2011-09-29,5.92525563496427,6.11,5.82112699285322,6.11,2088400,6.11
2011-09-30,6.04439454235361,6.08135304150085,5.77896532120523,5.91,2188100,5.91
2011-10-10,5.90301748448957,6.07416807670615,5.86945854483926,5.95,808100,5.95
2011-10-11,6.05711484593838,6.27188235294118,5.9363081232493,5.99,886800,5.99
2011-10-12,5.97572368421053,6.16697368421053,5.97572368421053,6.12,755100,6.12
2011-10-13,6.15547189819724,6.33671261930011,6.12862142099682,6.33,2197900,6.33
2011-10-14,6.33396023643203,6.35075228371843,6.19962385814078,6.25,816300,6.25
2011-10-17,6.2578505629478,6.56,6.2578505629478,6.56,4019300,6.56
2011-10-18,6.54711548420508,6.68470222682548,6.47328845157949,6.48,3808300,6.48
2011-10-19,6.43879126460132,6.64021330624683,6.42200609446419,6.61,2254700,6.61
2011-10-20,6.59444154488518,6.59444154488518,6.29911795407098,6.43,1158300,6.43
2011-10-21,6.43380073800738,6.50767527675277,6.31963099630996,6.37,671100,6.37
2011-10-24,6.37335970464135,6.4103164556962,6.23561181434599,6.37,1047100,6.37
2011-10-25,6.4055641025641,6.61382051282051,6.36189743589744,6.55,1728600,6.55
2011-10-26,6.54595852301467,6.66686899342438,6.45527567020738,6.64,1898200,6.64
2011-10-27,6.64238473767885,6.66254372019078,6.2089666136725,6.34,5802600,6.34
2011-10-28,6.34,6.40047694753577,6.21232644409115,6.34,3445000,6.34
2011-10-31,6.3327443805541,6.42,6.21528489283847,6.42,3492900,6.42
2011-11-01,6.37281168492436,6.45343766301513,6.30562336984872,6.44,2088000,6.44
2011-11-02,6.34449020592667,6.69342039176293,6.3075841285786,6.68,5918700,6.68
2011-11-03,6.69335843373494,7.00905120481928,6.68328313253012,6.69,5704600,6.69
2011-11-07,6.55487274655355,6.63542417815483,6.20917285259809,6.33,8997200,6.33
2011-11-08,6.22426842684268,6.4326402640264,6.11,6.11,5317200,6.11
2011-11-09,6.07894168466523,6.25358531317495,6.04535637149028,6.22,7200000,6.22
2011-11-10,6.14258861439313,6.39433404940924,6.11237916219119,6.25,4400600,6.25
2011-11-11,6.25328326180257,6.30030042918455,6.16596566523605,6.26,3506700,6.26
2011-11-14,6.2784587628866,6.51,6.25496907216495,6.51,3978800,6.51
2011-11-15,6.50229681978799,6.68356890459364,6.45865724381625,6.65,3768300,6.65
2011-11-16,6.6745867768595,6.69808884297521,6.43956611570248,6.5,4119500,6.5
2011-11-17,6.50302254098361,6.62382172131147,6.50302254098361,6.55,2495700,6.55
2011-11-18,6.50424657534247,6.58479452054795,6.2827397260274,6.37,2445400,6.37
2011-11-21,6.28977683315622,6.35358129649309,6.23940488841658,6.32,625200,6.32
2011-11-22,6.28356605800215,6.35069817400645,6.19629430719656,6.25,687300,6.25
2011-11-23,6.25688241639698,6.31400755124056,6.20311758360302,6.23,1286300,6.23
2011-11-24,6.19622520107239,6.28013941018767,6.15930294906166,6.26,805200,6.26
2011-11-25,6.22348484848485,6.2469696969697,6.10270562770563,6.2,1368300,6.2
2011-11-28,6.21371117166213,6.24728065395095,6.09286103542234,6.16,1014500,6.16
2011-11-29,6.16283870967742,6.24335483870968,6.10916129032258,6.24,1337200,6.24
2011-11-30,6.2404236827811,6.2404236827811,6.02558392178164,6.18,1386900,6.18
2011-12-01,6.25690399137001,6.35755124056095,6.18645091693635,6.22,1831900,6.22
2011-12-02,6.19765096952909,6.19765096952909,6.02642659279778,6.06,1033400,6.06
2011-12-05,6.02517482517482,6.04195804195804,5.74993006993007,5.76,2456600,5.76
2011-12-06,5.7998499711483,5.82335833814195,5.75619157530294,5.82,734900,5.82
2011-12-07,5.79384976525822,5.79720657276995,5.64950704225352,5.72,1222200,5.72
2011-12-08,5.64992882562278,5.76742586002373,5.62642941874259,5.66,909800,5.66
2011-12-09,5.64610687022901,5.74687022900763,5.62931297709924,5.72,671200,5.72
2011-12-12,5.72093581283743,5.72765446910618,5.6,5.6,537200,5.6
2011-12-13,5.56221797323136,5.63275334608031,5.19610579987253,5.27,2214400,5.27
2011-12-14,5.26772459016393,5.28451147540984,5.04613770491803,5.12,944400,5.12
2011-12-15,5.11736138944556,5.11736138944556,4.93591850367401,5.03,1581700,5.03
2011-12-16,4.99569553805774,5.13007874015748,4.94530183727034,5.12,1204400,5.12
2011-12-19,5.20415019762846,5.20415019762846,4.97905138339921,5.1,1101700,5.1
2011-12-20,5.01517085751128,5.22007736943907,5.01517085751128,5.21,1445900,5.21
2011-12-21,5.23648786717752,5.37756066411239,5.23648786717752,5.26,2340800,5.26
2011-12-22,5.33612042209808,5.41671632526381,5.18164494103042,5.41,1990900,5.41
2011-12-23,5.3890487804878,5.5267987804878,5.34201219512195,5.51,1297600,5.51
2011-12-26,5.64692998204668,5.64692998204668,5.39849192100539,5.61,1162400,5.61
2011-12-27,5.61651397977394,5.64,5.39842950624628,5.64,684900,5.64
2011-12-28,5.51560543414058,5.69341996455995,5.35121086828116,5.68,1511600,5.68
2011-12-29,5.67984678845021,5.77053624042428,5.56228638774308,5.7,1571100,5.7
2011-12-30,5.64633412042503,5.86802243211334,5.64633412042503,5.69,1808600,5.69
2012-01-02,5.64633412042503,5.86802243211334,5.64633412042503,5.69,1808600,5.69
2012-01-03,5.64633412042503,5.86802243211334,5.64633412042503,5.69,1808600,5.69
2012-01-04,5.82943653250774,5.82943653250774,5.38979566563467,5.42,1415100,5.42
2012-01-05,5.42289172831204,5.47993947545393,4.98664425016812,4.99,1556700,4.99
2012-01-06,5.028984375,5.049140625,4.49484375,4.73,4941600,4.73
2012-01-09,4.8028060522696,4.9571939477304,4.58129298486933,4.88,1490600,4.88
2012-01-10,4.87880636604774,5.12039787798408,4.81840848806366,5.06,2000500,5.06
2012-01-11,5.01137029955386,5.38755895474825,5.01137029955386,5.27,2113800,5.27
2012-01-12,5.26765052356021,5.28443717277487,5.11321335078534,5.13,941500,5.13
2012-01-13,5.20548387096774,5.20548387096774,4.84636925188744,4.89,1141700,4.89
2012-01-16,4.8071560283688,4.85412056737589,4.64948936170213,4.73,841000,4.73
2012-01-17,4.85597014925373,4.97350746268657,4.73507462686567,4.95,1072900,4.95
2012-01-18,4.94482905982906,5.02198717948718,4.67645299145299,4.71,636700,4.71
2012-01-19,4.7101935483871,4.81083870967742,4.576,4.68,937700,4.68
2012-01-20,4.68640569395018,4.82414234875445,4.68640569395018,4.72,978600,4.72
2012-01-23,4.72,4.72,4.72,4.72,0,4.72
2012-01-24,4.72,4.72,4.72,4.72,0,4.72
2012-01-25,4.72,4.72,4.72,4.72,0,4.72
2012-01-26,4.72,4.72,4.72,4.72,0,4.72
2012-01-27,4.72,4.72,4.72,4.72,0,4.72
2012-01-30,4.74985925404645,4.80356790992259,4.7129345531316,4.77,412100,4.77
2012-01-31,4.8907713884993,4.8907713884993,4.71610098176718,4.79,250200,4.79
2012-02-01,4.80351370344343,4.82030920590302,4.6523541813071,4.78,529100,4.78
2012-02-02,4.66892458100559,4.81,4.66892458100559,4.81,484400,4.81
2012-02-03,4.80285910652921,4.88335395189003,4.74919587628866,4.88,1642100,4.88
2012-02-06,4.88664148351648,4.96052884615385,4.8496978021978,4.89,2857500,4.89
2012-02-07,4.8773417721519,4.8773417721519,4.72303797468354,4.77,1553100,4.77
2012-02-08,4.8028738800827,4.87,4.74246037215713,4.87,1532700,4.87
2012-02-09,4.87604603926879,5.02716316858497,4.84582261340555,4.96,2093300,4.96
2012-02-10,4.93006134969325,5.0038445807771,4.89652351738241,4.92,2551300,4.92
2012-02-13,4.88826429980276,5.16711374095989,4.84458908612755,5.11,2499700,5.11
2012-02-14,5.06671087533156,5.12375331564987,4.99624668435013,5.06,1407900,5.06
2012-02-15,5.06292459016393,5.12,5.01256393442623,5.12,1266900,5.12
2012-02-16,5.1102181097158,5.13036351619299,5.01620621282221,5.08,1460400,5.08
2012-02-17,5.05328467153285,5.10700729927007,4.92569343065693,5.06,1349400,5.06
2012-02-20,5.16079893475366,5.17422103861518,5.04,5.04,2368200,5.04
2012-02-21,5.0064796259185,5.06024048096192,4.94263861055444,5.03,1715000,5.03
2012-02-22,5.03147561747942,5.3,5.03147561747942,5.3,6824200,5.3
2012-02-23,5.30232098765432,5.47693827160494,5.25866666666667,5.44,5870800,5.44
2012-02-24,5.38664383561644,5.50075342465753,5.36986301369863,5.39,2961000,5.39
2012-02-27,5.39664387818521,5.66177750155376,5.33287756370416,5.4,4170000,5.4
2012-02-28,5.42396226415094,5.51128301886792,5.30977358490566,5.34,3460000,5.34
2012-02-29,5.40771191841938,5.40771191841938,5.22969407265774,5.27,1973200,5.27
2012-03-01,5.22974538510503,5.29683640992998,5.20626352641629,5.27,1294700,5.27
2012-03-02,5.28176578786021,5.48335990190068,5.25824647455549,5.48,2219600,5.48
2012-03-05,5.49677893447642,5.60416411512554,5.36254745866504,5.48,2637600,5.48
2012-03-06,5.46952612393682,5.56359659781288,5.42585054678007,5.53,2824900,5.53
2012-03-07,5.50649666059502,5.57364905889496,5.44605950212508,5.53,1846900,5.53
2012-03-08,5.54,5.58029090909091,5.49299393939394,5.54,1184700,5.54
2012-03-09,5.56304739052189,5.60335932813437,5.53281343731254,5.6,1575600,5.6
2012-03-12,5.62328562909958,5.7072152653548,5.54607036374478,5.63,1601500,5.63
2012-03-13,5.61973918197985,5.66,5.52579727326615,5.66,2994100,5.66
2012-03-14,5.705625,5.73583125,5.37,5.37,5643000,5.37
2012-03-15,5.44709034267913,5.53440498442368,5.30268535825545,5.39,2802000,5.39
2012-03-16,5.42269957343083,5.59394271785497,5.37569165143205,5.51,3854700,5.51
2012-03-19,5.53235608308605,5.67679525222552,5.49540652818991,5.66,3567200,5.66
2012-03-20,5.67386091127098,5.67386091127098,5.50935251798561,5.6,2723500,5.6
2012-03-21,5.56299820466786,5.65700179533214,5.4757091561939,5.61,2073200,5.61
2012-03-22,5.61,5.62678635547576,5.50928186714542,5.61,1222500,5.61
2012-03-23,5.6149751552795,5.61833540372671,5.41,5.41,2106600,5.41
2012-03-26,5.3904858044164,5.44418927444795,5.2495141955836,5.32,2339300,5.32
2012-03-27,5.31993073047859,5.40048488664987,5.31993073047859,5.33,863300,5.33
2012-03-28,5.32748387096774,5.35432258064516,5.15974193548387,5.2,1332400,5.2
2012-03-29,5.21976967370441,5.27015355086372,5.17274472168906,5.25,1277500,5.25
2012-03-30,5.26678388746803,5.26678388746803,5.21643222506394,5.25,651300,5.25
2012-04-02,5.25,5.25,5.25,5.25,0,5.25
2012-04-03,5.25,5.25,5.25,5.25,0,5.25
2012-04-04,5.25,5.25,5.25,5.25,0,5.25
2012-04-05,5.25219814241486,5.45691640866873,5.25219814241486,5.42,1398900,5.42
2012-04-06,5.42960147148988,5.53039852851012,5.38256284488044,5.48,1311700,5.48
2012-04-09,5.48,5.48,5.48,5.48,0,5.48
2012-04-10,5.42554282267793,5.59015681544029,5.20381785283474,5.57,2219000,5.57
2012-04-11,5.5233556231003,5.59382370820669,5.48644376899696,5.52,1375400,5.52
2012-04-12,5.47642291285801,5.56372333942718,5.43613040828763,5.51,2199200,5.51
2012-04-13,5.53649758454106,5.60700483091787,5.52642512077295,5.56,3877600,5.56
2012-04-16,5.5527847346452,5.64678592725104,5.53935599284437,5.63,2627200,5.63
2012-04-17,5.67209345794392,5.67545171339564,5.38328348909657,5.39,3433000,5.39
2012-04-18,5.36286066584464,5.4701849568434,5.26224414303329,5.44,6087600,5.44
2012-04-19,5.38926605504587,5.51014678899083,5.36576146788991,5.49,3994500,5.49
2012-04-20,8.41758296806512,8.47516593613024,8.24483406386975,8.36,2943800,8.36
2012-04-23,8.3433375,8.4271375,8.23335,8.38,1515700,8.38
2012-04-24,8.31467356173238,8.41415643180349,8.05287653522948,8.1,2210100,8.1
2012-04-25,8.07809032258064,8.26144516129032,7.9576,8.12,3757300,8.12
2012-04-26,8.14242941562705,8.14242941562705,7.91188443860801,7.98,2810900,7.98
2012-04-27,7.88379058979457,8.02007952286282,7.88379058979457,7.91,1414000,7.91
2012-04-30,7.91,7.91,7.91,7.91,0,7.91
2012-05-01,7.91,7.91,7.91,7.91,0,7.91
2012-05-02,7.99611486486486,8.04847972972973,7.70287162162162,7.75,6666900,7.75
2012-05-03,7.6990635451505,7.83523745819398,7.6466889632107,7.83,2341000,7.83
2012-05-04,7.8152380952381,8.15047619047619,7.8152380952381,8.14,3185100,8.14
2012-05-07,8.10371501272265,8.29765903307888,8.07226463104326,8.24,2748000,8.24
2012-05-08,8.29714285714286,8.31809523809524,8.09809523809524,8.25,2092900,8.25
2012-05-09,8.20097283638661,8.35807959570436,8.12241945672773,8.29,3508700,8.29
2012-05-10,8.29190476190476,8.44380952380952,8.23952380952381,8.36,2132700,8.36
2012-05-11,8.35612738853503,8.37183439490446,8.21476433121019,8.22,1549700,8.22
2012-05-14,8.30190234622701,8.39094483195942,8.23904882688649,8.26,1358800,8.26
2012-05-15,8.21952259707193,8.31381922342457,8.18809038828772,8.23,1953500,8.23
2012-05-16,8.25855313700384,8.25855313700384,8.05431498079385,8.18,534300,8.18
2012-05-17,8.25143403441683,8.25143403441683,8.15713193116635,8.22,981200,8.22
2012-05-18,8.21571884984025,8.24191693290735,8.14760383386581,8.2,1016300,8.2
2012-05-21,8.18626302083333,8.21770833333333,7.987109375,8.05,1513900,8.05
2012-05-22,8.05666237113402,8.16143041237114,7.9885631443299,8.13,501000,8.13
2012-05-23,8.13674008810573,8.33570799244808,8.0739081183134,8.32,1634000,8.32
2012-05-24,8.32888685015291,8.71152293577982,8.25550458715596,8.57,5899600,8.57
2012-05-25,8.57284307692308,8.61473846153846,8.38955076923077,8.51,1242500,8.51
2012-05-28,8.45905487804878,8.60571341463415,8.27573170731707,8.59,1372500,8.59
2012-05-29,8.53627852545348,9.02331772966647,8.53627852545348,8.95,6949800,8.95
2012-05-30,8.96382061735585,9.09995340710542,8.87481071636575,8.99,2840600,8.99
2012-05-31,8.94854178674351,9.14763112391931,8.88567146974063,9.09,3320500,9.09
2012-06-01,9.06429065743944,9.10094579008074,8.93861591695502,9.08,1363400,9.08
2012-06-04,8.88473835537665,9.36145485911443,8.82711328349626,9.11,3741300,9.11
2012-06-05,9.21518987341772,9.22566168009206,8.86962025316456,9.1,1826900,9.1
2012-06-06,9.18997183098592,9.34191549295775,9.11138028169014,9.3,1936000,9.3
2012-06-07,9.30484065934066,9.66614285714286,9.30484065934066,9.53,4293900,9.53
2012-06-08,9.62139140271493,9.78899321266968,9.09763574660633,9.26,5511300,9.26
2012-06-11,9.16069226608978,9.72144402379665,9.14497025419145,9.69,3359200,9.69
2012-06-12,9.62002691065662,9.83997308934338,9.47339612486545,9.73,1582000,9.73
2012-06-13,9.71142857142857,9.86857142857143,9.62761904761905,9.79,1614900,9.79
2012-06-14,9.76857822410148,10.0618974630021,9.70048625792812,9.91,2249300,9.91
2012-06-15,9.88710441334768,10.0651560818084,9.56765877287406,9.73,1803600,9.73
2012-06-18,9.86861349036402,9.86861349036402,9.61180942184154,9.79,1534300,9.79
2012-06-19,9.75381365113759,9.83762730227519,9.47094257854821,9.67,2531800,9.67
2012-06-20,9.56429189189189,9.78951891891892,9.56429189189189,9.69,1150300,9.69
2012-06-21,9.67,9.83771815718157,9.60186449864499,9.67,1473700,9.67
2012-06-22,9.67,9.67,9.67,9.67,0,9.67
2012-06-25,9.66670335718217,10.0806164006604,9.43616951018162,9.52,3464400,9.52
2012-06-26,9.43380952380953,9.76380952380952,9.41809523809524,9.57,1703400,9.57
2012-06-27,9.55182108626198,9.99194888178914,9.55182108626198,9.84,2651900,9.84
2012-06-28,9.94854111405835,10.0061379310345,9.72862599469496,9.87,1414700,9.87
2012-06-29,9.79047139830509,9.95286016949153,9.54950741525424,9.89,1348100,9.89
2012-07-02,9.88768995410505,10.4271137174911,9.88768995410505,10.27,2800200,10.27
2012-07-03,10.3393767705382,10.5016657223796,9.24,9.24,9082500,9.24
2012-07-04,9.11127272727273,9.12174545454546,8.31534545454546,8.64,23536500,8.64
2012-07-05,8.39238693467337,8.47620603015075,8.09902010050251,8.34,11060800,8.34
2012-07-06,8.43904643962848,8.49666873065016,8.14045820433437,8.46,8735000,8.46
2012-07-09,8.25998697068404,8.35950488599349,7.94048208469055,8.04,6011600,8.04
2012-07-10,8.02075085324232,8.02075085324232,7.65378839590444,7.68,5734800,7.68
2012-07-11,7.6756393442623,8.02143606557377,7.53417704918033,7.99,4499700,7.99
2012-07-12,7.18868402533427,7.60230823363828,7.18868402533427,7.44,13802200,7.44
2012-07-13,7.37468859342197,7.53717284814556,7.29082575227432,7.49,4974300,7.49
2012-07-16,7.46090287277702,7.89053351573187,7.37707250341997,7.66,5357000,7.66
2012-07-17,7.58240083507307,7.76580375782881,7.47235908141962,7.53,3951100,7.53
2012-07-18,7.49284225156359,7.60287699791522,7.41948575399583,7.54,1889700,7.54
2012-07-19,7.54647330257086,8.0914963744232,7.54647330257086,7.95,5113400,7.95
2012-07-20,7.94714854111406,8.00477453580902,7.77950928381963,7.9,1962500,7.9
2012-07-23,7.8,7.90483870967742,7.70040322580645,7.8,1487300,7.8
2012-07-24,7.76047297297297,7.83378378378378,7.60337837837838,7.75,2017100,7.75
2012-07-25,7.75666214382632,7.75666214382632,7.45289009497965,7.72,3544500,7.72
2012-07-26,7.67240715268226,7.70909215955984,7.46801925722146,7.62,1524400,7.62
2012-07-27,7.62524071526823,7.6409628610729,7.45753782668501,7.62,1557900,7.62
2012-07-30,7.61561844863732,7.64702306079664,7.49,7.49,758000,7.49
2012-07-31,7.49235749472203,7.52900774102745,7.41382125263899,7.44,899900,7.44
2012-08-01,7.28710726643599,7.5961937716263,7.28710726643599,7.57,1541800,7.57
2012-08-02,7.56352074966533,7.88804551539491,7.56352074966533,7.82,3022100,7.82
2012-08-03,7.82951871657754,7.92385026737968,7.71422459893048,7.84,1347200,7.84
2012-08-06,7.80662295081967,8.00047868852459,7.75422950819672,7.99,1557800,7.99
2012-08-07,8.00618110236221,8.00618110236221,7.85433070866142,7.98,2189600,7.98
2012-08-08,7.89233644859813,7.99700934579439,7.73009345794392,7.84,1226600,7.84
2012-08-09,7.83281967213115,8.04763278688525,7.69659672131148,7.99,2415100,7.99
2012-08-10,7.97618577075099,7.97618577075099,7.88191699604743,7.95,816700,7.95
2012-08-13,7.89192105263158,8.12757894736842,7.89192105263158,7.96,1794700,7.96
2012-08-14,7.81186229508197,8.04239344262295,7.81186229508197,7.99,1606200,7.99
2012-08-15,7.99,8.00047868852459,7.8799737704918,7.99,1023300,7.99
2012-08-16,7.9666402640264,7.97187458745875,7.78343894389439,7.93,1559300,7.93
2012-08-17,7.82096774193548,7.86290322580645,7.73185483870968,7.8,1003000,7.8
2012-08-20,7.78092543275632,7.8857190412783,7.53466045272969,7.87,1652000,7.87
2012-08-21,7.88759075907591,8.04481848184819,7.7670495049505,7.94,862900,7.94
2012-08-22,8.06103106411104,8.06103106411104,7.85662260409782,7.93,553100,7.93
2012-08-23,7.92820301783265,8.02252400548697,7.61903978052126,7.64,3876700,7.64
2012-08-24,7.59952512044047,7.69379903647626,7.49477632484515,7.61,2649000,7.61
2012-08-27,7.60899646643109,7.60899646643109,7.28431802120141,7.41,2526600,7.41
2012-08-28,7.33191790516631,7.49426751592357,7.27430997876858,7.4,1621100,7.4
2012-08-29,7.40048226950355,7.53151063829787,7.29565957446809,7.39,1795700,7.39
2012-08-30,7.31618534482759,7.3214224137931,7.00196120689655,7.29,3023600,7.29
2012-08-31,7.02242534595776,7.20571012381646,6.79201019664967,7.19,2418600,7.19
2012-09-03,7.03156428571429,7.33523571428571,7.03156428571429,7.33,1516700,7.33
2012-09-04,7.33042846768337,7.33042846768337,7.09480755265069,7.21,1196200,7.21
2012-09-05,7.07235890014472,7.31334298118669,7.07235890014472,7.24,1136400,7.24
2012-09-06,7.21527896995708,7.32,7.15244635193133,7.32,1403000,7.32
2012-09-07,7.32698347107438,7.7410261707989,7.28505509641873,7.61,4764500,7.61
2012-09-10,7.53332871972318,7.69573010380623,7.46522491349481,7.57,2133400,7.57
2012-09-11,7.56519865319865,7.81143434343435,7.53376430976431,7.78,2654900,7.78
2012-09-12,7.8058156996587,7.85299658703072,7.62233447098976,7.68,2293000,7.68
2012-09-13,7.69958620689655,7.71531034482759,7.58427586206896,7.6,806400,7.6
2012-09-14,7.60619212163096,7.716199032481,7.53285418106427,7.58,950100,7.58
2012-09-17,7.55857142857143,7.57428571428571,7.21285714285714,7.26,1364300,7.26
2012-09-18,7.25910087719298,7.26434210526316,7.1280701754386,7.17,738500,7.17
2012-09-19,7.165237746891,7.24380395025604,7.13381126554499,7.16,827500,7.16
2012-09-20,7.16422018348624,7.2427752293578,6.85,6.85,1448300,6.85
2012-09-21,6.85380045696877,6.94811881188119,6.77520182787509,6.88,518200,6.88
2012-09-24,6.84604616530156,7.05572598659717,6.77790022338049,7.04,1101300,7.04
2012-09-25,7.04860902255639,7.04860902255639,6.85470676691729,6.97,956500,6.97
2012-09-26,6.85142857142857,6.93,6.76761904761905,6.93,987500,6.93
2012-09-27,6.91013215859031,7.15617474302496,6.81590308370044,7.13,3026100,7.13
2012-09-28,7.04722262509065,7.23570703408267,7.0053372008702,7.22,1195100,7.22
2012-10-01,7.22,7.22,7.22,7.22,0,7.22
2012-10-02,7.22,7.22,7.22,7.22,0,7.22
2012-10-03,7.22,7.22,7.22,7.22,0,7.22
2012-10-04,7.22,7.22,7.22,7.22,0,7.22
2012-10-05,7.22,7.22,7.22,7.22,0,7.22
2012-10-08,7.18858593183466,7.25141406816534,6.9215663524293,7.22,599800,7.22
2012-10-09,7.24419630156472,7.37524182076814,7.22322901849217,7.37,1573200,7.37
2012-10-10,7.31672804532578,7.44233711048159,7.26439093484419,7.39,689100,7.39
2012-10-11,7.38056317689531,7.38056317689531,7.26,7.26,445800,7.26
2012-10-12,7.29005839416058,7.33722627737226,7.16951824817518,7.18,1104200,7.18
2012-10-15,7.23706987227648,7.23706987227648,6.97,6.97,439000,6.97
2012-10-16,6.97667161961367,7.081426448737,6.9714338781575,7.05,911300,7.05
2012-10-17,7.05715246636771,7.05715246636771,6.96808669656203,7.01,554800,7.01
2012-10-18,7.00949348769899,7.24,7.00949348769899,7.24,1388700,7.24
2012-10-19,7.17951895043732,7.23716472303207,7.13759475218659,7.19,415300,7.19
2012-10-22,7.18713167259787,7.36,7.09283985765124,7.36,959600,7.36
2012-10-23,7.35808189655172,7.37379310344827,7.2585775862069,7.29,541200,7.29
2012-10-24,7.19910714285714,7.33,7.00015,7.33,436800,7.33
2012-10-25,7.31947788252357,7.37183466279913,7.18858593183466,7.22,397000,7.22
2012-10-26,7.19952034883721,7.3252761627907,7.05280523255814,7.21,606300,7.21
2012-10-29,7.25573108008817,7.25573108008817,7.08808963997061,7.13,334600,7.13
2012-10-30,7.17530809205642,7.19103192279139,7.05475872308834,7.06,294600,7.06
2012-10-31,7.05523774145616,7.0971396731055,7.0028603268945,7.05,321300,7.05
2012-11-01,7.16860310421286,7.17384331116038,7.05331855136733,7.09,948700,7.09
2012-11-02,7.08765395894428,7.15570381231672,7.03530791788856,7.14,611600,7.14
2012-11-05,7.09143900657414,7.18571219868517,7.0600146092038,7.17,1273600,7.17
2012-11-06,7.16711764705882,7.18805882352941,7.02576470588235,7.12,690300,7.12
2012-11-07,7.09382352941177,7.13047058823529,7.06764705882353,7.12,716000,7.12
2012-11-08,7.10760754716981,7.10760754716981,6.93476226415094,6.94,479000,6.94
2012-11-09,6.93188622754491,7.0314371257485,6.93188622754491,7,426300,7
2012-11-12,6.9738219895288,7.03664921465969,6.95287958115183,7,251700,7
2012-11-13,6.94385026737968,7.03294117647059,6.85475935828877,6.86,787000,6.86
2012-11-14,6.91428571428571,6.91428571428571,6.77809523809524,6.82,565900,6.82
2012-11-15,6.81047765793529,6.92573189522342,6.64807395993837,6.8,569600,6.8
2012-11-16,6.78110839445803,6.78110839445803,6.40903830480848,6.43,1560000,6.43
2012-11-19,6.47213473315836,6.47213473315836,5.88518810148732,5.99,3701800,5.99
2012-11-20,5.97952797202797,6.0633041958042,5.9533479020979,5.99,1044800,5.99
2012-11-21,6.00191544434858,6.10142364106989,5.92859361518551,6.07,639600,6.07
2012-11-22,6.02053036783576,6.18805816937553,5.88964927288281,6.12,992300,6.12
2012-11-23,6.15906744379684,6.48901748542881,6.07003330557869,6.29,1181200,6.29
2012-11-26,6.26476627712855,6.47411519198664,6.16532554257095,6.27,992100,6.27
2012-11-27,6.24822107081174,6.44216753022453,6.05951640759931,6.07,713400,6.07
2012-11-28,6.0062050832603,6.16867659947415,5.9275898334794,5.98,323200,5.98
2012-11-29,6.0491935483871,6.05443548387097,5.84475806451613,5.85,368000,5.85
2012-11-30,5.86291245791246,6.24048821548822,5.36472222222222,6.23,1627300,6.23
2012-12-03,6.1618265993266,6.39781144781145,6.1618265993266,6.23,1223900,6.23
2012-12-04,6.17141659681475,6.27619446772842,6.13998323554065,6.25,713000,6.25
2012-12-05,6.24649330181245,6.84389282899921,6.24649330181245,6.65,1774300,6.65
2012-12-06,6.57473035439137,6.98335901386749,6.46995377503852,6.8,1009800,6.8
2012-12-07,6.80192248062016,6.83860465116279,6.68663565891473,6.76,743500,6.76
2012-12-10,6.76,6.76,6.76,6.76,0,6.76
2012-12-11,6.76,6.76,6.76,6.76,0,6.76
2012-12-12,7.03199690402477,7.03199690402477,6.62852167182663,6.77,967200,6.77
2012-12-13,6.70951664025357,6.96092709984152,6.60476228209192,6.61,638900,6.61
2012-12-14,6.57243883792049,6.91284403669725,6.57243883792049,6.85,1235400,6.85
2012-12-17,6.84764795144158,6.95758725341426,6.79529590288316,6.9,1208100,6.9
2012-12-18,6.90429230769231,6.99334615384615,6.79952307692308,6.81,727700,6.81
2012-12-19,6.80523882896764,6.92573189522342,6.73713405238829,6.8,641900,6.8
2012-12-20,6.79953088350274,6.84667709147772,6.61094605160281,6.7,712600,6.7
2012-12-21,6.74377358490566,6.75424528301887,6.62858490566038,6.66,466600,6.66
2012-12-24,6.57564935064935,6.6541801948052,6.45,6.45,1387000,6.45
2012-12-25,6.51837638376384,7.1,6.47121771217712,7.1,8259800,7.1
2012-12-26,7.14236336779911,7.16854505169867,7.02192762186115,7.09,4764100,7.09
2012-12-27,7.09434220532319,7.26200760456274,6.89,6.89,4151800,6.89
2012-12-28,6.88289274924471,6.96663897280967,6.81484894259819,6.93,2576100,6.93
2012-12-31,6.93141122913505,6.999468892261,6.84764795144158,6.9,2490200,6.9
2013-01-01,6.9,6.9,6.9,6.9,0,6.9
2013-01-02,6.9,6.9,6.9,6.9,0,6.9
2013-01-03,6.9,6.9,6.9,6.9,0,6.9
2013-01-04,7.00905374716124,7.00905374716124,6.78903860711582,6.92,1754400,6.92
2013-01-07,6.94905334335086,7.12186326070624,6.88097670924117,6.97,1672000,6.97
2013-01-08,6.9690036900369,7.1,6.89040590405904,7.1,2965500,7.1
2013-01-09,7.09669064748202,7.37427338129497,7.03384172661871,7.28,4248800,7.28
2013-01-10,7.19910714285714,7.45042142857143,7.12057142857143,7.33,3822100,7.33
2013-01-11,7.25621780721119,7.43958793230316,7.0990434142752,7.12,2756700,7.12
2013-01-14,7.05865329512894,7.35189111747851,7.05865329512894,7.31,6450800,7.31
2013-01-15,7.28717948717949,7.51228632478632,7.26623931623932,7.35,2510600,7.35
2013-01-16,7.35581717451524,7.64376731301939,7.32963988919668,7.56,5909600,7.56
2013-01-17,7.58888101983003,7.62551699716714,7.25915722379603,7.39,4035300,7.39
2013-01-18,7.42620641562064,7.53094839609484,7.21672245467224,7.51,3868900,7.51
2013-01-21,7.49378798586572,7.49378798586572,7.30002826855124,7.41,2518000,7.41
2013-01-22,7.40751988430947,7.41798987707882,7.23476500361533,7.24,1904500,7.24
2013-01-23,7.28898079763663,7.30992614475628,7.02716395864106,7.09,1685900,7.09
2013-01-24,7.18891933028919,7.18891933028919,6.74386605783866,6.88,2486600,6.88
2013-01-25,6.80428571428572,6.88285714285714,6.68904761904762,6.82,2330000,6.82
2013-01-28,6.85907894736842,6.89051857585139,6.73332043343653,6.77,6233100,6.77
2013-01-29,6.85274261603375,7.45,6.85274261603375,7.45,9543300,7.45
2013-01-30,7.54878888153541,8.09322303110523,7.54878888153541,7.91,11052900,7.91
2013-01-31,7.77903331156107,8.04095362508165,7.68998040496407,8.02,6715500,8.02
2013-02-01,7.90095744680851,8.01098404255319,7.83284574468085,7.88,3751300,7.88
2013-02-04,7.88663594470046,7.97572086899276,7.69274522712311,7.96,4748300,7.96
2013-02-05,7.84856382978723,7.90095744680851,7.6913829787234,7.88,2035000,7.88
2013-02-06,7.87761553918285,7.96141995981246,7.7780977896852,7.82,2342800,7.82
2013-02-07,7.8566890080429,7.88813672922252,7.69945040214477,7.82,2395500,7.82
2013-02-08,7.6918187787262,8.28913985554826,7.6918187787262,7.98,3963900,7.98
2013-02-11,7.98,7.98,7.98,7.98,0,7.98
2013-02-12,7.98,7.98,7.98,7.98,0,7.98
2013-02-13,7.98,7.98,7.98,7.98,0,7.98
2013-02-14,7.98,7.98,7.98,7.98,0,7.98
2013-02-15,7.98,7.98,7.98,7.98,0,7.98
2013-02-18,7.93617912371134,8.13,7.83664948453608,8.13,2968900,8.13
2013-02-19,8.78731060606061,8.94450757575758,8.14804292929293,8.3,8847400,8.3
2013-02-20,8.1852402306214,8.46297245355541,8.05947469570788,8.18,6059700,8.18
2013-02-21,8.05760981912145,8.27240956072351,8.00521963824289,8.11,4578600,8.11
2013-02-22,8.02813060179257,8.21665813060179,8.02813060179257,8.18,2739000,8.18
2013-02-25,8.09577287066246,8.32094637223975,8.09577287066246,8.3,2921200,8.3
2013-02-26,8.2147127178825,8.39272433828276,8.09429309231762,8.11,2332600,8.11
2013-02-27,8.11090551181102,8.19468503937008,7.80720472440945,7.98,2255300,7.98
2013-02-28,8.25684401451028,8.73853688029021,8.05788391777509,8.66,6900300,8.66
2013-03-01,8.61878201479795,9.28377916903813,8.61878201479795,9.2,5958300,9.2
2013-03-04,9.26516443361754,9.30706455542022,8.57904993909866,8.6,6218800,8.6
2013-03-05,8.54384061981184,9.46,8.45484228002214,9.46,7764700,9.46
2013-03-06,9.66537735849057,10.1680188679245,9.58683962264151,9.99,8512900,9.99
2013-03-07,10.0685789197693,10.1523964341898,9.72283167278448,9.99,6014700,9.99
2013-03-08,9.67092356687898,10.069076433121,9.4928025477707,9.87,2992100,9.87
2013-03-11,9.86665956313266,9.93997868939798,9.46864144912094,9.83,2437100,9.83
2013-03-12,9.85285714285714,9.85285714285714,9.30809523809524,9.35,4502200,9.35
2013-03-13,9.30809523809524,9.40761904761905,8.76857142857143,9.02,4838000,9.02
2013-03-14,9.0148895184136,9.37087818696884,8.85783569405099,9.24,4063000,9.24
2013-03-15,9.2452380952381,9.66952380952381,9.2452380952381,9.46,4647400,9.46
2013-03-18,9.27132409972299,9.6748808864266,9.27132409972299,9.46,2123500,9.46
2013-03-19,9.40943344334433,9.59814631463146,9.12636413641364,9.53,2471400,9.53
2013-03-20,9.67230121116377,10.0338335966298,9.55703001579779,9.95,4640400,9.95
2013-03-21,9.94906482465462,10.153390010627,9.68187035069075,9.86,4808100,9.86
2013-03-22,9.83658022690437,9.9360453808752,9.58529983792544,9.69,2678800,9.69
2013-03-25,9.71287553648068,9.85948497854077,9.58721030042918,9.76,1557900,9.76
2013-03-26,9.75759615384615,9.82572115384616,9.605625,9.81,1765500,9.81
2013-03-27,9.94469860896445,10.1961978361669,9.91850077279753,10.17,5669600,10.17
2013-03-28,9.67194276279582,9.99678591084204,9.48332416070446,9.52,6166100,9.52
2013-03-29,9.63213058419244,9.63213058419244,9.02946735395189,9.15,4391700,9.15
2013-04-01,9.15306122448979,9.75,9.15306122448979,9.75,3627000,9.75
2013-04-02,9.75009003939224,9.87583005064716,9.26808666291503,9.31,2173200,9.31
2013-04-03,9.35914540059347,9.35914540059347,8.66296735905044,8.82,3068400,8.82
2013-04-04,8.82,8.82,8.82,8.82,0,8.82
2013-04-05,8.82,8.82,8.82,8.82,0,8.82
2013-04-08,8.80936426116838,9.21288659793814,8.55781786941581,9.15,3376800,9.15
2013-04-09,9.1519332566168,9.1991081703107,8.78501726121979,9.11,1594200,9.11
2013-04-10,9.21343006384213,9.21343006384213,8.99855484619849,9.03,1803100,9.03
2013-04-11,9.01907239819004,9.45378959276018,9.01383484162896,9.26,2499300,9.26
2013-04-12,9.2515247410817,9.31966628308401,8.9999252013809,9.11,1909400,9.11
2013-04-15,9.05814577259475,9.1734693877551,8.79080466472303,8.99,1634400,8.99
2013-04-16,8.57271662763466,9.01288056206089,8.57271662763466,8.95,1601600,8.95
2013-04-17,8.98571845794392,8.98571845794392,8.82329439252336,8.97,1201100,8.97
2013-04-18,8.91236565420561,9.26865070093458,8.86521028037383,8.97,2137300,8.97
2013-04-19,9.01136747326956,9.31523916713562,8.9013449634215,9.31,3794500,9.31
2013-04-22,9.47236943375481,9.79195711929632,9.30995601979109,9.53,5590000,9.53
2013-04-23,9.584140625,9.605078125,9.291015625,9.38,2272100,9.38
2013-04-24,9.4672395273899,9.83378088077336,9.39393125671321,9.75,3746600,9.75
2013-04-25,9.78476190476191,9.94190476190477,9.31857142857143,9.46,4085400,9.46
2013-04-26,9.59296253602305,9.59296253602305,8.79660518731988,9.09,3544000,9.09
2013-04-29,9.09,9.09,9.09,9.09,0,9.09
2013-04-30,9.09,9.09,9.09,9.09,0,9.09
2013-05-01,9.09,9.09,9.09,9.09,0,9.09
2013-05-02,9.07711304347826,9.09281739130435,8.85725217391304,9.03,2055000,9.03
2013-05-03,9.12337241764378,9.57378001116695,9.12337241764378,9.38,3139200,9.38
2013-05-06,9.40371235721703,10.1476272066459,9.40371235721703,10.09,7397700,10.09
2013-05-07,9.99049363057325,10.2786305732484,9.81237261146497,9.87,6441800,9.87
2013-05-08,9.90859822824388,10.2542470036477,9.79338196977593,10.05,4815500,10.05
2013-05-09,10.0854088669951,10.63,9.8864236453202,10.63,7541800,10.63
2013-05-10,10.6937655860349,10.6937655860349,10.3428927680798,10.5,4737000,10.5
2013-05-13,10.4766734279919,10.5395334685598,10.0104614604462,10.33,7900100,10.33
2013-05-14,10.2991016427105,10.4196509240246,10.1313809034908,10.21,3009300,10.21
2013-05-15,10.2309543355567,10.3828732683427,10.1576141611083,10.21,3647600,10.21
2013-05-16,10.2185128983308,10.8211431461811,10.1346686899342,10.36,7914600,10.36
2013-05-17,10.3861119366023,10.7791282813274,10.1031401684002,10.58,4988800,10.58
2013-05-20,10.4643723554302,11.2814104372355,10.4643723554302,11.14,6158400,11.14
2013-05-21,11.1409561567164,11.2719029850746,10.9995335820896,11.23,3583000,11.23
2013-05-22,11.2449559255632,11.2449559255632,10.6266405484819,10.7,6974700,10.7
2013-05-23,10.6828466796875,10.9762451171875,10.62521484375,10.73,4974900,10.73
2013-05-24,10.7128318584071,10.7128318584071,10.3201327433628,10.65,4090800,10.65
2013-05-27,10.2851221896383,10.8824242424242,10.2798826979472,10.72,6594400,10.72
2013-05-28,10.6533063700708,10.6533063700708,10.1138321536906,10.36,4211600,10.36
2013-05-29,10.3429642166344,10.83,10.2539361702128,10.83,4844600,10.83
2013-05-30,10.8338060781476,11.0066859623734,10.5613892908828,10.86,3730400,10.86
2013-05-31,11.0095053346266,11.1090203685742,10.7423860329777,10.8,4519200,10.8
2013-06-03,10.7874809160305,10.976,10.2742900763359,10.29,6008800,10.29
2013-06-04,10.3061322228006,10.3951587714732,9.81910463300364,10.06,4046200,10.06
2013-06-05,10.1019166666667,10.3324583333333,9.94472916666667,10.06,3187300,10.06
2013-06-06,13.0221806520577,13.367092463923,13.0221806520577,13.17,1813400,13.17
2013-06-07,13.0210415570752,13.4926144134666,12.4227774855339,13.38,4383500,13.38
2013-06-10,13.38,13.38,13.38,13.38,0,13.38
2013-06-11,13.38,13.38,13.38,13.38,0,13.38
2013-06-12,13.38,13.38,13.38,13.38,0,13.38
2013-06-13,13.3424523160763,13.3424523160763,12.3215258855586,12.92,2421900,12.92
2013-06-14,13.1367934224049,13.7774409044193,13.1367934224049,13.7,5104900,13.7
2013-06-17,13.8743576826196,14.1208564231738,13.6278589420655,13.98,3496600,13.98
2013-06-18,14.5100884955752,14.538249754179,13.9046214355949,14.32,5986800,14.32
2013-06-19,14.1474237118559,14.3304252126063,13.9081140570285,14.07,4259200,14.07
2013-06-20,13.9255442359249,13.9255442359249,13.0947989276139,13.13,3692600,13.13
2013-06-21,12.7528534031414,13.6330890052356,12.3303403141361,13.45,4813000,13.45
2013-06-24,13.3447785675232,13.4222416621104,12.6616949152542,12.88,4338600,12.88
2013-06-25,12.6579978354978,13.1578409090909,12.1511147186147,13.01,4198600,13.01
2013-06-26,13.0853048780488,13.86,12.8176829268293,13.86,5365600,13.86
2013-06-27,13.860756302521,14.0157037815126,13.4029569327731,13.41,3130300,13.41
2013-06-28,13.3288765822785,13.7513449367089,13.0683544303797,13.35,3404800,13.35
2013-07-01,13.3057553956835,13.8267214799589,13.0945529290853,13.7,4056900,13.7
2013-07-02,13.7083694011072,14.2223452440866,13.6942878711626,13.99,5614900,13.99
2013-07-03,13.9367568897638,14.3592962598425,13.7466141732283,14.31,7432100,14.31
2013-07-04,14.2261973875181,14.8808417997097,13.9375907111756,14.55,10569800,14.55
2013-07-05,14.6341317073171,14.9297707317073,14.2892195121951,14.43,9103600,14.43
2013-07-08,14.0951764086361,14.3556766719326,13.34887835703,13.37,5743500,13.37
2013-07-09,13.3740779768177,13.4444678609062,13.0714014752371,13.36,2677200,13.36
2013-07-10,13.3845918367347,13.8563265306122,13.2367346938776,13.8,2683900,13.8
2013-07-11,13.75616,14.27712,13.728,14.08,6310200,14.08
2013-07-12,14.6392961876833,15.1671554252199,14.3577712609971,14.4,18065200,14.4
2013-07-15,14.5051088405153,15.85,14.5051088405153,15.85,16428300,15.85
2013-07-16,16.1249118165785,16.3784038800706,15.723549382716,15.97,13944700,15.97
2013-07-17,15.8337668161435,16.0872197309417,15.5451121076233,15.7,7289400,15.7
2013-07-18,15.711011826544,16.5345729303548,15.711011826544,16.07,10891500,16.07
2013-07-19,15.87725,16.5461363636364,15.3491818181818,15.49,10069700,15.49
2013-07-22,15.2069234097793,16.3544829078321,15.1013197749892,16.27,7123500,16.27
2013-07-23,16.5432150313152,17.0219123173278,16.5080167014614,16.86,11116000,16.86
2013-07-24,16.8002638944422,17.8141943222711,16.4200399840064,17.61,9989700,17.61
2013-07-25,17.55072,18.0928,16.73408,17.6,10865100,17.6
2013-07-26,17.2480792559644,17.6704811969268,16.9312778002426,17.41,4661900,17.41
2013-07-29,17.357100591716,17.6176331360947,16.6459171597633,16.66,6876200,16.66
2013-07-30,16.6832081307998,16.9577419354839,15.5287582854618,15.93,6832200,15.93
2013-07-31,16.0567079098542,16.5283429076447,15.8948033583738,15.93,4253700,15.93
2013-08-01,15.9699408284024,16.9698224852071,15.9699408284024,16.66,5941000,16.66
2013-08-02,16.8222492656316,17.3855728073857,16.7025430130088,16.78,4970200,16.78
2013-08-05,16.8254425689584,17.3111980238781,16.5860848085632,17.1,5326800,17.1
2013-08-06,17.1613957240823,17.717486889875,16.9009479628883,17.45,4497100,17.45
2013-08-07,17.4637656903766,17.5975606694561,16.6891631799163,16.83,4063000,16.83
2013-08-08,16.7873802582257,17.0126197417743,16.4987921699292,16.9,2390500,16.9
2013-08-09,16.9621698113208,17.2297341337907,16.1242710120069,16.42,3185700,16.42
2013-08-12,16.2328963153385,16.7960497000857,15.9442802056555,16.43,4578900,16.43
2013-08-13,16.2573462365591,16.5460215053763,16.2010193548387,16.37,2521600,16.37
2013-08-14,16.366581956798,16.8382210927573,15.9864548919949,16.62,4321500,16.62
2013-08-15,16.6203280067283,16.9511858704794,16.5569722455845,16.74,4005500,16.74
2013-08-16,16.577152173913,16.8939130434783,16.1618434782609,16.19,3091300,16.19
2013-08-19,15.9843839169909,16.6319239083441,15.9491915261565,16.28,3134300,16.28
2013-08-20,16.3755175363559,16.6148845166809,16.2135928143713,16.46,2487000,16.46
2013-08-21,16.4623600867679,16.6172668112798,15.9553926247288,16.23,4516800,16.23
2013-08-22,16.337755527743,16.9715477680434,16.1476178556529,16.88,8275300,16.88
2013-08-23,16.8730198228596,16.9222943905525,16.2746857865879,16.69,5222300,16.69
2013-08-26,16.7598932238193,17.287819301848,16.6261519507187,17.14,5138800,17.14
2013-08-27,17.2118415679869,17.4582278481013,16.6979501837485,17.24,4702500,17.24
2013-08-28,17.0761664665866,17.8785914365746,16.8931572629052,17.59,6565500,17.59
2013-08-29,17.6039835487662,18.7583431257344,17.6039835487662,17.97,7456200,17.97
2013-08-30,18.0987388120423,18.2677542717657,16.8311228641172,17.31,5947700,17.31
2013-09-02,17.2202141491396,18.5719235181644,16.8611663479924,18.41,5445000,18.41
2013-09-03,18.429148217636,18.7811181988743,18.1334934333959,18.76,7003900,18.76
2013-09-04,18.759667673716,18.9919637462236,18.4077039274924,18.64,2838800,18.64
2013-09-05,18.709023255814,18.7723720930233,18.16,18.16,3636100,18.16
2013-09-06,18.18140625,18.6037385670732,17.8365015243902,18.47,3715200,18.47
2013-09-09,18.4798355520752,18.5502349256069,17.9096006264683,17.98,2917900,17.98
2013-09-10,17.950928917609,17.950928917609,17.3525646203554,17.43,3725600,17.43
2013-09-11,17.4313712374582,17.6707357859532,16.5372742474916,16.84,5541000,16.84
2013-09-12,16.8107223382046,17.324617954071,16.6980876826722,16.86,4085800,16.86
2013-09-13,16.886981443299,17.3867628865979,16.6265319587629,17.07,5728200,17.07
2013-09-16,17.0778787878788,17.4652121212121,17.0778787878788,17.43,4171600,17.43
2013-09-17,17.4986951066499,17.5972396486826,16.7384943538268,16.83,4155200,16.83
2013-09-18,16.8925435684647,17.0404149377593,16.6883402489627,16.97,2242700,16.97
2013-09-20,16.97,16.97,16.97,16.97,0,16.97
2013-09-23,16.9680758593441,17.8763255630186,16.9680758593441,17.82,6231000,17.82
2013-09-24,17.8198065764023,18.4464216634429,17.8198065764023,18.2,6897400,18.2
2013-09-25,18.2323034806414,18.5138834571764,17.7888150175987,18,6166000,18
2013-09-26,18.0145090337785,18.4159269442262,17.6060487038492,17.93,3618800,17.93
2013-09-27,17.7305907172996,18.3781549673955,17.7024357499041,18.35,5759700,18.35
2013-09-30,18.4504214559387,19.0137931034483,18.3518314176245,18.38,4198700,18.38
2013-10-01,18.38,18.38,18.38,18.38,0,18.38
2013-10-02,18.38,18.38,18.38,18.38,0,18.38
2013-10-03,18.38,18.38,18.38,18.38,0,18.38
2013-10-04,18.38,18.38,18.38,18.38,0,18.38
2013-10-07,18.38,18.38,18.38,18.38,0,18.38
2013-10-08,18.2697765582125,18.2979380635045,17.6783849470796,17.96,8377000,17.96
2013-10-09,18.112159657876,19.76,18.0276550249465,19.76,10303500,19.76
2013-10-10,19.773684771033,20.0200638977636,19.3653993610224,19.83,6753700,19.83
2013-10-11,21.4666081081081,21.4666081081081,20.3612432432432,20.84,10166000,20.84
2013-10-14,20.9521521521522,21.8955622288956,20.8324657991325,21.1,5936600,21.1
2013-10-15,21.1448055832502,21.327816550349,20.6943170488534,21.18,4392400,21.18
2013-10-16,21.2698881355932,21.326213559322,20.0659322033898,20.77,4930100,20.77
2013-10-17,20.9373752181501,21.0992984293194,20.1347993019197,20.17,3874600,20.17
2013-10-18,20.1101374916164,21.1870892018779,19.7159590878605,20.99,5483800,20.99
2013-10-21,21.1581326243353,22.5663278073194,20.9116984673131,22.51,7044000,22.51
2013-10-22,22.3683616543764,22.4246873998076,21.6502084001282,21.96,4485900,21.96
2013-10-23,21.94368,22.16896,20.21184,21.12,4631500,21.12
2013-10-24,20.8240026818639,21.3731143144485,20.4860878310426,21,2911800,21
2013-10-25,20.9305122732124,21.4022056207755,19.7336784062611,19.79,5999300,19.79
2013-10-28,19.7485981308411,20.6286604361371,19.4317757009346,20.34,4813600,20.34
2013-10-29,20.3464098073555,20.7829071803853,19.2903677758319,20.1,5549700,20.1
2013-10-30,20.0721919191919,21.2479393939394,20.0721919191919,20.91,5736300,20.91
2013-10-31,20.9038619469027,20.9038619469027,19.784389380531,19.89,3824500,19.89
2013-11-01,19.8930868167203,20.0620900321543,18.6607717041801,19.71,5954000,19.71
2013-11-04,19.569605734767,19.9567741935484,19.2739498207885,19.64,3123100,19.64
2013-11-05,19.6017335701599,19.9960213143872,19.1581598579041,19.82,2693200,19.82
2013-11-06,19.6807692307692,19.8145562130178,18.9273372781065,19.04,3823800,19.04
2013-11-07,18.9690987124463,19.2084120171674,18.0118454935622,18.04,5267500,18.04
2013-11-08,17.9523088569266,18.7760030280091,17.515821347464,18.6,4428900,18.6
2013-11-11,18.5398834586466,18.9623646616541,18.3779323308271,18.73,3705000,18.73
2013-11-12,18.7306329113924,19.4981663652803,18.5193851717902,19.47,4906100,19.47
2013-11-13,19.5560537790698,20.1968895348837,19.3588735465116,19.38,5085300,19.38
2013-11-14,19.0841052631579,20.1756315789474,18.8024210526316,20.07,3491200,20.07
2013-11-15,19.9550440081246,20.8844955991875,19.8001354096141,20.8,4332600,20.8
2013-11-18,20.7807065584855,21.2173056118999,20.499029749831,20.83,2497600,20.83
2013-11-19,20.7645139127448,20.8349020954998,20.0958261765716,20.49,2840800,20.49
2013-11-20,20.4201183431953,20.6243195266272,19.9272189349112,20.23,2789800,20.23
2013-11-21,20.2159748641304,20.7440828804348,19.8286956521739,20.73,2456000,20.73
2013-11-22,20.6289745354439,20.7979490708878,20.2839848589126,20.46,1315300,20.46
2013-11-25,20.4780229807367,21.0341466711727,20.1682832037851,20.83,2186000,20.83
2013-11-26,20.6261760752688,21.0344758064516,20.6050571236559,20.95,2287000,20.95
2013-11-27,21.0147993311037,21.155602006689,20.6275919732442,21.05,2135600,21.05
2013-11-28,21.0462121212121,21.4755830039526,20.7013076416337,21.37,3184700,21.37
2013-11-29,21.2244059405941,21.4355940594059,21.0132178217822,21.33,1791900,21.33
2013-12-02,20.809564293305,21.0208289054198,19.4574707757705,19.88,4877800,19.88
2013-12-03,19.5128606271777,20.2804181184669,19.5128606271777,20.21,1595400,20.21
2013-12-04,20.1347164591978,20.6908852005533,20.0995159059474,20.36,1721100,20.36
2013-12-05,20.1339855072464,20.5563768115942,19.43,19.43,2775100,19.43
2013-12-06,19.6462928808558,19.6885429730727,18.7872076724456,19.09,2157800,19.09
2013-12-09,19.5583455882353,19.5583455882353,18.9810294117647,19.15,1710600,19.15
2013-12-10,19.115427769986,20.2067321178121,19.016858345021,20.08,3017500,20.08
2013-12-11,20.0622362869198,20.4564416315049,19.8510548523207,20.02,1441100,20.02
2013-12-12,19.9993277310924,20.9922521008403,19.8232773109244,20.95,3344100,20.95
2013-12-13,20.7797537437604,21.2656239600666,20.5614642262895,21.16,2898300,21.16
2013-12-16,21.122866894198,21.122866894198,20.348361774744,20.63,1410400,20.63
2013-12-17,20.631660899654,20.631660899654,19.927508650519,20.35,1084700,20.35
2013-12-18,20.1956634746922,20.7942099863201,20.1041210670315,20.59,1453700,20.59
2013-12-19,20.6382075146501,20.7015580834195,20.117325060324,20.42,1236600,20.42
2013-12-20,20.3479591836735,20.4254081632653,19.8410204081633,20.01,1780000,20.01
2013-12-23,20.2205250596659,20.7696897374702,19.5164677804296,20.65,2485400,20.65
2013-12-24,20.8386433710175,20.9583247687564,20.3317574511819,20.55,1857300,20.55
2013-12-25,20.5556435643564,21.7734950495049,20.5415643564356,21.33,4126900,21.33
2013-12-26,21.3327418814864,21.7410913960495,20.9103113491798,21.03,2791200,21.03
2013-12-27,21.0132178217822,21.597504950495,20.886504950495,21.33,3904000,21.33
2013-12-30,21.3583424701709,22.1045469203483,21.0837955498226,21.83,4568700,21.83
2013-12-31,21.7364,22.2715365079365,21.4617904761905,22.18,3672600,22.18
2014-01-01,22.18,22.18,22.18,22.18,0,22.18
2014-01-02,21.8927631578947,23.9342105263158,21.8927631578947,23.54,5879700,23.54
2014-01-03,23.585549132948,24.7542658959538,23.5433063583815,24.36,6924200,24.36
2014-01-06,24.5687776141384,25.8922533136966,23.7028865979381,23.9,5553400,23.9
2014-01-07,23.5609888169512,24.0044732195409,23.3709240729841,23.92,3571000,23.92
2014-01-08,23.6524379562044,24.8913751824818,23.2863883211679,24.11,3979500,24.11
2014-01-09,23.85856,25.47072,23.73184,23.76,4814800,23.76
2014-01-10,23.6373184357542,23.771061452514,22.4617877094972,22.68,2878600,22.68
2014-01-13,22.6036198398028,23.5469038817006,22.5473043746149,22.85,3261200,22.85
2014-01-14,22.8199405940594,25.1434766619519,22.8128995756718,24.89,4034200,24.89
2014-01-15,25.186140783347,25.974527526705,24.8904957545878,25.7,3634400,25.7
2014-01-16,25.7067581329561,25.9320707213578,24.8618359264498,24.89,3124200,24.89
2014-01-17,24.7245580878266,25.379280155642,24.5626375764314,25.33,4347100,25.33
2014-01-20,25.2838815232722,25.417658674189,24.502341325811,24.96,2282100,24.96
2014-01-21,24.9591353576943,27.4585692228513,24.6915903242409,27.36,7712000,27.36
2014-01-22,27.0633131313131,28.4643535353535,26.7464949494949,27.88,5675700,27.88
2014-01-23,27.5827920883165,30.6592801287948,27.3223114075437,30.61,7828400,30.61
2014-01-24,30.5570452039691,32.0426527012128,29.648782800441,31.93,7514100,31.93
2014-01-27,31.5432727272727,32.8669636363636,30.4167272727273,30.98,6510200,30.98
2014-01-28,31.3411793103448,31.4045517241379,29.6864551724138,30.63,4617000,30.63
2014-01-29,30.4577742663657,32.8023047404063,30.2887990970655,31.19,4354600,31.19
2014-01-30,31.1902355460385,32.9363254817987,30.7607537473233,32.88,2703700,32.88
2014-01-31,32.88,32.88,32.88,32.88,0,32.88
2014-02-03,32.88,32.88,32.88,32.88,0,32.88
2014-02-05,32.88,32.88,32.88,32.88,0,32.88
2014-02-06,32.88,32.88,32.88,32.88,0,32.88
2014-02-07,32.88,34.7598629550321,32.1055246252677,32.88,4111500,32.88
2014-02-10,32.8759734513274,33.7559513274336,31.587685840708,31.82,7058900,31.82
2014-02-11,32.028891498356,32.028891498356,29.6772428370127,29.98,7781300,29.98
2014-02-12,29.9950957496497,30.5443017281644,29.4318075665577,30.15,4738100,30.15
2014-02-13,30.1423341523342,31.1630343980344,28.65,28.65,6611400,28.65
2014-02-14,28.8004196588869,31.4826391382406,28.7933797127469,31.37,8831800,31.37
2014-02-17,31.051362489487,33.9446089150547,31.044322960471,33.48,7413000,33.48
2014-02-18,33.6853631284916,34.1148796733992,32.4108960034379,32.77,4373100,32.77
2014-02-19,32.4241170431211,34.3604106776181,31.7763388090349,34.29,5251300,34.29
2014-02-20,34.0095,34.6784239130435,32.0379347826087,32.39,3726300,32.39
2014-02-21,32.032,32.3136,31.328,31.68,3195300,31.68
2014-02-24,31.2909699930216,31.2909699930216,29.509553384508,30.27,7645500,30.27
2014-02-25,30.4420438659918,31.5192022174018,28.4707736804049,29.21,9957000,29.21
2014-02-26,28.8709191361125,29.3075037669513,27.4696233048719,28.04,7622300,28.04
2014-02-27,28.8651140223193,29.4494565744784,28.0554827753518,29.02,6795200,29.02
2014-02-28,29.0816123413785,29.0816123413785,26.7578999751182,28.3,5666600,28.3
2014-03-03,28.1640625,29.121640625,27.37546875,28.84,4766800,28.84
2014-03-04,28.6928441084463,28.7210088633994,26.4185401459854,27.01,6793300,27.01
2014-03-05,26.9917567917206,27.4916041397154,26.4215084087969,27.21,3937700,27.21
2014-03-06,26.7611473305955,27.4863244353183,25.8881185831622,27.43,4792000,27.43
2014-03-07,27.0393442622951,28.0603611680328,26.9407633196721,27.49,3808300,27.49
2014-03-10,27.448184079602,28.3703980099502,26.0543034825871,28.3,4654300,28.3
2014-03-11,27.9330448548813,28.6862796833773,26.4547335092348,26.68,5021700,26.68
2014-03-12,26.3209482525061,26.8631400704416,25.8421295041994,25.99,4189200,25.99
2014-03-13,26.0510204081633,28.0224489795918,26.0510204081633,27.6,3103100,27.6
2014-03-14,27.448481595092,27.9975920245399,26.9486503067485,27.54,2025100,27.54
2014-03-17,27.7141213746039,28.9040823787473,27.4606385571533,28.89,3027800,28.89
2014-03-18,28.8975018773467,29.2425256570713,27.8905957446808,28.13,5416700,28.13
2014-03-19,27.8716024496045,28.2869660627711,27.1746363868334,27.59,2783000,27.59
2014-03-20,27.5896711085909,27.5967110859087,24.83,24.83,7704900,24.83
2014-03-21,24.4929061662198,26.6472117962467,23.1059839142091,26.26,8599400,26.26
2014-03-24,25.9075348308217,26.2384191071936,24.4643161785613,24.76,7003000,24.76
2014-03-25,24.5582672292546,25.4735696202532,24.0090857946554,25.03,5790400,25.03
2014-03-26,24.7962737015664,26.2606760098928,24.7962737015664,25.62,3412900,25.62
2014-03-27,25.9638440417353,26.2595277320154,25.0627127951675,25.64,3576400,25.64
2014-03-28,25.3858290598291,25.8997407407407,24.71,24.71,3006000,24.71
2014-03-31,24.9582028029679,26.1902720527617,24.9582028029679,25.62,2968900,25.62
2014-04-01,25.6616379310345,27.0978448275862,24.873132183908,26.95,4548000,26.95
2014-04-02,26.7526427061311,27.1398520084567,26.0627061310782,26.64,2322300,26.64
2014-04-03,26.585698569857,27.036303630363,25.6,25.6,2856500,25.6
2014-04-04,25.5407207702889,26.3221485557084,25.350643741403,25.59,2536800,25.59
2014-04-07,25.59,25.59,25.59,25.59,0,25.59
2014-04-08,25.2790486664834,25.7367473192191,24.828391531482,25.61,2452400,25.61
2014-04-09,25.6231681034483,26.4326912715517,25.6020501077586,26.13,2727800,26.13
2014-04-10,26.4066409574468,26.5051994680851,26.0828058510638,26.47,2826800,26.47
2014-04-11,26.53828125,26.53828125,25.9680953663793,26.13,1830600,26.13
2014-04-14,26.6522987012987,27.11,26.5466753246753,27.11,3145600,27.11
2014-04-15,27.1713523606295,27.3121365697519,26.2562550013337,26.39,2626600,26.39
2014-04-16,26.3360430686406,26.5965868102288,25.6318707940781,26.16,1637300,26.16
2014-04-17,26.1580906593407,26.1792142857143,25.4891758241758,25.63,1768200,25.63
2014-04-18,25.3583156173344,26.174963205233,25.3583156173344,25.83,947200,25.83
2014-04-21,25.8234471365639,26.2599394273128,25.5559196035242,25.57,1033500,25.57
2014-04-22,25.5556160458453,25.8935415472779,23.7744670487106,24.57,2668900,24.57
2014-04-23,24.4262211567276,24.6373988612526,22.8775846568774,23.49,5441300,23.49
2014-04-24,23.2591345866905,24.0616592062071,23.0901820352134,23.59,3252500,23.59
2014-04-25,23.5972744186047,23.6465674418605,22.1818604651163,22.71,5435700,22.71
2014-04-28,22.5390321532965,22.5390321532965,21.5321338096785,21.68,5390400,21.68
2014-04-29,21.8619339622642,22.4815314465409,21.6366257861635,22.39,2858300,22.39
2014-04-30,22.3869708796157,23.8794356049234,22.3869708796157,23.45,2448100,23.45
2014-05-01,23.45,23.45,23.45,23.45,0,23.45
2014-05-02,23.45,23.45,23.45,23.45,0,23.45
2014-05-05,23.3129589371981,23.6579710144928,22.904577294686,23.32,1313000,23.32
2014-05-06,23.273285198556,23.9350180505415,22.9564981949458,23.4,2022400,23.4
2014-05-07,23.2361471048513,23.2502253521127,21.9268701095462,22.49,4026600,22.49
2014-05-08,22.1377657886385,22.3137416693113,21.6027991113932,22.18,5001000,22.18
2014-05-09,21.9475259678942,22.5319483789739,21.2081964117092,22.37,4633700,22.37
2014-05-12,22.1449270959903,23.2152065613609,22.0393074119077,23.18,3752400,23.18
2014-05-13,23.0486359418497,23.1753541602227,22.5347231673368,22.76,3739900,22.76
2014-05-14,22.8781664098613,23.0894144838213,22.6176271186441,22.85,1909100,22.85
2014-05-15,22.8154981549815,23.0267527675277,22.4704489544895,22.9,1135200,22.9
2014-05-16,22.7311909971866,23.1746920912785,22.1750547045952,22.52,2199400,22.52
2014-05-19,22.3866057106192,22.3866057106192,21.7246551170998,21.95,1549500,21.95
2014-05-20,22.1455288157061,22.7861019632679,22.110332488917,22.23,3276100,22.23
2014-05-21,22.1703492647059,23.1700919117647,21.9028125,22.98,2521900,22.98
2014-05-22,23.1104649793996,24.6872984108299,23.0541494997057,23.92,4201200,23.92
2014-05-23,23.921998272387,24.7808810826375,23.5277569824359,24.45,2275200,24.45
2014-05-26,24.4416997167139,24.85,23.9137252124646,24.85,3449700,24.85
2014-05-27,24.8532463768116,24.9588550724638,24.1843913043478,24.29,2338700,24.29
2014-05-28,24.3007916666667,26.0189583333333,24.0332083333333,25.35,5516300,25.35
2014-05-29,25.2928397790055,25.5040828729282,24.8633121546961,25.49,2188400,25.49
2014-05-30,25.4604469273743,25.4815642458101,24.7213407821229,25.2,3222000,25.2
2014-06-02,18,18,18,18,0,18
2014-06-03,18.0051551793632,18.1952760983474,17.3502942361951,17.47,2939700,17.47
2014-06-04,17.3074223856209,17.342614379085,16.8006576797386,17.23,3167700,17.23
2014-06-05,17.0696273291925,18.2033773291925,17.0696273291925,18.14,3279400,18.14
2014-06-06,18.1182591414944,18.6039467408585,17.6536883942766,17.71,4264900,17.71
2014-06-09,24.9,24.9,24.01,24.2,2034700,24.2
2014-06-10,24.13,24.85,24.09,24.81,1662500,24.81
2014-06-11,24.8,25.6,24.31,25.6,2748300,25.6
2014-06-12,25.6,25.97,24.75,25.17,3513500,25.17
2014-06-13,25,25.7,24.76,25.43,4273100,25.43
2014-06-16,25.58,27.02,25.13,26.5,5939400,26.5
2014-06-17,26.38,26.38,25.78,26.15,5392400,26.15
2014-06-18,26.29,26.3,25.6,25.67,1948200,25.67
2014-06-19,25.55,26.1,23.86,24.1,3753300,24.1
2014-06-20,24.11,25,24.11,24.66,3035000,24.66
2014-06-23,24.52,25.36,24.52,25.02,3261000,25.02
2014-06-24,24.91,25.59,24.91,25.11,2198400,25.11
2014-06-25,25.18,25.44,24.9,25.08,1544000,25.08
2014-06-26,25.25,25.3,24.98,25.29,2030000,25.29
2014-06-27,25.3,25.32,24.94,24.96,3101100,24.96
2014-06-30,25,26.99,25,26.44,7842400,26.44
2014-07-01,26.4,29.08,26.4,29.08,10864000,29.08
2014-07-02,29.81,30.3,28.2,29.45,9919300,29.45
2014-07-03,29,30.56,28.6,29.96,9974900,29.96
2014-07-04,29.8,29.89,28.92,29.15,5519900,29.15
2014-07-07,28.8,28.8,27.96,28.45,5935300,28.45
2014-07-08,28.35,29.58,28.13,29.31,5244500,29.31
2014-07-09,29.09,29.2,28.31,28.32,3639100,28.32
2014-07-10,28.2,28.67,27.71,27.85,3425500,27.85
2014-07-11,27.68,27.99,27.52,27.86,3876000,27.86
2014-07-14,27.91,29.2,27.71,28.44,5904100,28.44
2014-07-15,28.4,28.45,27.29,27.67,4726200,27.67
2014-07-16,27.72,27.8,26.3,26.54,4829800,26.54
2014-07-17,26.69,26.95,25.91,26.15,3947300,26.15
2014-07-18,26.15,26.3,25.5,25.7,4230000,25.7
2014-07-21,25.79,26.5,25.6,26.23,3300900,26.23
2014-07-22,26.3,26.85,26.15,26.7,3397500,26.7
2014-07-23,26.65,26.99,25.89,25.93,3229400,25.93
2014-07-24,25.94,26.26,24.86,25.2,4109100,25.2
2014-07-25,25.19,26.7,25.1,26.67,2590500,26.67
2014-07-28,26.66,27.42,26.34,26.91,5711800,26.91
2014-07-29,27.7,28.2,27,27.83,7664900,27.83
2014-07-30,27.95,28.08,27.28,27.76,4472800,27.76
2014-07-31,27.9,27.9,27.35,27.63,3712400,27.63
2014-08-01,27.62,27.88,26.88,26.91,4205900,26.91
2014-08-04,27,27.85,26.99,27.73,4045300,27.73
2014-08-05,27.66,28.66,27.66,28.36,5585900,28.36
2014-08-06,28.47,28.85,28,28.51,3869200,28.51
2014-08-07,28.6,28.97,27.88,27.9,3758000,27.9
2014-08-08,27.99,28.2,27.48,27.73,3302300,27.73
2014-08-11,27.76,28.22,27.53,28.19,3527000,28.19
2014-08-12,28.25,28.27,27.49,27.76,5621800,27.76
2014-08-13,27.81,27.81,27.11,27.22,3852900,27.22
2014-08-14,27.2,27.5,27,27.08,3041700,27.08
2014-08-15,27.13,27.65,27.05,27.48,2452500,27.48
2014-08-18,27.52,28.38,27.52,28.31,5094900,28.31
2014-08-19,28.31,28.68,27.83,28.18,4073200,28.18
2014-08-20,28.17,28.25,27.35,27.5,4840400,27.5
2014-08-21,27.98,28.24,27.21,27.73,4938500,27.73
2014-08-22,27.75,27.85,27.4,27.7,3153500,27.7
2014-08-25,27.72,27.88,26.7,26.98,5266900,26.98
2014-08-26,26.98,27.1,26.21,26.24,4126800,26.24
2014-08-27,26.72,26.93,26.36,26.82,3327200,26.82
2014-08-28,26.82,26.96,26.28,26.38,2437500,26.38
2014-08-29,26.55,26.73,26.08,26.64,2681500,26.64
2014-09-01,26.78,27.79,26.67,27.7,5306300,27.7
2014-09-02,27.88,27.95,27.4,27.71,5619000,27.71
2014-09-03,27.72,28.1,27.62,27.86,4737300,27.86
2014-09-04,27.95,28.3,27.82,28.08,5748400,28.08
2014-09-05,28.21,28.28,27.62,27.76,5100100,27.76
2014-09-08,27.76,27.76,27.76,27.76,0,27.76
2014-09-09,27.84,28,27.43,27.49,5092800,27.49
2014-09-10,27.48,27.9,27.38,27.9,4799400,27.9
2014-09-11,28.01,29.17,28.01,28.96,13269200,28.96
2014-09-12,29.1,29.24,28.5,28.78,6207600,28.78
2014-09-15,28.71,28.77,27.54,28.15,10147000,28.15
2014-09-16,28.22,28.35,27.38,27.39,6194400,27.39
2014-09-17,27.38,27.75,27.1,27.56,4255300,27.56
2014-09-18,27.52,27.8,27.34,27.46,3450700,27.46
2014-09-19,27.53,27.85,27.27,27.78,3409400,27.78
2014-09-22,27.82,28.6,27.8,28.33,8523500,28.33
2014-09-23,28.19,28.6,28.11,28.53,7180200,28.53
2014-09-24,28.54,28.55,28.14,28.43,6346300,28.43
2014-09-25,28.45,28.55,27.5,27.65,12126700,27.65
2014-09-26,27.65,27.65,26.7,26.88,12429600,26.88
2014-09-29,26.98,27.48,26.92,27.35,6924200,27.35
2014-09-30,27.18,27.44,26.96,27.27,4840600,27.27
2014-10-01,27.27,27.27,27.27,27.27,0,27.27
2014-10-02,27.27,27.27,27.27,27.27,0,27.27
