"Date","600316.SS.Open","600316.SS.High","600316.SS.Low","600316.SS.Close","600316.SS.Volume","600316.SS.Adjusted"
2009-01-01,8.47,8.47,8.47,8.47,0,5.21
2009-01-02,8.47,8.47,8.47,8.47,0,5.21
2009-01-05,8.66,8.95,8.44,8.91,16310200,5.48
2009-01-06,8.76,9.41,8.76,9.14,20633800,5.62
2009-01-07,9.07,9.47,9.03,9.06,29923700,5.57
2009-01-08,8.84,9.16,8.7,9.01,14997700,5.54
2009-01-09,9.01,9.17,8.91,9.12,10197700,5.61
2009-01-12,9.12,9.42,9,9.24,22385400,5.69
2009-01-13,9.12,9.12,8.65,8.71,12241100,5.35
2009-01-14,8.71,8.97,8.63,8.97,15122300,5.52
2009-01-15,8.77,8.94,8.72,8.81,9965800,5.42
2009-01-16,8.87,9.06,8.79,8.85,14031200,5.44
2009-01-19,8.74,9.11,8.74,9.09,20051400,5.59
2009-01-20,9.04,9.24,8.97,9.11,8657900,5.6
2009-01-21,8.99,9.53,8.92,9.45,23173400,5.81
2009-01-22,9.47,9.87,9.44,9.87,27302000,6.07
2009-01-23,9.87,9.91,9.56,9.59,9967000,5.9
2009-02-02,9.79,9.86,9.44,9.76,15000800,6
2009-02-03,9.76,10.01,9.62,9.81,13170500,6.03
2009-02-04,9.81,10,9.54,9.64,16642600,5.93
2009-02-05,9.66,9.76,9.27,9.36,18952700,5.75
2009-02-06,9.31,9.61,9.31,9.56,17122700,5.88
2009-02-09,9.62,10.02,9.56,9.92,26444800,6.1
2009-02-10,9.89,9.91,9.41,9.75,25994200,6
2009-02-11,9.66,10.25,9.51,10.04,36274700,6.18
2009-02-12,10,10.74,9.85,10.59,38646100,6.51
2009-02-16,10.75,10.8,10.14,10.44,20249400,6.42
2009-02-17,10.37,10.37,9.87,9.92,20257800,6.1
2009-02-18,9.74,10.18,9.64,9.91,15774000,6.1
2009-02-19,9.94,10.27,9.72,10.24,15859300,6.3
2009-02-20,10.22,10.69,10.14,10.51,19673100,6.46
2009-02-23,10.45,10.9,10.25,10.73,19395800,6.6
2009-02-24,10.5,10.72,10.05,10.09,17424700,6.2
2009-02-25,10.25,10.71,10.12,10.62,29897000,6.53
2009-02-26,10.63,11.31,10,10.21,49579100,6.28
2009-02-27,9.88,10.14,9.19,9.19,22669500,5.65
2009-03-02,9,9.36,8.76,9.15,11597400,5.63
2009-03-03,8.79,9.62,8.79,9.35,18454900,5.75
2009-03-04,9.29,9.78,9.29,9.7,20681900,5.97
2009-03-05,9.81,9.91,9.3,9.62,20642800,5.92
2009-03-06,9.41,9.61,9.3,9.35,10413400,5.75
2009-03-09,9.36,9.5,8.89,9.01,10237100,5.54
2009-03-10,8.89,9.34,8.89,9.31,8138500,5.72
2009-03-11,9.44,9.5,9.29,9.31,11267700,5.72
2009-03-12,9.3,9.46,9.13,9.39,9609100,5.78
2009-03-13,9.37,9.47,9.14,9.17,9244100,5.64
2009-03-16,9.12,9.25,8.96,9.19,6199500,5.65
2009-03-17,9.31,9.62,9.13,9.48,13582800,5.83
2009-03-18,9.53,9.81,9.5,9.59,13141000,5.9
2009-03-19,9.61,9.76,9.52,9.71,20835000,5.97
2009-03-20,9.67,9.74,9.42,9.6,13161600,5.9
2009-03-23,9.61,10.09,9.59,9.84,21457400,6.05
2009-03-24,9.97,10.11,9.75,9.97,23702500,6.13
2009-03-25,9.92,9.92,9.55,9.57,15032400,5.89
2009-03-26,9.47,9.69,9.36,9.68,13494600,5.95
2009-03-27,9.78,10.06,9.67,9.97,29350200,6.14
2009-03-30,9.96,10.44,9.94,10.06,30605200,6.19
2009-03-31,9.89,10.31,9.78,10.17,21646600,6.25
2009-04-01,10.22,10.44,10.13,10.43,21632100,6.42
2009-04-02,10.38,10.81,10.32,10.42,26106100,6.41
2009-04-03,10.53,10.53,10.04,10.14,24307100,6.24
2009-04-06,10.14,10.14,10.14,10.14,0,6.24
2009-04-07,10.14,10.25,9.92,10.14,17442800,6.24
2009-04-08,10.12,10.54,10.01,10.19,28132100,6.27
2009-04-09,10.13,11.21,10.11,11.21,45412200,6.89
2009-04-10,11.06,12.05,10.99,11.59,77167600,7.13
2009-04-13,11.77,12.76,11.52,12.72,58931300,7.82
2009-04-14,12.5,13.12,12.42,13.02,50115600,8.01
2009-04-15,12.84,14.32,12.82,13.79,46552800,8.48
2009-04-16,13.61,13.74,12.87,13.18,33185200,8.11
2009-04-17,12.99,13.72,12.5,13.14,31702000,8.08
2009-04-20,13.34,13.48,13,13.05,21144500,8.03
2009-04-21,12.99,13.34,12.87,13.3,14913400,8.18
2009-04-22,13.32,14.04,12.51,12.71,29440700,7.82
2009-04-23,12.52,13.16,11.93,12.87,24396200,7.92
2009-04-24,12.8,12.8,11.92,12.07,18110000,7.43
2009-04-27,12.06,12.34,11.28,11.33,15083600,6.97
2009-04-28,11.36,12.25,11.36,11.92,18908600,7.33
2009-04-29,11.8,12.3,11.75,12.26,15045700,7.54
2009-04-30,12.34,12.59,11.94,12.52,15399400,7.7
2009-05-01,12.52,12.52,12.52,12.52,0,7.7
2009-05-04,12.52,13.17,12.44,12.87,13466600,7.92
2009-05-05,12.87,13.09,12.72,12.9,17053200,7.93
2009-05-06,12.91,13.09,12.75,13.02,16348700,8.01
2009-05-07,12.99,13.51,12.76,13.02,21812000,8.01
2009-05-08,13.02,13.02,13.02,13.02,0,8.01
2009-05-11,13.07,13.21,12.29,12.3,17717500,7.57
2009-05-12,12.19,12.72,11.97,12.3,12642100,7.57
2009-05-13,12.2,12.34,12,12.21,8879000,7.51
2009-05-14,12.33,12.99,12.3,12.47,19296000,7.67
2009-05-15,12.47,12.49,12.17,12.38,7221400,7.62
2009-05-18,12.46,12.46,11.88,12.27,5607200,7.55
2009-05-19,12.31,12.74,12.14,12.54,9359600,7.71
2009-05-20,12.5,12.95,12.36,12.55,11588000,7.72
2009-05-21,12.62,12.81,12.17,12.36,8580800,7.6
2009-05-22,12.25,12.62,12.2,12.35,5143400,7.6
2009-05-25,11.94,12.24,11.85,12.04,9271300,7.4
2009-05-26,12.04,12.47,12.04,12.14,6330200,7.47
2009-05-27,12.16,12.54,12.11,12.46,7256700,7.67
2009-05-28,12.46,12.46,12.46,12.46,0,7.67
2009-05-29,12.46,12.46,12.46,12.46,0,7.67
2009-06-01,12.53,12.87,12.39,12.77,14561300,7.86
2009-06-02,12.87,12.94,12.55,12.64,10455200,7.77
2009-06-03,12.56,12.72,12.3,12.39,9803300,7.62
2009-06-04,12.36,12.5,12.12,12.19,9191100,7.5
2009-06-05,12.22,12.43,11.87,12.41,19144100,7.63
2009-06-08,12.44,12.5,12.06,12.18,7336500,7.49
2009-06-09,12.25,13.4,12.22,13.4,28715300,8.24
2009-06-10,13.66,13.74,13.17,13.24,16841500,8.14
2009-06-11,13.12,13.44,12.91,13.27,11823200,8.16
2009-06-12,13.25,13.37,12.73,12.82,7810100,7.89
2009-06-15,12.81,13.49,12.62,13.47,13746400,8.29
2009-06-16,13.14,13.89,13.14,13.67,16376500,8.41
2009-06-17,13.64,14.3,13.5,13.83,14444500,8.51
2009-06-18,13.93,14,13.66,13.86,9726400,8.52
2009-06-19,13.93,14.69,13.87,14.38,14422900,8.85
2009-06-22,14.47,14.56,13.97,14,10994900,8.61
2009-06-23,13.84,13.91,13.4,13.46,11171500,8.28
2009-06-24,13.44,13.5,13,13.28,15228800,8.17
2009-06-25,13.27,13.41,13.1,13.34,6429500,8.21
2009-06-26,13.37,14.11,13.32,13.82,11068500,8.5
2009-06-29,13.75,14,13.46,13.53,9417100,8.32
2009-06-30,13.5,13.53,13.05,13.37,8203100,8.23
2009-07-01,13.3,13.49,13.23,13.37,4494200,8.23
2009-07-02,13.34,13.89,13.29,13.34,9195500,8.27
2009-07-03,13.28,13.31,12.97,13.25,10507400,8.21
2009-07-06,13.25,13.44,13,13.37,9242200,8.28
2009-07-07,13.37,13.8,13.37,13.61,11570600,8.43
2009-07-08,13.56,14.97,13.44,14.97,27981500,9.27
2009-07-09,15.24,16.24,15.24,15.72,28071700,9.74
2009-07-10,15.59,15.89,15.39,15.56,18782400,9.64
2009-07-13,15.62,16.92,15.56,16.21,22781500,10.04
2009-07-14,16.28,16.79,15.94,16.34,15905100,10.12
2009-07-15,16.26,17.12,16.26,16.77,17921800,10.39
2009-07-16,16.69,18.44,16.69,18.26,33592800,11.31
2009-07-17,18.25,19.68,18,19.25,29575100,11.93
2009-07-20,19.25,19.34,18.21,18.63,21023200,11.54
2009-07-21,18.54,19.32,18.05,19.24,36325800,11.92
2009-07-22,18.75,21.16,18.75,21.05,30214700,13.04
2009-07-23,21.05,21.05,21.05,21.05,0,13.04
2009-07-24,21.05,21.05,21.05,21.05,0,13.04
2009-07-27,21.05,21.05,21.05,21.05,0,13.04
2009-07-28,21.05,21.05,21.05,21.05,0,13.04
2009-07-29,21.05,21.05,21.05,21.05,0,13.04
2009-07-30,19.38,20.49,18.94,18.94,92021900,11.74
2009-07-31,19,19.04,17.76,18.58,61508000,11.51
2009-08-03,18.29,18.74,17.81,18.14,34586400,11.24
2009-08-04,18.08,18.49,17.44,17.92,33476100,11.1
2009-08-05,17.87,18.25,17.56,18.08,23759400,11.2
2009-08-06,18,18.47,17.58,18.34,28359700,11.36
2009-08-07,18.28,18.62,17.5,17.78,22435200,11.02
2009-08-10,17.88,18.26,17.49,17.74,12793600,10.99
2009-08-11,17.76,17.99,17.51,17.56,9116800,10.88
2009-08-12,17.69,17.69,15.8,15.8,24060400,9.79
2009-08-13,15.69,16.56,15.69,15.99,18242100,9.91
2009-08-14,16.05,17,15.99,16.57,19209200,10.26
2009-08-17,16.25,16.53,15.63,16.37,17460900,10.14
2009-08-18,16.38,16.56,15.63,16.44,12456900,10.19
2009-08-19,16.55,17.47,16.16,16.89,28771100,10.47
2009-08-20,16.97,17.74,16.62,17.65,25685700,10.93
2009-08-21,17.65,17.82,17.25,17.69,17336700,10.96
2009-08-24,17.76,18.86,17.5,18.48,45245600,11.45
2009-08-25,18.12,18.56,16.89,17.9,32905800,11.09
2009-08-26,17.78,18.54,17.51,18.14,24444300,11.24
2009-08-27,18.12,18.89,17.94,18.21,22300100,11.28
2009-08-28,18.06,18.24,17.51,17.99,15838200,11.15
2009-08-31,18.06,18.22,17.31,17.68,19355900,10.95
2009-09-01,17.74,17.84,16.12,16.81,28100600,10.42
2009-09-02,16.5,17.06,16.2,16.81,11462600,10.41
2009-09-03,16.88,18.49,16.69,18.49,29754900,11.45
2009-09-04,18.58,19.38,18.19,18.92,33816400,11.72
2009-09-07,18.92,19.72,18.75,19.1,30629400,11.83
2009-09-08,19.38,19.67,18.81,19.09,29153200,11.82
2009-09-09,19.1,19.28,18.32,18.69,20354300,11.58
2009-09-10,18.81,19.08,18.42,18.44,15698500,11.43
2009-09-11,18.41,19.3,18.21,18.72,16569800,11.6
2009-09-14,18.88,19.36,18.6,19.1,20565000,11.83
2009-09-15,19.1,19.1,19.1,19.1,0,11.83
2009-09-16,19.19,19.19,18.35,18.46,16263400,11.44
2009-09-17,18.38,19.09,18.3,18.64,22154200,11.55
2009-09-18,18.69,18.94,18.31,18.46,15405600,11.43
2009-09-21,18.39,19.99,18.38,19.61,29996600,12.15
2009-09-22,19.56,19.61,18.49,18.59,20407200,11.52
2009-09-23,18.42,18.74,17.5,17.97,12117300,11.13
2009-09-24,18.12,18.19,16.94,17.5,11539700,10.84
2009-09-25,17.44,17.74,17.31,17.43,5646100,10.8
2009-09-28,17.56,17.69,15.69,16.23,8570700,10.06
2009-09-29,16.25,16.66,15.47,16.21,9265600,10.04
2009-09-30,16.18,16.52,16.01,16.35,6418700,10.13
2009-10-01,16.35,16.35,16.35,16.35,0,10.13
2009-10-02,16.35,16.35,16.35,16.35,0,10.13
2009-10-05,16.35,16.35,16.35,16.35,0,10.13
2009-10-06,16.35,16.35,16.35,16.35,0,10.13
2009-10-07,16.35,16.35,16.35,16.35,0,10.13
2009-10-08,16.35,16.35,16.35,16.35,0,10.13
2009-10-09,16.41,17.18,16.41,16.98,8024700,10.52
2009-10-12,17,17.3,16.86,16.96,4957000,10.5
2009-10-13,16.8,17,16.38,16.74,10877000,10.37
2009-10-14,16.85,17.03,16.72,16.89,7304300,10.46
2009-10-15,17.05,17.12,16.5,16.71,10512400,10.35
2009-10-16,16.65,16.81,16.41,16.68,8783900,10.33
2009-10-19,16.56,16.91,16.5,16.82,11173900,10.42
2009-10-20,16.88,17.75,16.88,17.37,19488100,10.76
2009-10-21,17.44,17.49,16.88,16.94,10034900,10.5
2009-10-22,16.94,16.99,16.59,16.73,9681800,10.37
2009-10-23,16.81,17.05,16.66,16.92,11450000,10.49
2009-10-26,16.92,17.62,16.66,17.6,17032200,10.9
2009-10-27,17.72,17.86,17.32,17.57,17739800,10.88
2009-10-28,17.59,17.78,17.34,17.58,10542700,10.89
2009-10-29,17.5,17.5,16.64,16.74,13569100,10.37
2009-10-30,16.97,17.06,16.82,16.84,7789800,10.43
2009-11-02,16.41,17.24,16.41,17.19,9185700,10.65
2009-11-03,17.16,17.89,17.16,17.82,13346300,11.04
2009-11-04,17.8,17.97,17.6,17.72,9429800,10.98
2009-11-05,17.76,18.75,17.69,18.54,18905200,11.48
2009-11-06,18.66,18.68,18.1,18.34,12885500,11.36
2009-11-09,18.38,19.42,18.13,19.15,17524500,11.86
2009-11-10,19.12,19.37,19.01,19.03,10407600,11.79
2009-11-11,19,19.55,18.99,19.11,8687200,11.84
2009-11-12,19.1,19.44,18.58,18.72,9702600,11.6
2009-11-13,18.68,19.18,18.54,18.96,7809400,11.74
2009-11-16,19.06,20.06,19.06,19.72,13111700,12.22
2009-11-17,19.8,20.22,19.58,20.02,10111900,12.4
2009-11-18,20.14,20.28,19.69,19.96,6513800,12.37
2009-11-19,19.96,20.48,19.96,20.23,13716400,12.53
2009-11-20,20.41,22.26,20.16,22.26,27473000,13.79
2009-11-23,22.87,23.81,22.72,23.41,33380700,14.5
2009-11-24,23.44,23.46,21.79,21.82,23048200,13.52
2009-11-25,21.6,23.44,21.25,22.79,16563000,14.12
2009-11-26,23.12,24,22.81,23.31,22618600,14.44
2009-11-27,22.8,23.19,22.06,23.04,13896500,14.27
2009-11-30,23.12,24.74,23.12,24.27,16121900,15.03
2009-12-01,24.07,24.71,23.86,24.3,11474700,15.05
2009-12-03,24.43,24.55,23.44,23.76,6890700,14.72
2009-12-04,23.82,24.36,22.41,22.63,13048400,14.02
2009-12-07,22.6,23.11,22.06,23.06,11289800,14.28
2009-12-08,23.06,23.06,22.54,22.72,4778300,14.08
2009-12-09,22.4,22.72,22.19,22.38,3784300,13.86
2009-12-10,23.25,24.56,22.61,22.71,15698700,14.07
2009-12-11,22.61,22.9,22.29,22.32,6967300,13.83
2009-12-14,22.44,22.61,22.3,22.49,8030900,13.93
2009-12-15,22.88,23.05,22.5,22.74,5602900,14.09
2009-12-16,22.69,22.72,22.39,22.41,5324100,13.88
2009-12-17,22.41,22.48,21.18,21.26,10858700,13.17
2009-12-18,21.24,21.24,20.19,20.83,6839500,12.91
2009-12-21,20.84,21.69,20.82,21.04,6213600,13.04
2009-12-22,21.05,21.64,20.78,21,7353200,13.01
2009-12-23,21,21.21,20.75,21.11,3078300,13.08
2009-12-24,21.12,21.81,21.06,21.79,8386500,13.5
2009-12-25,21.79,21.86,21.25,21.35,5133400,13.23
2009-12-28,21.25,21.51,21.1,21.2,6641000,13.13
2009-12-29,21.2,21.37,20.85,21.04,4474900,13.03
2009-12-30,21.13,21.24,20.38,20.62,9568700,12.77
2009-12-31,20.62,20.93,20.62,20.82,4819600,12.9
2010-01-04,21,21.68,20.99,21.47,12805600,13.3
2010-01-05,21.53,21.67,21.12,21.62,9077100,13.39
2010-01-06,21.62,22.48,21.54,21.76,13569900,13.48
2010-01-07,21.72,21.72,20.94,21.09,6092400,13.06
2010-01-08,20.97,21.05,20.55,20.92,8613300,12.96
2010-01-11,20.94,21.37,20.62,21.29,18283000,13.19
2010-01-12,21.18,21.24,20.78,21.12,9131900,13.09
2010-01-13,20.86,21.38,20.69,20.85,7954300,12.92
2010-01-14,20.84,21.8,20.84,21.72,12109400,13.46
2010-01-15,21.74,22.34,21.72,22.29,18048300,13.81
2010-01-18,22.26,23.33,22.12,23.31,19120200,14.44
2010-01-19,23.31,23.31,22.81,23.06,8541700,14.28
2010-01-20,23.04,23.5,21.81,21.81,12335200,13.51
2010-01-21,21.76,22.27,21.49,22.05,9837400,13.66
2010-01-22,21.88,21.97,20.95,21.62,6893700,13.4
2010-01-25,21.62,21.98,20.62,20.92,7272000,12.96
2010-01-26,20.81,20.92,19.26,19.68,7270200,12.19
2010-01-27,19.56,20.28,19.56,19.84,4155900,12.29
2010-01-28,20.24,20.24,19.69,19.92,2744600,12.34
2010-01-29,19.94,20.24,19.74,19.98,3680200,12.37
2010-02-01,20.12,20.91,19.97,20.49,6517300,12.7
2010-02-02,20.62,20.93,19.99,20.09,5595000,12.44
2010-02-03,20.28,20.28,19.19,19.62,8572900,12.16
2010-02-04,19.62,20.02,19.38,19.71,5371000,12.21
2010-02-05,19.38,19.66,19.16,19.41,3790900,12.02
2010-02-08,19.49,20.12,19.41,19.79,4661100,12.26
2010-02-09,19.72,19.88,19.68,19.79,1837900,12.26
2010-02-10,19.99,20.41,19.8,20.21,3940900,12.52
2010-02-11,20.28,20.35,20,20.12,4159900,12.47
2010-02-12,20.41,20.41,20.09,20.35,2442000,12.61
2010-02-15,20.41,20.41,20.09,20.35,2442000,12.61
2010-02-16,20.41,20.41,20.09,20.35,2442000,12.61
2010-02-17,20.41,20.41,20.09,20.35,2442000,12.61
2010-02-18,20.41,20.41,20.09,20.35,2442000,12.61
2010-02-22,20.31,20.54,20.12,20.21,1899600,12.52
2010-02-23,20.31,20.5,20.14,20.47,3182200,12.68
2010-02-24,20.44,21.42,20.32,21.41,7298300,13.27
2010-02-25,21.4,21.61,21.31,21.59,5630200,13.38
2010-02-26,21.62,23.5,21.59,22.71,21058900,14.07
2010-03-01,22.51,23.36,22.51,22.94,16035400,14.21
2010-03-02,22.89,23.33,22.44,22.99,12185500,14.24
2010-03-03,22.94,23.59,22.73,23.55,13364800,14.59
2010-03-04,23.56,23.88,22.62,22.67,10984400,14.04
2010-03-05,22.6,23.25,22.6,22.97,7206000,14.23
2010-03-08,23.04,23.44,22.81,23.12,8747100,14.33
2010-03-09,23.22,23.36,22.78,23.29,8433800,14.43
2010-03-10,23.45,23.45,22.5,22.58,8197700,13.99
2010-03-11,22.66,22.66,21.78,22.12,5293000,13.71
2010-03-12,22.12,22.78,22.12,22.46,4232700,13.92
2010-03-15,22.25,22.55,22.19,22.28,2589600,13.8
2010-03-16,22.29,22.55,22.19,22.39,2335800,13.87
2010-03-17,22.41,22.81,22.31,22.64,5195600,14.02
2010-03-18,22.79,23.24,22.62,22.75,6136800,14.09
2010-03-19,22.81,22.99,22.38,22.74,4745300,14.09
2010-03-22,22.75,22.94,22.61,22.71,5219400,14.07
2010-03-23,22.71,23.01,22.62,22.89,5009700,14.18
2010-03-24,22.89,23.06,22.44,22.47,7088300,13.92
2010-03-25,22.5,22.5,21.88,21.94,7294100,13.59
2010-03-26,21.94,22.34,21.94,22.15,6136700,13.72
2010-03-29,22.18,22.94,22.18,22.81,10637000,14.13
2010-03-30,22.89,23.75,22.89,23.12,15071300,14.32
2010-03-31,23.31,23.31,22.6,22.99,5820700,14.24
2010-04-01,22.94,23.56,22.86,23.3,9360900,14.43
2010-04-02,23.25,23.42,23.06,23.29,6930300,14.43
2010-04-06,23.3,24.31,23.2,23.96,14715500,14.84
2010-04-07,23.97,24.7,23.93,24.3,21864200,15.05
2010-04-08,24.26,24.62,23.74,23.77,14405900,14.73
2010-04-09,23.74,24.21,23.54,24.13,12174100,14.95
2010-04-12,24.28,24.28,23.12,23.24,19790800,14.4
2010-04-13,23.12,23.39,22.5,22.8,13411400,14.12
2010-04-14,22.88,23.86,22.88,23.77,16936200,14.73
2010-04-15,23.77,24.41,23.58,24.09,16437700,14.93
2010-04-16,24,24.58,23.94,24.18,15899800,14.98
2010-04-19,23.94,23.94,23.5,23.52,16860000,14.57
2010-04-20,23.5,23.92,23.26,23.66,8908800,14.66
2010-04-21,23.62,25.25,23.62,25.21,20840800,15.62
2010-04-22,24.94,25.16,24.69,24.96,10106200,15.46
2010-04-23,24.83,24.98,24.09,24.18,10130300,14.98
2010-04-26,24.25,24.61,24.14,24.61,9689900,15.25
2010-04-27,24.68,24.87,24.2,24.61,13043400,15.25
2010-04-28,24.53,24.62,24.13,24.36,8239800,15.09
2010-04-29,24.49,24.52,23.94,23.94,8264600,14.83
2010-04-30,23.56,23.93,22.72,23.02,10612600,14.26
2010-05-04,22.72,23.34,22.25,22.36,6669300,13.85
2010-05-05,22.36,23.25,22.25,23.12,8859500,14.32
2010-05-06,23.12,23.12,22.31,22.41,5251900,13.88
2010-05-07,22.05,22.56,21.51,21.55,8744400,13.35
2010-05-10,21.55,21.75,20.38,20.98,12177400,13
2010-05-11,21.5,21.56,20.43,20.45,6832400,12.67
2010-05-12,20.32,20.92,20.12,20.51,6635900,12.7
2010-05-13,20.51,20.79,20.32,20.75,5229000,12.85
2010-05-14,20.63,21.36,20.51,21.27,8130000,13.18
2010-05-17,21.06,21.06,19.8,19.88,7307600,12.32
2010-05-18,19.92,20.25,18.8,19.94,14674400,12.36
2010-05-19,19.95,20.31,19.62,19.92,5249000,12.34
2010-05-20,19.86,20.69,19.69,19.99,5628600,12.39
2010-05-21,19.75,20.8,19.41,20.74,5362800,12.85
2010-05-24,20.84,21.51,20.81,21.24,5968200,13.16
2010-05-25,21.05,21.19,20.75,20.76,4254300,12.86
2010-05-26,21.06,21.5,20.56,21.15,6832600,13.1
2010-05-27,21.2,21.81,20.88,21.75,7824800,13.47
2010-05-28,21.88,21.92,21.34,21.66,7491600,13.42
2010-05-31,21.65,21.84,20.89,20.91,4295200,12.96
2010-06-01,20.81,21.06,19.91,20.24,6536400,12.54
2010-06-02,20.42,20.8,20.14,20.53,3604700,12.72
2010-06-03,20.62,20.8,20.41,20.5,3486500,12.7
2010-06-04,20,20.51,20,20.38,2064400,12.62
2010-06-07,20.12,20.32,19.87,20.15,11116400,12.48
2010-06-08,20.19,20.46,20.02,20.31,4067900,12.58
2010-06-09,20.31,21.12,20.12,20.94,5325600,12.97
2010-06-10,21.06,21.06,20.57,20.62,4303800,12.78
2010-06-11,20.68,20.94,20.47,20.72,3414300,12.84
2010-06-17,20.8,20.99,20.31,20.38,3577200,12.63
2010-06-18,20.34,20.61,19.31,19.38,6028100,12
2010-06-21,19.38,19.82,19.38,19.61,4091600,12.15
2010-06-23,19.87,20.97,19.38,19.92,10704700,12.34
2010-06-24,19.62,20.34,19.62,19.92,10420500,12.34
2010-06-25,20,20.28,19.5,20.06,16609700,12.43
2010-06-28,20.32,22.07,20.31,21.24,37153300,13.16
2010-06-29,21.25,21.5,20.55,20.61,12665200,12.77
2010-06-30,20.34,21.1,20.29,20.68,6961400,12.81
2010-07-01,20.71,20.91,20.5,20.62,3717500,12.78
2010-07-02,20.66,20.89,20.32,20.85,5669800,12.92
2010-07-05,20.81,21.06,20.46,20.94,7097200,12.97
2010-07-06,21.16,22.09,20.75,21.98,13143500,13.62
2010-07-07,21.97,22.54,21.88,22.38,11756700,13.87
2010-07-08,22.27,22.71,22,22.53,9244600,13.96
2010-07-09,22.5,23.11,22.32,22.85,8203300,14.16
2010-07-12,22.81,23.06,22.61,22.69,6020100,14.06
2010-07-13,22.5,23.84,22.27,23.69,10437500,14.68
2010-07-14,23.51,24.06,23.29,23.71,7447700,14.69
2010-07-15,23.69,24.49,23.51,24.06,10485500,14.9
2010-07-16,24.11,24.31,23.38,23.99,7458900,14.86
2010-07-19,23.81,24.18,23.75,24.01,4451200,14.88
2010-07-20,24.02,24.44,24.02,24.36,5625600,15.09
2010-07-21,24.44,24.71,24.15,24.51,5896300,15.18
2010-07-22,24.49,24.6,24.29,24.48,4548000,15.16
2010-07-23,24.31,24.68,23.88,23.91,7059600,14.81
2010-07-26,23.91,24.69,23.82,24.59,9927100,15.23
2010-07-27,24.61,24.79,24.29,24.46,3775800,15.15
2010-07-28,24.62,25.53,24.41,25.31,11058500,15.68
2010-07-29,25.31,27.81,25.25,27.12,12525300,16.8
2010-07-30,27.5,27.5,26.58,27.34,5832600,16.94
2010-08-02,27.51,28.56,27.24,27.42,9071100,16.99
2010-08-03,27.41,27.68,27.25,27.31,6112300,16.92
2010-08-04,27.28,28.85,27.28,28.32,9438200,17.55
2010-08-05,28.31,28.81,28.01,28.48,7103900,17.64
2010-08-06,28.27,28.75,28.18,28.55,3856100,17.69
2010-08-09,28.74,29.3,28.58,29.16,4251400,18.07
2010-08-10,29.25,29.88,28.89,29.11,6468300,18.04
2010-08-11,29.1,29.36,28.82,29.3,3005500,18.15
2010-08-12,29.3,29.82,29.06,29.39,4809100,18.21
2010-08-13,29.52,32.32,29.52,32.32,17788400,20.03
2010-08-17,32.75,33.25,32.28,32.47,13079600,20.11
2010-08-18,32.48,32.48,31.31,31.8,10213300,19.7
2010-08-19,31.58,32.56,31.56,31.98,6152500,19.81
2010-08-20,31.81,32.49,31.71,31.98,5327700,19.81
2010-08-23,31.88,32.42,31.74,32,7995200,19.82
2010-08-24,31.77,32.56,31.69,32.14,4519200,19.91
2010-08-25,31.99,32.31,30.99,31,5450900,19.2
2010-08-26,30.99,31.25,29.69,30.31,12057500,18.78
2010-08-27,30.43,31.05,29.93,30.82,6994800,19.09
2010-08-30,30.94,31.08,30.64,30.84,11952500,19.11
2010-08-31,30.81,31.44,30.41,31.24,17610800,19.35
2010-09-01,31.31,31.78,30.69,30.92,12581800,19.16
2010-09-03,31.26,31.49,29.88,30.77,12352200,19.06
2010-09-06,30.88,31.18,30.35,30.98,7717400,19.19
2010-09-07,30.86,31.53,30.84,31.25,12374600,19.36
2010-09-08,31.25,31.75,31.12,31.25,7747700,19.36
2010-09-09,31.13,32.5,30.94,32.47,11724400,20.11
2010-09-10,32.28,35.38,32.28,34.91,15620600,21.63
2010-09-13,34.34,37.12,34.34,36.42,13374500,22.57
2010-09-14,36.42,37.56,35.88,36.81,8151000,22.81
2010-09-15,36.56,37.09,35,35.56,7844400,22.03
2010-09-16,35.56,36.94,35.56,36.12,7885700,22.38
2010-09-17,36.19,37.19,35.62,36.14,4184500,22.39
2010-09-20,35.74,36.25,35,35.02,5745500,21.69
2010-09-21,34.98,36.61,34.66,36.32,4496800,22.5
2010-09-27,36.84,36.84,36.11,36.12,11494100,22.38
2010-09-28,36.44,39.48,36.26,39.45,12263100,24.44
2010-09-29,38.75,39.55,38.19,38.64,9821800,23.94
2010-09-30,38.21,39.33,37.81,38.72,6395800,23.99
2010-10-08,39.34,41.93,38.42,41.22,16061000,25.54
2010-10-11,40.8,45.18,40.76,41.86,10771100,41.54
2010-10-12,41.3,42.38,39.7,41.2,9951600,40.88
2010-10-13,41,41,38.8,39.44,8162900,39.13
2010-10-14,39.41,39.63,38.49,39.29,7851900,38.99
2010-10-15,39.03,41.99,39.03,41.71,10943300,41.39
2010-10-18,41.89,41.9,39.9,40.59,7085000,40.28
2010-10-19,40.64,44.5,40.64,44.33,9440100,43.99
2010-10-20,43.7,47.28,42.8,46.21,8724500,45.85
2010-10-21,46.25,47.44,45.39,46.62,5685300,46.26
2010-10-22,46.5,46.97,45.81,46.57,4274600,46.21
2010-10-25,46.66,49,46.65,48.8,6547200,48.42
2010-10-26,48.8,49.49,48,48.86,4567200,48.48
2010-10-27,48.9,49.38,46.8,47.52,10035300,47.15
2010-10-28,47.48,47.48,45.9,47.03,5566200,46.67
2010-10-29,47.48,47.48,45.9,47.26,5103900,46.89
2010-11-01,47.34,47.47,45.39,46.17,13846600,45.81
2010-11-02,46.17,46.73,44.91,45.86,7334800,45.5
2010-11-03,45,46.4,43.97,44.32,6838600,43.98
2010-11-04,44.4,47.3,44.33,47.27,8298000,46.9
2010-11-05,47.27,49.47,46.8,47.27,9458400,46.9
2010-11-08,47.28,47.72,45.6,46.19,7397300,45.83
2010-11-09,46.01,47,45.68,46.3,4766200,45.94
2010-11-10,46.82,46.82,45,46.26,4717000,45.9
2010-11-11,41.63,41.63,41.63,41.63,10178000,41.31
2010-11-12,37.47,37.47,37.47,37.47,6530600,37.18
2010-11-15,33.72,33.72,33.72,33.72,6896500,33.46
2010-11-16,30.35,36.49,30.35,35.41,43969300,35.14
2010-11-17,33.5,34.66,31.87,31.87,21276400,31.62
2010-11-18,30.43,32.8,29.52,32.16,28444000,31.91
2010-11-19,31.13,31.79,30.5,31.41,21210100,31.17
2010-11-22,31.1,32.6,31.1,31.6,18223600,31.36
2010-11-23,31.18,31.3,29,29.76,15605400,29.53
2010-11-24,29.77,30.98,29.77,30.52,12413000,30.28
2010-11-25,30.7,33.53,30.1,33.46,29151900,33.2
2010-11-26,32.9,34.46,32.46,33.56,23334800,33.3
2010-11-29,33.59,34.3,33.5,33.74,13218200,33.48
2010-11-30,33.4,34.2,31.61,32.7,13211800,32.45
2010-12-01,32.68,32.68,31.8,32.07,6974100,31.82
2010-12-02,32.59,32.6,31.83,31.98,8500500,31.73
2010-12-03,31.86,31.97,30.3,30.91,9240700,30.67
2010-12-06,30.92,32.85,30.92,32.18,13507200,31.93
2010-12-07,32,32.36,31.2,32.22,7543800,31.97
2010-12-08,32.18,32.52,31.7,31.78,4908100,31.53
2010-12-09,31.34,31.93,30.36,30.4,6266300,30.16
2010-12-10,30.18,30.94,29.9,30.81,5462900,30.57
2010-12-13,31.1,31.65,30.93,31.4,10023200,31.16
2010-12-14,31.58,31.59,31.15,31.34,7218700,31.1
2010-12-15,31.35,33,31.35,32.09,12588600,31.84
2010-12-16,31.65,32.1,31.4,31.48,5656700,31.24
2010-12-17,31.46,31.8,31.02,31.28,4270200,31.04
2010-12-20,31.48,33,30.9,32.13,15929200,31.88
2010-12-21,31.6,31.64,30.9,31.49,9503000,31.25
2010-12-22,31.5,32.2,31.12,31.67,9003300,31.42
2010-12-23,31.45,31.57,30.64,30.77,7275700,30.53
2010-12-24,30.59,31.1,29.91,30.14,4526600,29.91
2010-12-27,29.95,30.46,27.78,27.87,11347200,27.65
2010-12-28,27.87,27.9,25.9,25.96,10444100,25.76
2010-12-29,25.95,26.46,25.92,26.35,5425300,26.15
2010-12-30,26.36,26.45,25.68,26.16,5254800,25.96
2010-12-31,26.3,26.83,26.06,26.76,6265900,26.55
2011-01-04,26.97,27.96,26.7,27.8,9938700,27.58
2011-01-05,27.5,28.55,27.3,28.04,7432800,27.82
2011-01-06,28.04,28.98,27.99,28.13,5667300,27.91
2011-01-07,28.15,28.3,27.69,28.1,5162200,27.88
2011-01-11,27.5,27.94,26.2,26.56,5637300,26.35
2011-01-12,26.7,27.3,26.39,26.91,3377900,26.7
2011-01-13,26.93,27.26,26.5,26.7,2323300,26.49
2011-01-14,26.55,26.7,25.9,26,4587700,25.8
2011-01-17,25.75,25.96,23.7,23.76,8503900,23.58
2011-01-18,23.95,24.18,23.33,24.05,3981900,23.86
2011-01-19,24,25.22,23.81,24.98,4602600,24.79
2011-01-20,24.92,24.92,23.91,23.99,3824500,23.8
2011-01-21,23.89,24.6,23.8,24.38,3910200,24.19
2011-01-24,24.39,24.94,24.3,24.42,4500600,24.23
2011-01-25,24.58,24.59,23.66,23.97,2534900,23.78
2011-01-26,23.77,24.68,23.7,24.65,3845900,24.46
2011-01-27,24.5,25.12,24.25,24.86,4904700,24.67
2011-01-28,25.09,27.3,25.05,26.2,9793900,26
2011-01-31,25.99,26.99,25.8,26.54,6802200,26.33
2011-02-01,26.32,26.94,26.11,26.49,3466500,26.28
2011-02-09,26.2,27.6,26,27.19,5732100,26.98
2011-02-10,27.24,29.45,26.81,28.86,10008500,28.64
2011-02-11,28.88,29.97,28.84,28.85,9808800,28.63
2011-02-14,28.85,30.4,28.62,29.98,10046700,29.75
2011-02-15,30.11,31.97,30.1,31.16,13900800,30.92
2011-02-16,31.14,31.9,30.81,31.38,7875500,31.14
2011-02-17,31.38,32.2,31.2,31.97,9516600,31.72
2011-02-18,31.97,32.36,31.3,31.33,7684200,31.09
2011-02-21,31.15,31.32,30.8,31.2,7241800,30.96
2011-02-22,31,31.1,29.22,29.41,9450100,29.18
2011-02-23,29.36,31.65,29.31,31.52,11110900,31.28
2011-02-24,31.66,32.65,31.56,32.04,11101600,31.79
2011-02-25,32.1,32.55,31.21,32.34,8312600,32.09
2011-02-28,32.2,34.41,32,34.27,13115300,34
2011-03-01,34.24,35.55,33.8,34.53,13237300,34.26
2011-03-02,34.28,34.9,33.62,34.4,7141700,34.13
2011-03-03,34.3,35.59,34.01,34.35,10029400,34.08
2011-03-04,34.34,35.2,33.16,35.08,9548100,34.81
2011-03-07,35.09,36.3,35.09,35.62,10934600,35.34
2011-03-08,35.87,36,34.8,34.88,7825000,34.61
2011-03-09,34.98,35.2,34.31,34.93,5296100,34.66
2011-03-10,34.67,35.36,34.48,34.51,5378200,34.24
2011-03-11,34.4,34.4,33.06,33.3,7877700,33.04
2011-03-14,33.28,35.63,33.01,35.6,10425700,35.32
2011-03-15,35.45,35.79,34.15,34.66,8440500,34.39
2011-03-16,34.76,35.55,34.45,35.03,5159100,34.76
2011-03-17,34.8,35.18,33.83,34.11,5482700,33.85
2011-03-18,34.24,34.84,34.09,34.12,3256100,33.86
2011-03-21,34.41,35.13,34.15,34.5,4359700,34.23
2011-03-22,34.52,34.77,33.12,33.39,5204400,33.13
2011-03-23,33.38,33.78,33.14,33.61,3072200,33.35
2011-03-24,33.61,33.78,32.7,32.84,6909700,32.59
2011-03-25,33,34,32.37,33.15,6454700,32.89
2011-03-28,33.15,33.34,32,32.06,9413500,31.81
2011-03-29,32,32.97,31.34,32.26,6323100,32.01
2011-03-30,32.36,33.78,32.11,33.17,8389100,32.91
2011-03-31,33.3,33.6,32.95,33.06,4998800,32.8
2011-04-01,33.06,33.35,31.95,32.53,4546700,32.28
2011-04-06,32.4,32.4,31.58,31.98,3590900,31.73
2011-04-07,32.25,32.27,31.67,32.2,3790000,31.95
2011-04-08,32.2,32.2,31.55,31.72,5350700,31.47
2011-04-11,31.67,32,31.47,31.73,4124000,31.48
2011-04-12,31.6,32.17,31.4,32.16,5031000,31.91
2011-04-13,32.12,33.59,32,33.5,9324700,33.24
2011-04-14,33.5,33.6,32.94,33.05,3962300,32.79
2011-04-15,33.22,34.63,32.71,34.53,8461100,34.26
2011-04-18,34.55,35.5,34.45,34.99,8595100,34.72
2011-04-19,34.55,35.41,34.3,34.43,6795300,34.16
2011-04-20,34.44,34.88,33.9,33.98,3904000,33.72
2011-04-21,34,35.35,33.89,35.29,7293500,35.02
2011-04-22,35.96,36.3,34.9,35.09,7794700,34.82
2011-04-25,35.21,35.54,34.16,34.31,6081100,34.04
2011-04-26,34.31,34.57,33.85,34.1,4056500,33.84
2011-04-27,34.3,34.4,33,33.18,4986100,32.92
2011-04-28,33.22,33.98,31.6,31.94,5491000,31.69
2011-04-29,31.83,32.88,31.8,32.87,3674500,32.62
2011-05-03,33.1,33.75,32.83,33.47,3962400,33.21
2011-05-04,33.22,33.45,32.57,33.18,3031400,32.92
2011-05-05,33.01,33.59,32.93,33.4,2690400,33.14
2011-05-06,33.2,33.7,33.05,33.36,4861400,33.1
2011-05-09,33.47,34.2,33.25,33.72,5080200,33.46
2011-05-10,33.88,33.99,32.63,33,5469500,32.74
2011-05-11,32.8,33.1,32.4,32.44,3431400,32.19
2011-05-12,32.05,32.44,31.86,32.01,3929200,31.76
2011-05-13,32.09,32.34,31.7,32.26,2642100,32.01
2011-05-16,32.21,33.48,32.2,32.9,3123200,32.65
2011-05-17,32.77,33.78,32.77,32.94,5471100,32.68
2011-05-18,33,33.5,32.91,33.14,1971000,32.88
2011-05-19,33.15,33.22,32.6,32.64,2073500,32.39
2011-05-20,32.54,32.78,31.91,31.93,2253100,31.68
2011-05-23,31.98,32.18,31.08,31.2,2987400,30.96
2011-05-24,31.4,31.4,30,30.61,2577700,30.37
2011-05-25,30.31,30.85,30.1,30.1,1795100,29.87
2011-05-27,30.7,30.7,28.52,28.6,3495000,28.38
2011-05-30,28.57,28.57,27.62,27.89,2314200,27.67
2011-05-31,27.89,28.63,27.89,28.49,1652200,28.27
2011-06-01,28.49,28.49,27.88,28.36,2058700,28.14
2011-06-02,28.12,28.29,27.3,27.54,2581100,27.33
2011-06-03,27.67,28.38,27.5,28.05,2560300,27.83
2011-06-07,28.05,28.59,27.72,28.43,1917400,28.21
2011-06-08,28.39,29.99,28.02,29.91,3664300,29.68
2011-06-09,29.8,30.3,29.31,29.47,3645700,29.24
2011-06-10,29.47,30.8,29.32,30.4,4682800,30.16
2011-06-13,30.3,31.45,30.03,30.68,4118000,30.44
2011-06-14,30.86,31.19,30.51,30.85,3091000,30.61
2011-06-15,30.85,31.28,30.1,30.27,2241500,30.04
2011-06-16,30,30.25,28.88,28.92,2483900,28.7
2011-06-17,28.93,29.5,28.8,29.27,1672100,29.04
2011-06-20,29.26,29.65,28.93,29.12,1205800,28.89
2011-06-21,29.12,30.31,29.12,29.71,2509300,29.48
2011-06-22,29.71,30.17,29.3,29.51,1411800,29.28
2011-06-23,29.4,29.82,29.2,29.71,2032200,29.48
2011-06-24,29.71,31.2,29.58,30.79,4544900,30.55
2011-06-27,30.97,32.32,30.47,32.13,7039700,31.88
2011-06-28,32.15,33.2,31.8,32.2,5415300,31.95
2011-06-29,32.47,32.69,31.71,31.73,2864200,31.48
2011-06-30,31.89,32.57,31.73,32.23,2532400,31.98
2011-07-04,32.23,33,31.76,32.88,7392200,32.63
2011-07-05,32.76,33.1,32.61,32.68,3542000,32.43
2011-07-06,32.6,32.88,32.32,32.66,2521000,32.41
2011-07-07,32.66,32.76,31.8,31.92,4635000,31.67
2011-07-08,31.8,32.3,31.43,31.98,3625400,31.73
2011-07-11,32.3,32.7,30.8,32.1,6638500,31.85
2011-07-12,31.76,32.71,29.99,30.19,15814600,29.96
2011-07-13,29.9,30.28,29.31,30.11,10504700,29.88
2011-07-14,30.2,30.83,29.97,30.81,10571000,30.57
2011-07-15,30.9,33.89,30.81,33.89,24395300,33.63
2011-07-18,34.35,36,34.22,35.19,24304800,34.92
2011-07-19,34.99,35.59,34.58,35.52,11025500,35.43
2011-07-20,35.62,36.37,35.31,35.41,14368200,35.32
2011-07-21,35.45,36.8,35.03,35.93,12174800,35.84
2011-07-22,35.97,36.36,35.02,35.37,6661600,35.28
2011-07-25,35.46,36.1,33.88,33.99,12485100,33.9
2011-07-26,34.1,34.78,33.9,34.15,6986200,34.06
2011-07-27,34.4,35.1,34.1,34.6,6578100,34.51
2011-07-28,34.35,34.5,33,33.33,7850800,33.24
2011-07-29,33.31,33.59,32.45,32.75,4550000,32.66
2011-08-01,32.85,33.59,32.75,32.93,5464700,32.84
2011-08-02,32.8,32.8,31.73,32.18,4553400,32.1
2011-08-03,31.68,32.43,31.61,32.2,8422600,32.11
2011-08-04,32.54,33.75,32.47,33.68,9016500,33.59
2011-08-05,32.76,33.57,32.51,33.07,4945700,32.98
2011-08-08,32.3,32.8,30,30.89,6577000,30.81
2011-08-09,29.89,31.46,29.11,31.18,6250500,31.1
2011-08-10,31.88,32.2,31.1,31.24,3910000,31.16
2011-08-11,30.65,31.56,30.52,31.38,3337600,31.3
2011-08-12,31.7,32.15,31.3,32.03,3545800,31.95
2011-08-15,32.18,32.4,31.72,32.11,3426500,32.03
2011-08-16,32.24,32.24,31.2,31.25,3846500,31.17
2011-08-17,31.19,31.5,30.7,31.09,3529600,31.01
2011-08-18,31,31.33,30.72,30.95,2156900,30.87
2011-08-19,30.45,31.33,30.21,31,2837600,30.92
2011-08-22,30.98,31.47,29.95,30.22,2681400,30.14
2011-08-23,30.5,30.5,29.68,30.13,4230300,30.05
2011-08-24,30.46,31.18,30.01,30.57,3785700,30.49
2011-08-25,30.58,31.55,30.58,31.47,3397000,31.39
2011-08-26,31.18,31.66,31.06,31.33,2763300,31.25
2011-08-29,31.23,31.41,30.76,30.89,2155400,30.81
2011-08-30,31.4,31.4,29.9,30.15,4411000,30.07
2011-08-31,29.97,30.66,29.9,30.12,2228500,30.04
2011-09-01,30.01,30.3,29.68,29.82,2372800,29.74
2011-09-02,29.82,30.16,29.32,29.63,1660200,29.55
2011-09-05,29.58,29.58,28.33,28.34,3365900,28.27
2011-09-06,28.4,28.4,26.09,26.16,7147600,26.09
2011-09-07,26.38,26.79,26.25,26.52,5267700,26.45
2011-09-08,26.55,26.96,25.9,25.99,3824600,25.92
2011-09-09,26.26,26.4,25.91,26.05,2901800,25.98
2011-09-13,25.87,25.87,24,24.49,7617600,24.43
2011-09-14,24.68,25.16,24.2,25.07,4223500,25
2011-09-15,25.25,25.53,25.01,25.39,3706300,25.32
2011-09-16,25.48,26.34,25.48,25.85,4001300,25.78
2011-09-19,25.85,25.87,24.88,24.98,3309300,24.91
2011-09-20,24.98,25.25,24.56,24.9,5400200,24.83
2011-09-21,24.9,25.8,24.6,25.79,5803200,25.72
2011-09-22,25.5,25.6,24.78,24.84,3961300,24.77
2011-09-23,23.95,24.87,23.5,24.67,3088500,24.6
2011-09-26,24.5,24.97,23.83,23.96,3079200,23.9
2011-09-27,24.13,24.58,23.98,24.46,2314100,24.4
2011-09-28,24.5,24.94,24.1,24.18,1813600,24.12
2011-09-29,24.01,24.14,23.1,23.15,2969100,23.09
2011-09-30,23.05,23.36,21.61,21.88,4956200,21.82
2011-10-10,21.6,22.2,20.75,20.91,5468300,20.85
2011-10-11,21.54,21.55,20.6,20.8,4660300,20.75
2011-10-12,20.75,22.28,20.58,21.94,5326700,21.88
2011-10-13,21.94,22.45,21.71,22.18,2742500,22.12
2011-10-14,22.1,22.26,21.5,22.03,2747200,21.97
2011-10-17,22.26,22.99,22.17,22.81,4299200,22.75
2011-10-18,22.55,23.14,22.21,22.34,3592900,22.28
2011-10-19,22.43,22.78,22,22.31,2243300,22.25
2011-10-20,22.12,22.12,20.51,21.04,4357300,20.98
2011-10-21,21.6,21.6,20.6,20.61,2458400,20.56
2011-10-24,20.61,20.87,19,19.7,7309000,19.65
2011-10-25,19.75,20.5,19.51,20.49,4996800,20.44
2011-10-26,20.4,21.5,20.3,21.13,6458900,21.07
2011-10-27,21.13,21.95,20.73,20.97,3768200,20.91
2011-10-28,21.28,21.99,21.23,21.9,6140400,21.84
2011-10-31,22.08,23.1,21.94,23.07,7910400,23.01
2011-11-01,22.88,23.87,22.6,23.06,10373100,23
2011-11-02,22.7,23.67,22.4,23.55,6451500,23.49
2011-11-03,23.76,24.66,23.56,23.6,5697700,23.54
2011-11-04,23.84,24.37,23.36,24.01,4476000,23.95
2011-11-07,24.02,24.6,23.82,24.33,4802500,24.27
2011-11-08,24.3,24.63,23.7,23.78,4494900,23.72
2011-11-09,23.9,24.59,23.66,24.22,4364100,24.16
2011-11-10,24.1,25.32,24.02,24.7,7342800,24.63
2011-11-11,24.68,25.16,24.3,24.41,6109100,24.35
2011-11-14,24.98,25.08,24.13,24.7,16229100,24.63
2011-11-15,24.45,24.93,24.45,24.55,5642000,24.49
2011-11-16,24.55,24.57,23.98,24.09,9825200,24.03
2011-11-17,24.18,24.67,23.63,24.48,9122600,24.42
2011-11-18,24.23,24.8,24.11,24.37,8083900,24.31
2011-11-21,24.37,24.37,22,22.73,7548600,22.67
2011-11-22,22.43,22.69,21.95,22.48,3589100,22.42
2011-11-23,22.48,22.79,22.06,22.17,1864400,22.11
2011-11-24,21.88,22.11,21.41,21.89,2401800,21.83
2011-11-25,21.87,22.2,21.55,21.64,1978500,21.58
2011-11-28,21.64,21.64,21.64,21.64,0,21.58
2011-11-29,21.94,22.1,20.6,21.7,8717300,21.64
2011-11-30,21.48,21.61,19.62,19.94,6805700,19.89
2011-12-01,20.7,20.87,20,20.08,5888300,20.03
2011-12-02,20,20,18.41,18.96,10218000,18.91
2011-12-05,18.96,19,18.23,18.27,6196800,18.22
2011-12-06,18.26,18.46,17.91,18.42,6259700,18.37
2011-12-07,18.42,19.4,18.32,18.97,5614800,18.92
2011-12-08,18.97,19.25,18.45,18.82,3245900,18.77
2011-12-09,18.7,19.1,18.46,18.47,2380900,18.42
2011-12-12,18.35,18.71,18.15,18.28,3130700,18.23
2011-12-13,18,18.26,16.45,16.45,7543300,16.41
2011-12-14,16.14,16.6,15.66,16.3,8668600,16.26
2011-12-15,16.03,16.5,15.85,16.1,6027400,16.06
2011-12-16,16.3,16.49,15.95,16.47,5736000,16.43
2011-12-19,16.47,17.34,16.12,17.25,7345600,17.2
2011-12-20,17.13,17.52,16.98,17.05,5524000,17
2011-12-21,17.26,17.41,15.51,15.82,5886000,15.78
2011-12-22,15.9,16.5,14.24,15.79,10087600,15.75
2011-12-23,15.28,15.97,15.2,15.84,4621700,15.8
2011-12-26,15.69,16.26,15.67,15.99,4461600,15.95
2011-12-27,15.97,16.45,15.82,16,5223200,15.96
2011-12-28,15.9,16.15,15.5,16.05,3150700,16.01
2011-12-29,15.91,16.37,15.91,16.15,3116600,16.11
2011-12-30,16.11,16.88,16.11,16.65,4850300,16.61
2012-01-02,16.11,16.88,16.11,16.65,4850300,16.61
2012-01-03,16.11,16.88,16.11,16.65,4850300,16.61
2012-01-04,16.79,16.87,15.88,15.9,4088700,15.86
2012-01-05,15.77,16.16,15.51,15.99,4886600,15.95
2012-01-06,16,16,14.39,15.4,12077100,15.36
2012-01-09,14.98,15.78,14.56,15.74,6663600,15.7
2012-01-10,15.7,16.9,15.66,16.79,7678100,16.75
2012-01-11,16.85,17.3,16.61,16.98,8877800,16.94
2012-01-12,16.99,17.5,16.77,17.18,7763500,17.13
2012-01-13,17.15,17.26,16.5,16.57,6997700,16.53
2012-01-16,16.43,16.46,15.57,15.84,4373900,15.8
2012-01-17,15.8,16.9,15.43,16.78,5414300,16.74
2012-01-18,16.8,17.17,16.19,16.22,5293900,16.18
2012-01-19,16.14,16.5,15.66,16.23,7737900,16.19
2012-01-20,16.23,16.45,16.02,16.24,4931800,16.2
2012-01-23,16.24,16.24,16.24,16.24,0,16.2
2012-01-24,16.24,16.24,16.24,16.24,0,16.2
2012-01-25,16.24,16.24,16.24,16.24,0,16.2
2012-01-26,16.24,16.24,16.24,16.24,0,16.2
2012-01-27,16.24,16.24,16.24,16.24,0,16.2
2012-01-30,16.33,16.35,15.9,15.97,3380900,15.93
2012-01-31,16.01,16.08,15.45,15.65,4140400,15.61
2012-02-01,15.65,15.84,15.4,15.68,3393200,15.64
2012-02-02,15.66,15.88,15.57,15.87,3319100,15.83
2012-02-03,15.75,17.2,15.75,16.96,11308600,16.92
2012-02-06,16.89,17,16.4,16.67,8534800,16.63
2012-02-07,16.52,16.94,16.25,16.77,5936200,16.73
2012-02-08,16.65,17.15,16.35,17.05,8873500,17
2012-02-09,17.07,17.63,17,17.1,9373400,17.05
2012-02-10,17,17.62,16.87,17.24,9452200,17.19
2012-02-13,17.02,17.65,17,17.57,9109200,17.52
2012-02-14,17.48,17.65,16.98,17.29,8786300,17.24
2012-02-15,17.2,17.8,16.96,17.76,13713900,17.71
2012-02-16,17.58,17.86,17.22,17.43,8229000,17.38
2012-02-17,17.58,17.92,17.32,17.75,9796800,17.7
2012-02-20,17.9,18.5,17.84,18.07,12659800,18.02
2012-02-21,17.95,18.57,17.71,18.53,9243000,18.48
2012-02-22,18.4,19.23,18.4,18.91,10565600,18.86
2012-02-23,18.88,19.07,18.51,18.8,7880200,18.75
2012-02-24,18.66,19.15,18.54,18.9,8517200,18.85
2012-02-27,18.8,19.05,18.58,18.71,10185600,18.66
2012-02-28,18.61,18.82,18.18,18.36,7518300,18.31
2012-02-29,18.25,18.32,17.85,17.89,7678500,17.84
2012-03-01,17.8,18.29,17.77,18.01,7104900,17.96
2012-03-02,18.03,18.27,17.96,18.18,7297000,18.13
2012-03-05,18.3,18.77,18.03,18.11,14197300,18.06
2012-03-06,18.02,18.06,17.42,18.01,11189300,17.96
2012-03-07,17.74,18.46,17.7,18.11,11227400,18.06
2012-03-08,18.13,18.6,18.11,18.28,9344200,18.23
2012-03-09,18.33,18.68,18.15,18.65,8926200,18.6
2012-03-12,18.66,18.85,18.41,18.59,7309000,18.54
2012-03-13,18.6,19.11,18.58,19.06,10594200,19.01
2012-03-14,19.15,19.35,17.88,17.91,14073300,17.86
2012-03-15,17.99,18.1,17.16,17.38,8310800,17.33
2012-03-16,17.47,17.59,17.07,17.56,6768800,17.51
2012-03-19,17.55,17.61,17.08,17.56,7890500,17.51
2012-03-20,17.49,17.49,16.8,16.84,7540200,16.8
2012-03-21,16.84,17.12,16.6,16.96,5012100,16.92
2012-03-22,16.88,16.97,16.61,16.72,4488100,16.68
2012-03-23,16.71,16.71,16.03,16.09,6634800,16.05
2012-03-26,16.04,16.17,15.91,16,4008400,15.96
2012-03-27,16.11,16.36,16.04,16.18,4061400,16.14
2012-03-28,16.18,16.32,15.3,15.49,6095700,15.45
2012-03-29,15.3,15.55,14.32,14.74,7465100,14.7
2012-03-30,14.73,15.04,14.64,14.93,4925900,14.89
2012-04-02,14.93,14.93,14.93,14.93,0,14.89
2012-04-03,14.93,14.93,14.93,14.93,0,14.89
2012-04-04,14.93,14.93,14.93,14.93,0,14.89
2012-04-05,14.93,15.38,14.8,15.27,5961100,15.23
2012-04-06,15.25,15.41,15.01,15.39,4630200,15.35
2012-04-09,15.39,15.39,14.95,15,4233000,14.96
2012-04-10,14.91,15.15,14.62,15.05,5496100,15.01
2012-04-11,14.85,15.32,14.73,15.31,6242200,15.27
2012-04-12,15.3,15.72,15.21,15.62,7223500,15.58
2012-04-13,15.63,15.71,15.46,15.64,5666500,15.6
2012-04-16,15.54,15.63,15.34,15.48,3637400,15.44
2012-04-17,15.3,15.63,15.2,15.35,3938300,15.31
2012-04-18,15.45,16.2,15.4,16.02,10701500,15.98
2012-04-19,16.1,16.15,15.83,15.94,5549900,15.9
2012-04-20,15.94,16.3,15.82,16.23,4937700,16.19
2012-04-23,16.18,17.85,16.12,17.85,26957900,17.8
2012-04-24,18.15,18.48,17.02,17.77,37584500,17.72
2012-04-25,17.22,17.3,16.5,17.08,21146100,17.03
2012-04-26,17.01,17.38,16.75,17.18,14687100,17.13
2012-04-27,17,17.38,16.61,16.7,9475800,16.66
2012-04-30,16.7,16.7,16.7,16.7,0,16.66
2012-05-01,16.7,16.7,16.7,16.7,0,16.66
2012-05-02,17,17.07,16.5,16.81,10359800,16.77
2012-05-03,16.71,16.92,16.2,16.58,9190900,16.54
2012-05-04,16.59,16.89,16.31,16.86,8818600,16.82
2012-05-07,16.75,16.75,16.38,16.63,7473500,16.59
2012-05-08,16.79,17.27,16.79,16.91,11825500,16.87
2012-05-09,16.98,17.75,16.97,17.31,18678100,17.26
2012-05-10,17.26,17.36,16.71,16.74,9714600,16.7
2012-05-11,16.73,16.73,16.2,16.25,5939400,16.21
2012-05-14,16.31,16.44,15.88,15.91,6961000,15.87
2012-05-15,15.75,15.75,15.42,15.57,6121600,15.53
2012-05-16,15.57,15.57,15.57,15.57,0,15.53
2012-05-17,15.4,15.7,15.21,15.57,5857000,15.53
2012-05-18,15.56,15.56,15.12,15.17,4599100,15.13
2012-05-21,15.13,15.5,15.11,15.3,3410900,15.26
2012-05-22,15.3,15.74,15.3,15.6,4265200,15.56
2012-05-23,15.58,15.73,15.38,15.54,2752700,15.5
2012-05-24,15.45,15.87,15.4,15.67,4504400,15.63
2012-05-25,15.58,16.12,15.58,16.1,7575100,16.06
2012-05-28,16.25,16.68,15.9,16.19,8247700,16.15
2012-05-29,16.44,16.44,15.97,16.19,7346400,16.15
2012-05-30,16.19,16.24,15.73,15.96,5677400,15.92
2012-05-31,15.8,16.13,15.75,15.87,3292400,15.83
2012-06-01,15.91,15.99,15.52,15.55,3291400,15.51
2012-06-04,15.31,15.47,14.87,14.9,4786900,14.86
2012-06-05,14.99,15.15,14.74,14.97,3178700,14.93
2012-06-06,15.04,15.12,14.65,14.78,2951700,14.74
2012-06-07,14.9,15.08,14.65,14.74,2563200,14.7
2012-06-08,14.92,15.09,14.52,14.74,4366100,14.7
2012-06-11,14.82,15.09,14.75,15.04,3586000,15
2012-06-12,15,15,14.75,14.88,2338000,14.84
2012-06-13,14.88,15.02,14.77,15,2432800,14.96
2012-06-14,15,15.18,14.94,15.05,3294600,15.01
2012-06-15,15.17,15.17,14.8,14.94,3447300,14.9
2012-06-18,15.03,15.09,14.8,14.85,3696100,14.81
2012-06-19,14.83,14.92,14.68,14.76,3085700,14.72
2012-06-20,14.72,14.83,14.48,14.52,3309900,14.48
2012-06-21,14.52,14.52,14.14,14.36,3746500,14.32
2012-06-22,14.36,14.36,14.36,14.36,0,14.32
2012-06-25,14.39,14.39,13.87,13.88,3131700,13.84
2012-06-26,13.86,13.86,13.57,13.71,3541400,13.67
2012-06-27,13.72,13.8,13.41,13.43,3551200,13.39
2012-06-28,13.51,13.52,12.86,12.87,5684800,12.84
2012-06-29,12.81,13.15,12.78,13.03,4289700,13
2012-07-02,13.04,13.33,13,13.14,4044600,13.11
2012-07-03,13.14,13.36,13.02,13.08,3467500,13.05
2012-07-04,13.1,13.41,12.9,13.3,6069800,13.26
2012-07-05,13.08,13.14,12.57,12.77,4993800,12.74
2012-07-06,12.83,12.84,12.19,12.61,6859200,12.58
2012-07-09,12.48,12.59,12.02,12.2,5458100,12.17
2012-07-10,12.16,12.24,11.81,11.99,4230300,11.96
2012-07-11,11.95,12.15,11.76,12.06,4238200,12.03
2012-07-12,12,12.26,11.9,12.2,4899200,12.17
2012-07-13,12.15,12.27,12.03,12.09,3689000,12.06
2012-07-16,12.09,12.11,11.28,11.4,6209800,11.37
2012-07-17,11.32,11.53,11.17,11.42,6858000,11.39
2012-07-18,11.39,11.73,11.22,11.6,6027400,11.57
2012-07-19,11.52,11.95,11.45,11.76,7623900,11.73
2012-07-20,11.76,11.95,11.66,11.82,5852000,11.79
2012-07-23,11.66,11.99,11.4,11.74,6047100,11.71
2012-07-24,11.6,11.85,11.58,11.8,5882200,11.77
2012-07-25,11.73,11.88,11.7,11.81,3459700,11.78
2012-07-26,11.81,11.86,11.6,11.73,4760300,11.7
2012-07-27,11.71,11.81,11.5,11.79,4899900,11.76
2012-07-30,11.77,12.02,11.58,11.69,5939900,11.66
2012-07-31,11.63,11.7,10.8,11.03,5143200,11
2012-08-01,10.99,11.25,10.99,11.07,4510400,11.04
2012-08-02,11.1,11.1,10.69,10.88,5718400,10.85
2012-08-03,10.84,11.08,10.79,11.06,4856800,11.03
2012-08-06,10.98,11.39,10.89,11.35,6167000,11.32
2012-08-07,11.32,11.69,11.31,11.62,8045600,11.59
2012-08-08,11.55,11.63,11.42,11.55,5528800,11.52
2012-08-09,11.54,11.85,11.46,11.76,7473100,11.73
2012-08-10,11.85,12.07,11.66,12,11181500,11.97
2012-08-13,11.92,11.94,11.55,11.73,7426600,11.7
2012-08-14,11.7,11.73,11.32,11.62,5132300,11.59
2012-08-15,11.61,12.03,11.38,11.82,9918800,11.79
2012-08-16,11.92,12.12,11.7,11.83,10460800,11.8
2012-08-17,11.78,11.98,11.66,11.85,5460400,11.82
2012-08-20,11.75,11.84,11.55,11.76,4552800,11.73
2012-08-21,11.76,12.15,11.68,12.01,10257400,11.98
2012-08-22,12,12.08,11.86,11.95,4783200,11.92
2012-08-23,11.88,12.05,11.7,11.85,4793100,11.82
2012-08-24,11.8,12.31,11.74,12.16,14480500,12.13
2012-08-27,12.1,12.27,11.82,12.1,9677500,12.07
2012-08-28,12.1,12.38,12.05,12.16,9891100,12.13
2012-08-29,12.14,12.14,11.87,11.97,6415400,11.94
2012-08-30,11.92,12.04,10.99,11.16,8761700,11.13
2012-08-31,11.02,11.32,11.02,11.14,4243800,11.11
2012-09-03,11.06,11.51,11.06,11.5,6402700,11.47
2012-09-04,11.51,11.87,11.45,11.72,9333300,11.69
2012-09-05,11.7,12.89,11.7,12.89,25557100,12.86
2012-09-06,13,13.08,12.65,12.96,20883300,12.93
2012-09-07,12.99,13.59,12.83,13.52,22911700,13.48
2012-09-10,13.4,13.79,13.3,13.38,12955700,13.34
2012-09-11,13.66,14.13,13.15,13.47,13534200,13.43
2012-09-12,13.5,13.7,13.02,13.45,13515700,13.41
2012-09-13,13.45,14.5,13.25,14.06,24363800,14.02
2012-09-14,13.82,13.96,13.3,13.57,13746000,13.53
2012-09-17,13.62,13.93,12.98,13.09,8675700,13.06
2012-09-18,13.01,13.13,12.61,12.74,5339500,12.71
2012-09-19,12.81,12.96,12.66,12.85,4951400,12.82
2012-09-20,12.86,13.1,11.67,11.74,12422200,11.71
2012-09-21,11.78,11.85,11.18,11.36,10085300,11.33
2012-09-24,11.34,11.53,11.3,11.43,3837400,11.4
2012-09-25,11.46,11.59,11.25,11.3,4504500,11.27
2012-09-26,11.29,11.32,10.7,10.91,7357700,10.88
2012-09-27,10.9,11.26,10.76,11.17,6518300,11.14
2012-09-28,11.09,11.44,11.02,11.41,5827900,11.38
2012-10-01,11.41,11.41,11.41,11.41,0,11.38
2012-10-02,11.41,11.41,11.41,11.41,0,11.38
2012-10-03,11.41,11.41,11.41,11.41,0,11.38
2012-10-04,11.41,11.41,11.41,11.41,0,11.38
2012-10-05,11.41,11.41,11.41,11.41,0,11.38
2012-10-08,11.38,11.62,11.3,11.61,6893200,11.58
2012-10-09,11.61,11.98,11.53,11.91,6207200,11.88
2012-10-10,11.91,12.19,11.81,12.09,4683200,12.06
2012-10-11,12,12.19,11.76,11.81,5306600,11.78
2012-10-12,11.76,11.95,11.39,11.64,4740800,11.61
2012-10-15,11.61,11.66,11.42,11.57,2588600,11.54
2012-10-16,11.63,11.98,11.55,11.94,4761900,11.91
2012-10-17,12.05,12.16,11.79,11.85,3242100,11.82
2012-10-18,11.98,12.1,11.79,12.01,3549500,11.98
2012-10-19,12.01,12.16,11.93,11.99,2175800,11.96
2012-10-22,11.9,12.08,11.8,12.02,2743400,11.99
2012-10-23,12.02,12.02,11.65,11.7,4340000,11.67
2012-10-24,11.55,11.7,11.52,11.62,2753300,11.59
2012-10-25,11.63,11.83,11.5,11.58,3186700,11.55
2012-10-26,11.57,11.57,11.07,11.12,4232600,11.09
2012-10-29,11.12,11.15,10.92,10.95,3160800,10.92
2012-10-30,10.99,11.09,10.72,10.86,3766700,10.83
2012-10-31,10.85,10.95,10.8,10.91,2463300,10.88
2012-11-01,10.97,11.26,10.92,11.17,6159400,11.14
2012-11-02,11.2,11.3,11.14,11.18,4140600,11.15
2012-11-05,11.15,11.26,10.96,11.04,5624900,11.01
2012-11-06,11.04,11.34,10.91,11.3,7021600,11.27
2012-11-07,11.29,11.59,11.2,11.47,7148400,11.44
2012-11-08,11.4,11.71,11.22,11.38,10356000,11.35
2012-11-09,11.31,11.88,11.31,11.61,11912500,11.58
2012-11-12,11.66,12.04,11.63,11.85,12014500,11.82
2012-11-13,11.92,11.92,11.15,11.16,9728200,11.13
2012-11-14,11.51,11.75,10.92,11.15,11146200,11.12
2012-11-15,11,11.14,10.58,10.64,8515200,10.61
2012-11-16,10.6,10.65,10.1,10.35,7157900,10.32
2012-11-19,10.35,10.41,10.16,10.35,3137800,10.32
2012-11-20,10.38,10.55,10.11,10.18,3992300,10.15
2012-11-21,10.1,10.3,9.95,10.29,4231400,10.26
2012-11-22,10.2,10.23,10,10.11,3033000,10.08
2012-11-23,10.1,10.27,10.09,10.19,2740500,10.16
2012-11-26,10.2,10.42,10.16,10.16,4321100,10.13
2012-11-27,10.13,10.13,9.69,9.7,4862900,9.67
2012-11-28,9.66,9.68,9.38,9.45,3239300,9.43
2012-11-29,9.42,9.58,9.3,9.4,2273700,9.38
2012-11-30,9.35,9.55,9.21,9.51,3011400,9.48
2012-12-03,9.38,9.53,9.17,9.23,2309200,9.21
2012-12-04,9.24,9.9,9.24,9.61,4754200,9.58
2012-12-05,9.51,10.22,9.5,10.03,7607100,10
2012-12-06,10.1,10.29,9.91,9.95,5672700,9.92
2012-12-07,9.92,10.2,9.86,10.12,5614800,10.09
2012-12-10,10.19,10.38,10.16,10.33,6012900,10.3
2012-12-11,10.28,10.35,10.1,10.18,5240300,10.15
2012-12-12,10.18,10.29,10.1,10.23,3688000,10.2
2012-12-13,10.13,10.19,9.97,10,3318400,9.97
2012-12-14,10.09,10.54,10,10.43,7338500,10.4
2012-12-17,10.4,10.77,10.4,10.67,8663300,10.64
2012-12-18,10.62,10.87,10.53,10.76,7575600,10.73
2012-12-19,10.75,10.8,10.65,10.69,4370800,10.66
2012-12-20,10.65,10.9,10.56,10.89,7521400,10.86
2012-12-21,10.84,10.98,10.78,10.8,5716100,10.77
2012-12-24,10.73,10.93,10.73,10.81,3579900,10.78
2012-12-25,10.8,11.39,10.67,11.19,7398600,11.16
2012-12-26,11.11,11.29,11,11.23,6621800,11.2
2012-12-27,11.17,12.35,11.17,12.35,30111900,12.32
2012-12-28,12.19,12.54,12.01,12.47,18033900,12.44
2012-12-31,12.47,13.72,12.47,13.72,23427000,13.68
2013-01-01,13.72,13.72,13.72,13.72,0,13.68
2013-01-02,13.72,13.72,13.72,13.72,0,13.68
2013-01-03,13.72,13.72,13.72,13.72,0,13.68
2013-01-04,13.96,14.1,13.39,13.62,20733200,13.58
2013-01-07,13.61,14.98,13.45,14.5,25850900,14.46
2013-01-08,14.28,14.91,14.2,14.39,15022600,14.35
2013-01-09,14.38,14.8,13.78,14.04,13074600,14
2013-01-10,13.9,14.77,13.85,14.24,15022900,14.2
2013-01-11,14.5,15.66,14.14,15.1,27791000,15.06
2013-01-14,15,16.61,14.83,16.61,33471300,16.57
2013-01-15,16.7,17.8,15.8,15.99,43849300,15.95
2013-01-16,16,16.5,15.71,16.49,27579000,16.45
2013-01-17,16.2,16.2,15,15.15,21771500,15.11
2013-01-18,15.02,15.5,14.9,15.15,16157200,15.11
2013-01-21,15.18,16.1,14.94,15.78,17483000,15.74
2013-01-22,15.68,15.68,15.22,15.36,10604000,15.32
2013-01-23,15.3,15.97,15.04,15.74,12857300,15.7
2013-01-24,15.76,16.5,15.75,16.09,25053700,16.05
2013-01-25,15.9,16.17,15.1,15.31,12536300,15.27
2013-01-28,15.7,16.2,15.55,15.72,22083100,15.68
2013-01-29,15.5,15.5,14.97,15.41,17361700,15.37
2013-01-30,15.4,16.5,15.16,16.46,23544300,16.42
2013-01-31,16.2,16.52,15.9,16.13,14103000,16.09
2013-02-01,16.09,17.2,15.94,16.53,20120900,16.49
2013-02-04,16.51,17.6,16.51,17.32,18552700,17.27
2013-02-05,17.15,17.28,16.5,17.06,14226300,17.01
2013-02-06,17.06,17.5,16.92,17.1,8149200,17.05
2013-02-07,17.19,17.76,16.79,17.44,13512100,17.39
2013-02-08,17.3,17.76,17.12,17.35,8098100,17.3
2013-02-11,17.35,17.35,17.35,17.35,0,17.3
2013-02-12,17.35,17.35,17.35,17.35,0,17.3
2013-02-13,17.35,17.35,17.35,17.35,0,17.3
2013-02-14,17.35,17.35,17.35,17.35,0,17.3
2013-02-15,17.35,17.35,17.35,17.35,0,17.3
2013-02-18,17.64,17.75,16.86,17.3,10412600,17.25
2013-02-19,17.11,17.44,16.35,16.6,9712200,16.56
2013-02-20,16.52,16.82,16.36,16.7,6220100,16.66
2013-02-21,16.51,16.58,15.91,16.14,7873100,16.1
2013-02-22,16.15,16.66,16.1,16.27,6350100,16.23
2013-02-25,16.62,16.62,15.85,15.94,8661400,15.9
2013-02-26,15.8,16.61,15.56,16.07,10214500,16.03
2013-02-27,16.24,16.5,15.87,16.48,9235600,16.44
2013-02-28,16.56,17.4,16.29,17.19,15566100,17.14
2013-03-01,17,17.57,16.93,17.25,13153300,17.2
2013-03-04,17.25,17.36,16.6,16.88,16031600,16.84
2013-03-05,16.93,17.18,16.48,17.01,10339100,16.97
2013-03-06,17.1,17.58,16.97,17.29,12598500,17.24
2013-03-07,17.23,17.23,15.65,16.2,20639000,16.16
2013-03-08,16.27,16.82,15.61,15.85,9775400,15.81
2013-03-11,15.61,16.16,15.6,15.95,6100000,15.91
2013-03-12,15.98,16.13,15.08,15.49,6899200,15.45
2013-03-13,15.39,15.66,15.17,15.47,5198200,15.43
2013-03-14,15.5,15.75,15.36,15.41,3029700,15.37
2013-03-15,15.43,16.87,15.28,16.16,15896300,16.12
2013-03-18,16.06,16.4,15.71,15.82,6614000,15.78
2013-03-19,15.87,16.3,15.75,16.29,6678200,16.25
2013-03-20,16.32,16.86,16.21,16.73,10421500,16.69
2013-03-21,16.7,17.37,16.7,16.88,10317600,16.84
2013-03-22,16.88,17.19,16.75,17.11,6740600,17.06
2013-03-25,17.25,17.38,16.94,17.01,8214900,16.97
2013-03-26,16.77,16.87,16.2,16.45,8637400,16.41
2013-03-27,16.45,17.9,16.31,17.63,23088800,17.58
2013-03-28,17.48,17.58,16.75,16.99,16707700,16.95
2013-03-29,17.09,17.3,16.41,16.59,11484300,16.55
2013-04-01,17.04,18.25,16.79,18.25,32605100,18.2
2013-04-02,18.2,18.39,17.8,18.32,19646900,18.27
2013-04-03,18.3,18.86,17.87,17.93,21760700,17.88
2013-04-04,17.93,17.93,17.93,17.93,0,17.88
2013-04-05,17.93,17.93,17.93,17.93,0,17.88
2013-04-08,17.55,18.08,16.5,17.98,13744900,17.93
2013-04-09,17.92,18.43,17.73,18.01,12148700,17.96
2013-04-10,18.03,18.21,17.58,18,11255100,17.95
2013-04-11,17.9,18.14,17.41,17.48,7925000,17.43
2013-04-12,17.47,17.49,17.02,17.15,8455000,17.1
2013-04-15,17,17.08,16.58,16.65,7174500,16.61
2013-04-16,16.56,16.92,16.5,16.79,5407700,16.75
2013-04-17,16.78,16.92,16.53,16.89,5178700,16.85
2013-04-18,16.71,17.19,16.56,17.02,5462100,16.98
2013-04-19,17.1,17.6,17,17.42,8494700,17.37
2013-04-22,17.33,18.1,17.3,17.81,8570400,17.76
2013-04-23,17.94,17.94,17.05,17.17,9405200,17.12
2013-04-24,17.19,17.38,16.74,17.33,6260200,17.28
2013-04-25,17.35,17.42,16.78,16.83,6112100,16.79
2013-04-26,16.76,17.03,15.9,15.93,11027100,15.89
2013-04-29,15.93,15.93,15.93,15.93,0,15.89
2013-04-30,15.93,15.93,15.93,15.93,0,15.89
2013-05-01,15.93,15.93,15.93,15.93,0,15.89
2013-05-02,15.9,15.9,15.43,15.74,5408000,15.7
2013-05-03,15.74,16.45,15.74,16.2,6262900,16.16
2013-05-06,16.48,16.73,16.31,16.7,6841600,16.66
2013-05-07,16.69,16.82,16.43,16.77,4965000,16.73
2013-05-08,16.78,17.07,16.56,16.7,4825200,16.66
2013-05-09,16.73,17,16.53,16.96,6896500,16.92
2013-05-10,16.95,17.15,16.8,17.07,6244200,17.02
2013-05-13,17.3,18.59,17.25,18.35,23330700,18.3
2013-05-14,18.4,18.48,17.87,18.2,12789800,18.15
2013-05-15,18.22,19.4,18.22,18.65,18737600,18.6
2013-05-16,18.48,19.95,18.32,19.68,20483300,19.63
2013-05-17,19.5,20,19.43,19.83,15575400,19.78
2013-05-20,20.2,20.47,19.68,20.1,15675100,20.05
2013-05-21,20.05,20.82,19.56,20.51,19098500,20.46
2013-05-22,20.3,20.53,19.21,19.46,16346600,19.41
2013-05-23,19.48,20.2,19.19,19.48,15273500,19.43
2013-05-24,19.6,20.38,19.6,20.27,13532700,20.22
2013-05-27,20.4,20.96,20.06,20.19,11787200,20.14
2013-05-28,20.21,20.39,19.7,20.01,11361100,19.96
2013-05-29,20.07,21.4,20.07,21.24,20164300,21.18
2013-05-30,21,21.67,20.89,21.34,11130200,21.28
2013-05-31,21.28,21.79,20.9,21.08,11553500,21.02
2013-06-03,20.89,21.17,20.64,20.9,7386900,20.84
2013-06-04,20.98,21.47,20.07,20.16,11692900,20.11
2013-06-05,20.15,20.23,19.65,19.68,7665200,19.63
2013-06-06,19.7,20.12,19.18,19.29,8749200,19.24
2013-06-07,19.26,19.5,18.98,19.42,7677000,19.37
2013-06-10,19.42,19.42,19.42,19.42,0,19.37
2013-06-11,19.42,19.42,19.42,19.42,0,19.37
2013-06-12,19.42,19.42,19.42,19.42,0,19.37
2013-06-13,19.31,19.33,18.28,18.88,7138400,18.83
2013-06-14,18.9,19.37,18.66,19.3,6341900,19.25
2013-06-17,19.51,19.97,19.25,19.68,10717700,19.63
2013-06-18,19.9,20.2,19.28,19.29,7529100,19.24
2013-06-19,19,19,18.36,18.78,9266200,18.73
2013-06-20,18.65,18.75,17.68,17.78,6752100,17.73
2013-06-21,17.3,17.3,16.75,16.92,12336800,16.88
2013-06-24,16.76,16.77,15.65,15.79,11924800,15.75
2013-06-25,15.5,16.38,14.61,16.29,13162600,16.25
2013-06-26,16.25,16.81,16.16,16.62,8774500,16.58
2013-06-27,16.61,16.85,15.7,15.76,9847800,15.72
2013-06-28,15.69,16.17,15.36,15.6,7059500,15.56
2013-07-01,15.6,16.45,15.51,16.36,5971000,16.32
2013-07-02,16.36,17.18,16.21,17.17,9161200,17.12
2013-07-03,17.15,17.42,16.78,17.25,8047500,17.2
2013-07-04,17.1,17.97,16.92,17.2,8473000,17.15
2013-07-05,17.4,17.65,16.55,16.64,8469000,16.6
2013-07-08,16.21,16.49,15.9,15.96,6450800,15.92
2013-07-09,15.95,16.29,15.91,16.09,2992500,16.06
2013-07-10,16,16.59,15.91,16.58,4505800,16.55
2013-07-11,16.57,17.3,16.48,16.91,7279000,16.87
2013-07-12,16.98,17.3,16.44,16.57,6338500,16.54
2013-07-15,16.58,17.1,16.56,17.02,5912200,16.98
2013-07-16,16.91,17.7,16.91,17.64,11298200,17.6
2013-07-17,17.7,18.2,17.37,17.54,10838200,17.5
2013-07-18,17.35,17.83,17.17,17.52,7318500,17.48
2013-07-19,17.51,17.7,16.69,16.77,8241200,16.74
2013-07-22,16.63,16.85,16.2,16.5,7170600,16.47
2013-07-23,16.53,16.92,16.48,16.81,6430800,16.78
2013-07-24,16.79,17.11,16.71,17.06,6746000,17.02
2013-07-25,17.11,17.24,16.53,16.59,6319300,16.56
2013-07-26,16.42,16.54,15.81,16,7097600,15.97
2013-07-29,15.9,15.9,15.67,15.79,4165400,15.76
2013-07-30,15.79,16.08,15.63,15.77,4195800,15.74
2013-07-31,15.95,16.18,15.85,15.97,4986000,15.94
2013-08-01,16.15,16.25,15.9,16.19,6344900,16.16
2013-08-02,16.28,16.38,16,16.21,7152300,16.18
2013-08-05,16,16.15,15.87,16.07,7088400,16.04
2013-08-06,16.14,16.16,15.85,15.97,9949800,15.94
2013-08-07,15.96,16.42,15.83,16.3,11357000,16.27
2013-08-08,16.27,16.29,15.87,15.94,7514100,15.91
2013-08-09,16.05,16.32,15.8,15.96,8281900,15.93
2013-08-12,16.01,16.26,15.96,16.25,7856200,16.22
2013-08-13,16.26,16.73,16.09,16.6,10100300,16.57
2013-08-14,16.6,16.68,16.34,16.45,6359100,16.42
2013-08-15,16.52,16.53,16,16.02,4395900,15.99
2013-08-16,15.99,17.25,15.51,15.59,8116500,15.56
2013-08-19,15.5,15.88,15.45,15.68,3939300,15.65
2013-08-20,15.65,15.93,15.65,15.74,3295500,15.71
2013-08-21,15.9,15.95,15.6,15.69,3949300,15.66
2013-08-22,15.8,15.96,15.6,15.62,6048600,15.59
2013-08-23,15.67,15.87,15.41,15.82,8066500,15.79
2013-08-26,15.79,16.35,15.75,16.31,8227400,16.28
2013-08-27,16.29,16.49,16.15,16.39,7570100,16.36
2013-08-28,16.4,18.03,16.4,17.89,34733100,17.85
2013-08-29,17.89,17.89,17.24,17.37,15486200,17.33
2013-08-30,17.21,17.26,16.7,17.12,12149600,17.08
2013-09-02,17.4,17.88,17.3,17.41,12741000,17.37
2013-09-03,17.21,17.7,17.01,17.58,9673300,17.54
2013-09-04,17.65,19.2,17.58,18.56,26783500,18.52
2013-09-05,18.6,19.06,18.14,18.78,17710400,18.74
2013-09-06,18.9,19.91,18.61,19.84,24033800,19.8
2013-09-09,20.06,20.7,19.56,20.03,26445500,19.99
2013-09-10,19.63,19.95,19.22,19.47,17775800,19.43
2013-09-11,19.52,19.88,17.52,18.01,30841900,17.97
2013-09-12,17.87,18.32,17.68,18.1,11840900,18.06
2013-09-13,18.09,18.19,17.71,18.08,6847400,18.04
2013-09-16,18.03,18.28,17.8,17.87,8277200,17.83
2013-09-17,17.99,18.08,17.52,17.59,7653700,17.55
2013-09-18,17.45,17.74,17.11,17.33,10003900,17.29
2013-09-20,17.33,17.33,17.33,17.33,0,17.29
2013-09-23,17.29,17.72,17.2,17.65,8421500,17.61
2013-09-24,17.66,17.9,17.5,17.58,8470000,17.54
2013-09-25,17.59,18.15,17.39,17.91,10669400,17.87
2013-09-26,17.79,18.28,17.41,17.44,9091500,17.4
2013-09-27,17.44,17.74,16.96,17.11,6398300,17.07
2013-09-30,17.11,17.32,16.76,16.82,8057000,16.79
2013-10-01,16.82,16.82,16.82,16.82,0,16.79
2013-10-02,16.82,16.82,16.82,16.82,0,16.79
2013-10-03,16.82,16.82,16.82,16.82,0,16.79
2013-10-04,16.82,16.82,16.82,16.82,0,16.79
2013-10-07,16.82,16.82,16.82,16.82,0,16.79
2013-10-08,16.8,17.27,16.68,17.25,6283500,17.21
2013-10-09,17.2,17.49,17,17.31,7085600,17.27
2013-10-10,17.48,17.66,17.2,17.31,6174700,17.27
2013-10-11,17.39,17.54,17,17.21,6048200,17.17
2013-10-14,17.26,17.37,17,17.27,6770900,17.23
2013-10-15,17.42,17.65,17.22,17.29,8213400,17.25
2013-10-16,17.29,17.34,16.26,16.38,10302900,16.35
2013-10-17,16.5,16.6,16.11,16.15,7631500,16.12
2013-10-18,16.09,16.44,16.09,16.31,6325500,16.28
2013-10-21,16.28,16.53,16,16.52,6850100,16.49
2013-10-22,16.54,16.63,16.27,16.34,7294600,16.31
2013-10-23,16.33,16.48,16,16.06,6160300,16.03
2013-10-24,16.05,16.18,15.84,15.96,4351500,15.93
2013-10-25,15.98,16.08,15.77,15.88,6432900,15.85
2013-10-28,15.9,15.99,15.79,15.97,4235200,15.94
2013-10-29,15.99,16.15,15.16,15.62,7235200,15.59
2013-10-30,15.62,16.1,15.45,16.01,6082800,15.98
2013-10-31,15.88,15.95,15.6,15.86,3627300,15.83
2013-11-01,16.01,16.1,15.67,15.86,3060500,15.83
2013-11-04,16.04,16.04,15.79,15.88,3247600,15.85
2013-11-05,15.78,15.78,15.3,15.68,4594500,15.65
2013-11-06,15.69,15.73,15.06,15.2,8340700,15.17
2013-11-07,15.19,15.33,14.98,15.12,3569800,15.09
2013-11-08,15.1,15.25,14.95,14.98,3297500,14.95
2013-11-11,15.03,15.05,14.38,14.51,7641100,14.48
2013-11-12,14.52,14.78,14.42,14.76,4969400,14.73
2013-11-13,15.35,15.59,14.74,14.78,11989800,14.75
2013-11-14,14.8,15.53,14.45,15.4,11904100,15.37
2013-11-15,15.4,16.29,15.32,15.92,17502800,15.89
2013-11-18,16.15,17.12,16,16.81,23633100,16.78
2013-11-19,17.02,17.7,16.76,16.82,30265800,16.79
2013-11-20,16.89,18.49,16.81,18.38,35805700,18.34
2013-11-21,18,19.5,17.8,19.34,51232200,19.3
2013-11-22,19.8,21.27,19.1,19.7,75201900,19.66
2013-11-25,20.11,21.67,19.91,21.6,74235500,21.56
2013-11-26,20.9,21.66,20.65,21.18,48452900,21.14
2013-11-27,21.19,21.66,20.8,21.61,35122700,21.57
2013-11-28,21.66,21.8,20.5,20.52,35734700,20.48
2013-11-29,20.62,22.57,20.62,22.57,50040700,22.52
2013-12-02,23.1,23.5,21.51,22.1,52572000,22.05
2013-12-03,22.13,22.54,21.06,22.45,30082800,22.4
2013-12-04,22.22,22.85,21.73,22.06,28560800,22.01
2013-12-05,21.6,23.1,21.06,21.12,37234000,21.08
2013-12-06,20.8,20.9,19.9,20.03,36322600,19.99
2013-12-09,20.3,20.57,19.95,20.15,20976900,20.11
2013-12-10,20.2,20.5,19.72,20.36,22547100,20.32
2013-12-11,20.18,20.61,19.8,20.17,16014300,20.13
2013-12-12,20.17,20.77,20.17,20.29,19965500,20.25
2013-12-13,20.3,20.59,19.8,19.83,13037800,19.79
2013-12-16,19.64,19.93,18.95,19.1,21950700,19.06
2013-12-17,19.09,19.75,19.01,19.55,21657900,19.51
2013-12-18,19.54,19.54,18.7,18.82,12715400,18.78
2013-12-19,18.9,19.13,18.61,18.71,10269300,18.67
2013-12-20,18.81,19.04,18.35,18.5,9328900,18.46
2013-12-23,18.5,18.5,18.5,18.5,0,18.46
2013-12-24,18.45,18.7,17.17,17.52,41545000,17.48
2013-12-25,17.52,17.79,17.32,17.69,20014900,17.65
2013-12-26,17.59,17.65,17.05,17.32,16857500,17.28
2013-12-27,17.36,17.82,17.26,17.74,16972300,17.7
2013-12-30,17.9,17.9,17.44,17.55,11364800,17.51
2013-12-31,17.3,17.73,17.01,17.38,11337300,17.34
2014-01-01,17.38,17.38,17.38,17.38,0,17.34
2014-01-02,17.36,18.6,17.2,18.44,24115400,18.4
2014-01-03,18.4,19,18.1,18.83,21160300,18.79
2014-01-06,18.7,18.8,18.2,18.38,13822400,18.34
2014-01-07,18.34,18.53,17.92,18.22,10693100,18.18
2014-01-08,18.22,18.99,18.17,18.8,14865200,18.76
2014-01-09,18.65,18.8,17.88,17.9,12179300,17.86
2014-01-10,17.7,17.8,17.26,17.28,9074300,17.24
2014-01-13,17.26,17.56,16.31,16.55,14319400,16.52
2014-01-14,16.51,16.87,15.9,16.81,15469800,16.78
2014-01-15,16.75,17.6,16.39,17.36,18887700,17.32
2014-01-16,17.47,17.5,16.99,17.14,9901100,17.1
2014-01-17,17.14,17.28,16.24,16.27,12549400,16.24
2014-01-20,16.06,17.19,16.06,16.92,12224700,16.88
2014-01-21,16.8,17.25,16.74,16.94,7261500,16.9
2014-01-22,16.94,17.65,16.93,17.49,10760000,17.45
2014-01-23,17.25,17.79,17.25,17.4,12345200,17.36
2014-01-24,17.18,17.74,17.14,17.44,9947800,17.4
2014-01-27,17.53,18.15,17.51,17.76,13673700,17.72
2014-01-28,17.79,18.08,17.48,17.54,8319400,17.5
2014-01-29,17.67,18.38,17.54,18.15,16092000,18.11
2014-01-30,18.06,19.25,18.04,18.87,17139700,18.83
2014-01-31,18.87,18.87,18.87,18.87,0,18.83
2014-02-03,18.87,18.87,18.87,18.87,0,18.83
2014-02-05,18.87,18.87,18.87,18.87,0,18.83
2014-02-06,18.87,18.87,18.87,18.87,0,18.83
2014-02-07,18.7,19.8,18.59,19.74,20384200,19.7
2014-02-10,19.74,20,19.41,19.84,21039200,19.8
2014-02-11,19.7,19.82,18.95,19.16,20195800,19.12
2014-02-12,19.17,19.42,18.66,19.27,14551000,19.23
2014-02-13,19.13,19.14,18.55,18.58,13540800,18.54
2014-02-14,18.5,18.91,18.38,18.7,11898800,18.66
2014-02-17,18.95,19.88,18.93,19.4,21682400,19.36
2014-02-18,19.47,19.87,19.08,19.68,19188200,19.64
2014-02-19,19.54,19.79,19,19.29,16902600,19.25
2014-02-20,19.15,19.41,18.6,18.62,13580700,18.58
2014-02-21,18.59,19.09,18.49,18.87,11076200,18.83
2014-02-24,18.7,18.98,18.4,18.52,9421300,18.48
2014-02-25,18.54,18.64,16.79,17.04,20576100,17
2014-02-26,16.9,16.99,16.28,16.81,11815400,16.78
2014-02-27,17.1,17.6,16.92,17.11,13692500,17.07
2014-02-28,17.04,17.51,16.86,17.37,9024000,17.33
2014-03-03,17.68,18.03,17.38,17.59,15542300,17.55
2014-03-04,17.65,17.9,17.11,17.72,13242500,17.68
2014-03-05,17.69,17.69,17.2,17.34,9701600,17.3
2014-03-06,17.27,17.27,16.86,17.06,7373600,17.02
2014-03-07,17.07,17.82,17.07,17.76,12480600,17.72
2014-03-10,17.39,17.48,16.69,16.76,9864000,16.73
2014-03-11,16.8,16.86,16.4,16.75,5392900,16.72
2014-03-12,16.71,16.83,16.18,16.44,6825700,16.41
2014-03-13,16.52,16.86,16.38,16.77,6179300,16.74
2014-03-14,16.69,16.95,16.5,16.79,6041600,16.76
2014-03-17,16.91,17.12,16.65,17.1,7021600,17.06
2014-03-18,17.1,17.1,16.73,16.78,7558200,16.75
2014-03-19,16.71,16.76,16.4,16.61,6188500,16.58
2014-03-20,16.63,16.66,16.15,16.16,6979600,16.13
2014-03-21,16.06,16.49,15.78,16.43,7442000,16.4
2014-03-24,16.51,16.51,16.34,16.42,4330300,16.39
2014-03-25,16.4,16.86,16.37,16.57,7791200,16.54
2014-03-26,16.57,16.64,16.3,16.47,5072200,16.44
2014-03-27,16.47,16.47,16.13,16.16,4380800,16.13
2014-03-28,16.1,16.25,15.57,15.63,9614400,15.6
2014-03-31,15.5,15.95,15.5,15.79,5742900,15.76
2014-04-01,15.8,15.9,15.66,15.84,4108400,15.81
2014-04-02,15.88,15.9,15.37,15.4,6418600,15.37
2014-04-03,15.41,15.59,15.38,15.47,6806600,15.44
2014-04-04,15.5,15.96,15.47,15.91,7744900,15.88
2014-04-07,15.91,15.91,15.91,15.91,0,15.88
2014-04-08,15.77,16.56,15.71,16.42,14678000,16.39
2014-04-09,16.45,16.57,16.31,16.51,9424400,16.48
2014-04-10,16.5,16.78,16.42,16.58,8999700,16.55
2014-04-11,16.55,16.6,16.22,16.53,6480000,16.5
2014-04-14,16.53,16.53,16.33,16.42,5231400,16.39
2014-04-15,17.22,17.51,16.62,16.8,16423100,16.77
2014-04-16,16.71,16.9,16.44,16.54,9839600,16.51
2014-04-17,16.54,16.63,16.32,16.44,5046600,16.41
2014-04-18,16.44,16.7,16.32,16.69,6359500,16.66
2014-04-21,16.6,16.6,15.88,15.97,9992600,15.94
2014-04-22,15.97,16.04,15.69,15.98,6508400,15.95
2014-04-23,16.05,16.54,15.87,16.47,9966600,16.44
2014-04-24,16.35,16.63,16.01,16.06,8108000,16.03
2014-04-25,16.05,16.14,15.76,15.9,6008900,15.87
2014-04-28,15.75,15.89,15.01,15.13,7177400,15.1
2014-04-29,15.1,15.46,15.1,15.36,4150900,15.33
2014-04-30,15.36,15.55,15.2,15.36,3147600,15.33
2014-05-01,15.36,15.36,15.36,15.36,0,15.33
2014-05-02,15.36,15.36,15.36,15.36,0,15.33
2014-05-05,15.4,15.57,15.3,15.55,3865100,15.52
2014-05-06,15.6,15.67,15.46,15.5,4310500,15.47
2014-05-07,15.48,15.48,15.17,15.23,4484200,15.2
2014-05-08,15.2,15.56,15.18,15.34,4609300,15.31
2014-05-09,15.36,15.44,15.05,15.19,3892900,15.16
2014-05-12,15.4,15.65,15.22,15.64,5763000,15.61
2014-05-13,15.68,15.92,15.57,15.8,6548100,15.77
2014-05-14,15.74,15.75,15.53,15.6,4274100,15.57
2014-05-15,15.65,16.39,15.55,15.8,11505400,15.77
2014-05-16,16,16.44,15.96,16.3,14873100,16.27
2014-05-19,16.81,16.82,15.78,15.88,15987100,15.85
2014-05-20,15.83,15.98,15.45,15.7,10970400,15.67
2014-05-21,15.68,15.77,15.47,15.75,6243600,15.72
2014-05-22,15.73,16.1,15.6,15.88,8711300,15.85
2014-05-23,15.75,15.85,15.46,15.7,8108400,15.67
2014-05-26,16.31,16.45,15.88,15.94,13808200,15.91
2014-05-27,15.9,16.08,15.75,15.93,6855400,15.9
2014-05-28,15.93,16.09,15.83,15.99,6848800,15.96
2014-05-29,15.98,16.06,15.55,15.56,8022000,15.53
2014-05-30,15.61,15.96,15.4,15.83,9350200,15.8
2014-06-02,15.83,15.83,15.83,15.83,0,15.8
2014-06-03,15.83,15.95,15.7,15.76,6606400,15.73
2014-06-04,15.78,15.78,15.4,15.5,5063000,15.47
2014-06-05,15.41,15.6,15.36,15.57,6281800,15.54
2014-06-06,15.61,15.62,15.3,15.43,4580300,15.4
2014-06-09,15.41,15.48,15.26,15.28,5030000,15.25
2014-06-10,15.32,15.42,15.09,15.4,5824900,15.37
2014-06-11,15.35,15.52,15.28,15.4,5312600,15.37
2014-06-12,15.38,15.75,15.37,15.53,10234500,15.5
2014-06-13,15.55,15.85,15.42,15.79,10549400,15.76
2014-06-16,15.72,16.2,15.72,16.03,12717700,16
2014-06-17,15.98,15.98,15.69,15.73,7231500,15.7
2014-06-18,15.85,16.29,15.83,15.99,13821800,15.96
2014-06-19,15.87,16.34,15.3,15.61,12574200,15.58
2014-06-20,15.6,15.6,15.3,15.54,5674200,15.51
2014-06-23,15.54,15.9,15.53,15.71,5966000,15.68
2014-06-24,15.71,16.25,15.66,16.16,11660500,16.13
2014-06-25,16.13,16.19,15.85,16,8907300,15.97
2014-06-26,16.05,16.2,15.9,16.04,8248500,16.01
2014-06-27,16.07,16.52,16,16.33,16460700,16.3
2014-06-30,16.45,17.16,16.4,17.09,25962400,17.05
2014-07-01,17.09,17.28,16.63,16.81,17853200,16.78
2014-07-02,16.88,17.76,16.88,17.26,29763200,17.22
2014-07-03,17.2,17.2,16.82,16.9,15743000,16.86
2014-07-04,16.85,17.07,16.69,16.93,11429900,16.89
2014-07-07,17,17.76,17,17.66,26576200,17.62
2014-07-08,17.56,17.58,17.15,17.4,16682500,17.36
2014-07-09,17.36,18.53,17.11,17.43,37147100,17.39
2014-07-10,17.53,18.1,17.28,17.32,20878300,17.28
2014-07-11,17.33,18.04,17.01,17.86,21395100,17.86
2014-07-14,18.1,18.45,17.56,17.73,22231500,17.73
2014-07-15,17.69,18.39,17.54,18.16,24983600,18.16
2014-07-16,17.91,18,16.9,17.11,23100900,17.11
2014-07-17,17.1,17.34,16.46,16.86,14585000,16.86
2014-07-18,16.86,16.97,16.67,16.76,9798500,16.76
2014-07-21,16.77,16.96,16.42,16.89,11651100,16.89
2014-07-22,16.72,16.94,16.62,16.91,9616900,16.91
2014-07-23,16.89,17.19,16.67,16.71,9625000,16.71
2014-07-24,16.8,16.98,16.3,16.75,10747700,16.75
2014-07-25,16.78,17.03,16.75,16.88,7393500,16.88
2014-07-28,17,17.47,16.96,17.43,17798000,17.43
2014-07-29,17.58,17.87,17.38,17.63,18541800,17.63
2014-07-30,17.59,18.15,17.41,17.87,22399800,17.87
2014-07-31,17.8,18,17.6,17.91,15303800,17.91
2014-08-01,17.9,18.38,17.6,17.66,27057900,17.66
2014-08-04,17.69,18.1,17.66,17.87,16152600,17.87
2014-08-05,17.75,17.91,17.54,17.71,14816300,17.71
2014-08-06,17.67,18.5,17.6,18.28,29052200,18.28
2014-08-07,18.18,18.74,17.93,17.99,26250400,17.99
2014-08-08,18.01,18.7,18.01,18.5,26624500,18.5
2014-08-11,18.78,18.91,18.33,18.48,23271700,18.48
2014-08-12,18.6,18.74,18.3,18.49,19631300,18.49
2014-08-13,18.46,18.53,17.97,18.29,17674600,18.29
2014-08-14,18.33,18.44,17.96,18.02,13449300,18.02
2014-08-15,18.05,18.28,18.01,18.13,10318900,18.13
2014-08-18,18.2,18.3,18.08,18.17,10025000,18.17
2014-08-19,18.19,18.65,18.14,18.44,17649900,18.44
2014-08-20,18.55,18.55,18.16,18.21,11819000,18.21
2014-08-21,18.23,18.41,18.02,18.31,11375000,18.31
2014-08-22,18.31,18.4,18.15,18.22,9337900,18.22
2014-08-25,18.19,18.2,17.66,17.67,15138600,17.67
2014-08-26,17.55,17.74,17.35,17.41,8993900,17.41
2014-08-27,17.45,18.52,17.45,18.5,33516800,18.5
2014-08-28,18.57,18.6,17.93,18.01,16015500,18.01
2014-08-29,18.05,18.48,18.05,18.39,15453100,18.39
2014-09-01,18.64,18.96,18.51,18.83,30456000,18.83
2014-09-02,18.84,20.71,18.71,20.71,48714700,20.71
2014-09-03,21.4,22.78,21.4,22.3,99899100,22.3
2014-09-04,22,24.53,22,24.53,66688400,24.53
2014-09-05,24.52,25.8,24,25.36,93776100,25.36
2014-09-08,25.36,25.36,25.36,25.36,0,25.36
2014-09-09,24.95,25.28,24.63,24.98,54526800,24.98
2014-09-10,24.74,27.23,24.66,25.12,90828500,25.12
2014-09-11,24.8,25.88,24.36,25.54,68731900,25.54
2014-09-12,25.19,27.03,25.05,26.41,63785700,26.41
2014-09-15,26.99,28.28,26.1,26.58,68904600,26.58
2014-09-16,26.16,26.5,25.48,26.18,55847600,26.18
2014-09-17,25.85,26.48,25.16,25.54,41509800,25.54
2014-09-18,25.11,25.29,24.58,24.96,38526300,24.96
2014-09-19,24.96,26.14,24.8,25.71,46933100,25.71
2014-09-22,25.54,25.55,24.51,24.59,33440500,24.59
2014-09-23,24.63,25.53,24.46,25.07,42100300,25.07
2014-09-24,25.08,27.58,25,27.58,60445300,27.58
2014-09-25,28.81,29.27,28,28.48,69896800,28.48
2014-09-26,29.5,29.87,26.78,27.34,53524000,27.34
2014-09-29,27.36,27.8,26.82,27.49,33677600,27.49
2014-09-30,27.16,27.35,26.84,27.08,25857300,27.08
2014-10-01,27.08,27.08,27.08,27.08,0,27.08
2014-10-02,27.08,27.08,27.08,27.08,0,27.08
