"Date","601618.SS.Open","601618.SS.High","601618.SS.Low","601618.SS.Close","601618.SS.Volume","601618.SS.Adjusted"
2009-09-21,7.01314121037464,7.17579250720461,6.35296829971181,6.64,1501604300,6.64
2009-09-22,6.49059842519685,6.55751181102362,6.03176377952756,6.07,731850200,6.07
2009-09-23,6.16469194312796,6.23159557661927,5.94486571879937,6.05,402264600,6.05
2009-09-24,5.84567387687188,5.9126455906822,5.63519134775374,5.75,458351200,5.75
2009-09-25,5.64699828473413,5.7809948542024,5.49385934819897,5.58,314960500,5.58
2009-09-28,5.60885714285714,5.66628571428572,5.33128571428572,5.36,277084900,5.36
2009-09-29,5.37264084507042,5.49691901408451,5.27704225352113,5.43,236399900,5.43
2009-09-30,5.41568345323741,5.46352517985612,5.30086330935252,5.32,229111600,5.32
2009-10-09,5.48173310225303,5.56783362218371,5.36693240901213,5.52,282778700,5.52
2009-10-12,5.45571428571429,5.46528571428571,5.35042857142857,5.36,192009000,5.36
2009-10-13,5.37085257548845,5.40914742451155,5.33255772646536,5.39,116008400,5.39
2009-10-14,5.38816151202749,5.75183848797251,5.3690206185567,5.57,397739300,5.57
2009-10-15,5.49824868651489,5.57474605954466,5.43131348511383,5.46,198630200,5.46
2009-10-16,5.46823943661972,5.49691901408451,5.35352112676056,5.43,116298500,5.43
2009-10-19,5.42347826086957,5.5095652173913,5.38521739130435,5.5,129324500,5.5
2009-10-20,5.51384615384615,5.6574358974359,5.48512820512821,5.6,192159700,5.6
2009-10-21,5.57652173913043,5.58608695652174,5.4904347826087,5.5,133841200,5.5
2009-10-22,5.47868421052632,5.5169298245614,5.42131578947368,5.45,92451100,5.45
2009-10-23,5.47130434782609,5.56695652173913,5.47130434782609,5.5,140147800,5.5
2009-10-26,5.50781085814361,5.51737302977233,5.42175131348511,5.46,94199500,5.46
2009-10-27,5.43700534759358,5.44657754010695,5.36042780748663,5.37,109140200,5.37
2009-10-28,5.35170515097691,5.41872113676732,5.34213143872114,5.39,74446600,5.39
2009-10-29,5.32913513513514,5.3387027027027,5.29086486486487,5.31,88514300,5.31
2009-10-30,5.39828571428571,5.47485714285714,5.34085714285714,5.36,119150000,5.36
2009-11-02,5.2674823943662,5.43955985915493,5.25792253521127,5.43,111632900,5.43
2009-11-03,5.43043936731107,5.46868189806678,5.39219683655536,5.44,134135700,5.44
2009-11-04,5.41911504424779,5.43823008849558,5.37132743362832,5.4,96832200,5.4
2009-11-05,5.41088028169014,5.46823943661972,5.38220070422535,5.43,111716500,5.43
2009-11-06,5.45867957746479,5.48735915492958,5.42044014084507,5.43,112605700,5.43
2009-11-09,5.45174216027875,5.50912891986063,5.4230487804878,5.49,144634400,5.49
2009-11-10,5.50781085814361,5.52693520140105,5.45043782837128,5.46,103645000,5.46
2009-11-11,5.44867724867725,5.44867724867725,5.40088183421517,5.42,73195700,5.42
2009-11-12,5.42822695035461,5.44734042553192,5.3708865248227,5.39,93257600,5.39
2009-11-13,5.38176366843034,5.42,5.35308641975309,5.42,97062800,5.42
2009-11-16,5.44346620450607,5.52956672443674,5.41476603119584,5.52,190719700,5.52
2009-11-17,5.51781468531468,5.51781468531468,5.45087412587413,5.47,114492000,5.47
2009-11-18,5.47043630017452,5.50869109947644,5.45130890052356,5.48,107886000,5.48
2009-11-19,5.49574829931973,5.62955782312925,5.48619047619048,5.62,258132600,5.62
2009-11-20,5.59914236706689,5.62785591766724,5.5608576329331,5.58,141945400,5.58
2009-11-23,5.6,5.60957264957265,5.55213675213675,5.6,100844700,5.6
2009-11-24,5.6191452991453,5.78188034188034,5.57128205128205,5.6,371651900,5.6
2009-11-25,5.57609715242881,5.71956448911223,5.5378391959799,5.71,217215800,5.71
2009-11-26,5.72781144781145,5.88080808080808,5.65131313131313,5.68,353340900,5.68
2009-11-27,5.59653379549393,5.67306759098787,5.49129982668978,5.52,212553500,5.52
2009-11-30,5.54397283531409,5.64911714770798,5.48662139219015,5.63,172890000,5.63
2009-12-01,5.59132653061224,5.6391156462585,5.53397959183673,5.62,142431300,5.62
2009-12-02,5.6326218487395,5.69,5.60393277310924,5.69,151825800,5.69
2009-12-03,5.64829351535836,5.67701365187713,5.57170648464164,5.61,106975400,5.61
2009-12-04,5.58777408637874,5.79827242524917,5.53993355481728,5.76,264500900,5.76
2009-12-07,5.72,5.78695652173913,5.68173913043478,5.72,139808500,5.72
2009-12-08,5.70691525423729,5.76427118644068,5.60176271186441,5.64,116077000,5.64
2009-12-09,5.59784482758621,5.61698275862069,5.53086206896552,5.55,86515700,5.55
2009-12-10,5.57085616438356,5.59957191780822,5.55171232876712,5.59,58101700,5.59
2009-12-11,5.57827288428325,5.60697754749568,5.53043177892919,5.54,55623900,5.54
2009-12-14,5.55128644939966,5.61828473413379,5.43643224699828,5.58,97461900,5.58
2009-12-15,5.54826388888889,5.56739583333333,5.50043402777778,5.51,59064000,5.51
2009-12-16,5.49,5.54738675958188,5.46130662020906,5.49,56744800,5.49
2009-12-17,5.4953108348135,5.51445825932504,5.38042628774423,5.39,74307000,5.39
2009-12-18,5.35696202531645,5.37609403254973,5.26130198915009,5.29,84463000,5.29
2009-12-21,5.31129032258064,5.34956989247312,5.28258064516129,5.34,46761800,5.34
2009-12-22,5.33382352941176,5.34338235294118,5.19044117647059,5.2,58606900,5.2
2009-12-23,4.97088122605364,5.05691570881226,4.91352490421456,4.99,479342400,4.99
2009-12-25,5.00778420038536,5.00778420038536,4.95044315992293,4.96,144133500,4.96
2009-12-28,4.95263358778626,5.03868320610687,4.95263358778626,5.01,139513000,5.01
2009-12-30,5.01303201506591,5.11826741996234,4.98433145009416,5.08,196860300,5.08
2009-12-31,5.07487084870849,5.23734317343173,5.05575645756458,5.18,243295300,5.18
2010-01-04,5.18655430711611,5.19612359550562,5.10043071161049,5.11,117113000,5.11
2010-01-05,5.11913696060037,5.13827392120075,5.0234521575985,5.1,98067400,5.1
2010-01-06,5.07913043478261,5.11739130434783,5.0504347826087,5.06,72972900,5.06
2010-01-07,5.05868821292776,5.11606463878327,5.02043726235742,5.03,89619700,5.03
2010-01-08,5.03,5.03956273764259,4.98218631178707,5.03,66198800,5.03
2010-01-11,5.13607954545455,5.18390151515151,5.03087121212121,5.05,99606500,5.05
2010-01-12,5.0334456928839,5.12913857677903,5.02387640449438,5.11,86590200,5.11
2010-01-13,5.05780534351145,5.07692748091603,4.99087786259542,5.01,106988500,5.01
2010-01-14,5.02087286527514,5.06869070208729,4.98261859582543,5.04,81578600,5.04
2010-01-15,5.03130434782609,5.07913043478261,5.00260869565217,5.06,80387300,5.06
2010-01-18,5.03956273764259,5.04912547528517,5.00131178707224,5.03,71540400,5.03
2010-01-19,5.03868320610687,5.05780534351145,4.99087786259542,5.01,64322400,5.01
2010-01-20,5.01528265107213,5.02485380116959,4.90042884990253,4.91,124031800,4.91
2010-01-21,4.91957115009747,4.9387134502924,4.89085769980507,4.91,83894300,4.91
2010-01-22,4.87782178217822,4.89695049504951,4.78217821782178,4.83,113543700,4.83
2010-01-25,4.8,4.8191235059761,4.7808764940239,4.8,49731200,4.8
2010-01-26,4.80397540983606,4.81354508196721,4.65086065573771,4.67,77971100,4.67
2010-01-27,4.66956878850103,4.71741273100616,4.64086242299795,4.66,52194300,4.66
2010-01-28,4.66297570850202,4.74914979757085,4.6534008097166,4.73,64871000,4.73
2010-01-29,4.69957142857143,4.78571428571429,4.68042857142857,4.69,51137200,4.69
2010-02-01,4.68957055214724,4.70871165644172,4.62257668711656,4.68,49502000,4.68
2010-02-03,4.67170731707317,4.71,4.5759756097561,4.71,52821700,4.71
2010-02-04,4.67310483870968,4.80689516129032,4.64443548387097,4.74,72699300,4.74
2010-02-05,4.66956878850103,4.69827515400411,4.63129363449692,4.66,47077200,4.66
2010-02-08,4.66043032786885,4.6891393442623,4.65086065573771,4.67,21054500,4.67
2010-02-09,4.67,4.69870901639344,4.65086065573771,4.67,21472700,4.67
2010-02-10,4.7,4.70957230142566,4.67128309572301,4.7,20868100,4.7
2010-02-11,4.70042682926829,4.74829268292683,4.69085365853659,4.71,28242600,4.71
2010-02-12,4.72088709677419,4.76866935483871,4.70177419354839,4.74,40479000,4.74
2010-02-22,4.76787018255578,4.77744421906694,4.72,4.72,28141900,4.72
2010-02-23,4.70871165644172,4.70871165644172,4.61300613496933,4.68,34530900,4.68
2010-02-24,4.65355555555556,4.73,4.61533333333333,4.73,45127900,4.73
2010-02-25,4.73176352705411,4.79867735470942,4.71264529058116,4.77,65977700,4.77
2010-02-26,4.77822580645161,4.77822580645161,4.7304435483871,4.74,44975300,4.74
2010-03-01,4.77131474103586,4.82868525896414,4.74262948207171,4.8,81537400,4.8
2010-03-02,4.79867735470942,4.81779559118236,4.75088176352705,4.77,39316500,4.77
2010-03-03,4.77087824351297,4.79956087824351,4.74219560878244,4.79,50830000,4.79
2010-03-04,4.79396303901437,4.8035318275154,4.65043121149897,4.66,65402000,4.66
2010-03-05,4.67085714285714,4.69957142857143,4.64214285714286,4.69,40904400,4.69
2010-03-08,4.68,4.69914110429448,4.66085889570552,4.68,42676900,4.68
2010-03-09,4.67085714285714,4.71871428571429,4.64214285714286,4.69,38712600,4.69
2010-03-10,4.68870636550308,4.69827515400411,4.65043121149897,4.66,29470700,4.66
2010-03-11,4.67,4.6891393442623,4.64129098360656,4.67,26698900,4.67
2010-03-12,4.66913580246914,4.69783950617284,4.64043209876543,4.65,35583700,4.65
2010-03-15,4.63736951983299,4.64693110647182,4.56087682672234,4.58,44266100,4.58
2010-03-16,4.58,4.58,4.58,4.58,0,4.58
2010-03-17,4.60216049382716,4.65,4.59259259259259,4.65,34939000,4.65
2010-03-18,4.64956701030928,4.66870103092783,4.62086597938144,4.64,26437300,4.64
2010-03-19,4.64382591093117,4.73,4.6151012145749,4.73,67971100,4.73
2010-03-22,4.7,4.73828920570265,4.68085539714868,4.7,38699800,4.7
2010-03-23,4.68827160493827,4.69783950617284,4.64043209876543,4.65,30897500,4.65
2010-03-24,4.65043121149897,4.70784394250513,4.65043121149897,4.66,26127400,4.66
2010-03-25,4.64781704781705,4.65738045738046,4.59043659043659,4.6,31042600,4.6
2010-03-26,4.61129896907217,4.65913402061856,4.58259793814433,4.64,31375400,4.64
2010-03-29,4.66456813819578,5.10426103646833,4.65500959692898,4.98,515914300,4.98
2010-03-30,4.88171206225681,4.98700389105058,4.87214007782101,4.92,211503500,4.92
2010-03-31,4.9278431372549,4.94698039215686,4.8321568627451,4.88,97237200,4.88
2010-04-01,4.87355212355212,5.01689189189189,4.86399613899614,4.95,138471400,4.95
2010-04-02,4.96955684007707,4.96955684007707,4.91221579961464,4.96,79383200,4.96
2010-04-06,4.96785992217899,4.97743190661479,4.89128404669261,4.92,68416200,4.92
2010-04-07,4.92042718446602,4.95871844660194,4.86299029126214,4.93,48794900,4.93
2010-04-08,4.90695652173913,4.93565217391304,4.82086956521739,4.84,64335100,4.84
2010-04-09,4.84043392504931,4.87869822485207,4.82130177514793,4.85,56583600,4.85
2010-04-12,4.86737574552684,4.86737574552684,4.78131212723658,4.81,69890100,4.81
2010-04-13,4.8138671875,4.93828125,4.804296875,4.9,100199500,4.9
2010-04-14,4.90870588235294,4.91827450980392,4.84172549019608,4.88,40718100,4.88
2010-04-15,4.87782178217822,4.88738613861386,4.78217821782178,4.83,63538800,4.83
2010-04-16,4.82690763052209,4.83646586345381,4.75044176706827,4.76,54863500,4.76
2010-04-19,4.73161764705882,4.73161764705882,4.55,4.55,92067200,4.55
2010-04-20,4.57,4.58912133891213,4.50307531380753,4.57,54645300,4.57
2010-04-21,4.57174273858921,4.61,4.52392116182573,4.61,45717400,4.61
2010-04-22,4.5864406779661,4.59599576271186,4.50044491525424,4.51,50358200,4.51
2010-04-23,4.49264705882353,4.58823529411765,4.49264705882353,4.55,38966000,4.55
2010-04-26,4.53911205073996,4.55822410147991,4.50088794926004,4.52,30687900,4.52
2010-04-27,4.51433551198257,4.52389978213508,4.33261437908497,4.39,57567900,4.39
2010-04-28,4.35131004366812,4.39912663755458,4.32262008733624,4.38,21342900,4.38
2010-04-29,4.38690265486726,4.40601769911505,4.31044247787611,4.32,36419600,4.32
2010-04-30,4.30263157894737,4.36956140350877,4.25482456140351,4.36,40112300,4.36
2010-05-04,4.30872483221477,4.33744966442953,4.27042505592841,4.28,28753300,4.28
2010-05-05,4.25525164113786,4.37,4.17875273522976,4.37,58225400,4.37
2010-05-06,4.32481818181818,4.33438636363636,4.19086363636364,4.21,33382500,4.21
2010-05-07,4.16,4.24606896551724,4.13131034482759,4.16,40440600,4.16
2010-05-10,4.17129840546697,4.21913439635535,4.13302961275626,4.2,38046800,4.2
2010-05-11,4.25518433179724,4.2934331797235,4.14043778801843,4.15,45782400,4.15
2010-05-12,4.13260273972603,4.22826484018265,4.10390410958904,4.19,38136900,4.19
2010-05-13,4.18129545454545,4.22913636363636,4.14302272727273,4.21,33730600,4.21
2010-05-14,4.17956422018349,4.19869266055046,4.14130733944954,4.17,28858200,4.17
2010-05-17,4.11029411764706,4.12941176470588,3.89044117647059,3.9,58792500,3.9
2010-05-18,3.90131386861314,3.96824817518248,3.81525547445255,3.93,70775600,3.93
2010-05-19,3.8978855721393,3.92661691542289,3.83084577114428,3.85,43398600,3.85
2010-05-20,3.82871536523929,3.88614609571788,3.7808564231738,3.8,39405200,3.8
2010-05-21,3.72426065162907,3.83914786967418,3.69553884711779,3.82,50140000,3.82
2010-05-24,3.8239608801956,3.92911980440098,3.80484107579462,3.91,68628800,3.91
2010-05-25,3.88701754385965,3.88701754385965,3.80085213032581,3.82,46729500,3.82
2010-05-26,3.820425,3.8683,3.81085,3.83,28512500,3.83
2010-05-27,3.81859188544153,4.16312649164678,3.75159904534606,4.01,134554300,4.01
2010-05-28,3.99826086956522,4.00782608695652,3.93130434782609,3.96,65829000,3.96
2010-05-31,3.92642679900744,3.99330024813896,3.84044665012407,3.85,44353400,3.85
2010-06-01,3.84042288557214,3.86915422885572,3.79253731343284,3.85,39418500,3.85
2010-06-02,3.81127182044888,3.85915211970075,3.76339152119701,3.84,32877500,3.84
2010-06-03,3.84,3.93576059850374,3.8016957605985,3.84,51667300,3.84
2010-06-04,3.81169154228856,3.85957711442786,3.79253731343284,3.85,25517500,3.85
2010-06-07,3.78170426065163,3.87744360902256,3.75298245614035,3.82,26139300,3.82
2010-06-08,3.801275,3.8683,3.7917,3.83,27247900,3.83
2010-06-09,3.83308823529412,3.92867647058824,3.77573529411765,3.9,56401300,3.9
2010-06-10,3.86955445544554,3.88866336633663,3.85044554455446,3.86,28220000,3.86
2010-06-11,3.87176039119804,3.95779951100244,3.87176039119804,3.91,41660200,3.91
2010-06-17,3.94689655172414,3.94689655172414,3.87044334975369,3.88,22619500,3.88
2010-06-18,3.88701754385965,3.89659147869674,3.80085213032581,3.82,27915000,3.82
2010-06-21,3.82481751824817,3.96824817518248,3.79613138686131,3.93,43826500,3.93
2010-06-22,3.9,3.94779411764706,3.88088235294118,3.9,34125400,3.9
2010-06-23,3.88866336633663,3.91732673267327,3.83133663366337,3.86,24874100,3.86
2010-06-24,3.85955334987593,3.87866004962779,3.82133995037221,3.85,21527300,3.85
2010-06-25,3.83,3.877875,3.801275,3.83,23334600,3.83
2010-06-28,3.83133663366337,3.86955445544554,3.80267326732673,3.86,23561700,3.86
2010-06-29,3.86,3.86,3.86,3.86,0,3.86
2010-06-30,3.73425,3.84915,3.7151,3.83,62439500,3.83
2010-07-01,3.8016957605985,3.89745635910224,3.8016957605985,3.84,35970700,3.84
2010-07-02,3.83395121951219,3.92956097560976,3.81482926829268,3.92,62390200,3.92
2010-07-05,3.88088235294118,3.92867647058824,3.83308823529412,3.9,38424500,3.9
2010-07-06,3.88132029339853,3.93867970660147,3.87176039119804,3.91,37494300,3.91
2010-07-07,3.89955773955774,3.91867321867322,3.86132678132678,3.89,25608200,3.89
2010-07-08,3.90732009925558,3.90732009925558,3.84044665012407,3.85,27038500,3.85
2010-07-09,3.85350364963504,3.93956204379562,3.8343795620438,3.93,52734200,3.93
2010-07-12,3.93130434782609,3.97913043478261,3.90260869565217,3.96,42307200,3.96
2010-07-13,3.91867321867322,3.92823095823096,3.88044226044226,3.89,28598200,3.89
2010-07-14,3.90131386861314,3.96824817518248,3.89175182481752,3.93,36756000,3.93
2010-07-15,3.90822222222222,3.94644444444444,3.87,3.87,29875300,3.87
2010-07-16,3.86955445544554,3.87910891089109,3.83133663366337,3.86,21660200,3.86
2010-07-19,3.83352078239609,3.91955990220049,3.8239608801956,3.91,27413800,3.91
2010-07-20,3.91302884615385,4.00870192307692,3.90346153846154,3.98,66714800,3.98
2010-07-21,4.00913669064748,4.05697841726619,3.97086330935252,3.99,60554800,3.99
2010-07-22,3.98128878281623,4.01957040572792,3.96214797136038,4.01,37959200,4.01
2010-07-23,4.01,4.04828162291169,3.97171837708831,4.01,43313400,4.01
2010-07-26,4.02042755344418,4.04914489311164,3.99171021377672,4.03,47113500,4.03
2010-07-27,4.00913669064748,4.01870503597122,3.98043165467626,3.99,31441700,3.99
2010-07-28,3.99338823529412,4.07957647058824,3.98381176470588,4.07,65660000,4.07
2010-07-29,4.05089201877934,4.10821596244131,4.04133802816902,4.07,55797600,4.07
2010-07-30,4.06914893617021,4.07872340425532,4.02127659574468,4.05,33826800,4.05
2010-08-02,4.03266355140187,4.09,4.03266355140187,4.09,42166300,4.09
2010-08-03,4.09613365155131,4.10570405727924,4.01,4.01,52974100,4.01
2010-08-04,4.01085510688836,4.05871733966746,3.99171021377672,4.03,40393000,4.03
2010-08-05,4.04084905660377,4.13660377358491,4.00254716981132,4.06,86120100,4.06
2010-08-06,4.02266978922717,4.08955503512881,4.01311475409836,4.08,47239100,4.08
2010-08-09,4.07088785046729,4.12822429906542,4.06133177570093,4.09,42872900,4.09
2010-08-10,4.09436144578313,4.09436144578313,3.96043373493976,3.97,49498100,3.97
2010-08-11,3.96086538461538,4.01826923076923,3.96086538461538,3.98,29231100,3.98
2010-08-12,3.93867970660147,3.96735941320293,3.90044009779951,3.91,34371800,3.91
2010-08-13,3.91174334140436,3.95956416464891,3.91174334140436,3.95,25022000,3.95
2010-08-16,3.953,4.03914285714286,3.93385714285714,4.02,45918300,4.02
2010-08-17,4.02914081145585,4.03871121718377,3.97171837708831,4.01,33086800,4.01
2010-08-18,4.01870503597122,4.0378417266187,3.98043165467626,3.99,26850700,3.99
2010-08-19,3.9921327014218,4.05914691943128,3.97298578199052,4.04,53208400,4.04
2010-08-20,4.0178313253012,4.02739759036145,3.95086746987952,3.97,40559500,3.97
2010-08-23,3.95,3.98825665859564,3.94043583535109,3.95,26724800,3.95
2010-08-24,3.95086746987952,3.98913253012048,3.91260240963855,3.97,32763600,3.97
2010-08-25,3.93598014888337,3.94553349875931,3.85,3.85,38366000,3.85
2010-08-26,3.86955445544554,3.88866336633663,3.82178217821782,3.86,27466100,3.86
2010-08-27,3.85,3.85955334987593,3.82133995037221,3.85,19986400,3.85
2010-08-30,3.87088452088452,3.89,3.85176904176904,3.89,31250200,3.89
2010-08-31,3.87873134328358,3.88830845771144,3.84042288557214,3.85,29843100,3.85
2010-09-01,3.84829145728643,3.89615577889447,3.80042713567839,3.81,36450200,3.81
2010-09-02,3.84,3.86872817955112,3.82084788029925,3.84,30315000,3.84
2010-09-03,3.83914786967418,3.84872180451128,3.80085213032581,3.82,29581000,3.82
2010-09-06,3.8252427184466,3.96868932038835,3.81567961165049,3.94,93193600,3.94
2010-09-07,3.91911764705882,3.93823529411765,3.87132352941176,3.9,46402400,3.9
2010-09-08,3.89044117647059,3.92867647058824,3.86176470588235,3.9,37724000,3.9
2010-09-09,3.89745635910224,3.90703241895262,3.83042394014963,3.84,43169800,3.84
2010-09-10,3.84915,3.858725,3.81085,3.83,27873800,3.83
2010-09-13,3.84,3.86872817955112,3.81127182044888,3.84,25713300,3.84
2010-09-14,3.83914786967418,3.85829573934837,3.82,3.82,24429100,3.82
2010-09-15,3.81784263959391,3.82741116751269,3.76043147208122,3.77,31744900,3.77
2010-09-16,3.75736434108527,3.7764857881137,3.69043927648579,3.7,40715800,3.7
2010-09-17,3.70956072351421,3.72868217054264,3.68087855297158,3.7,29576500,3.7
2010-09-20,3.7,3.7,3.7,3.7,0,3.7
2010-09-21,3.72258227848101,3.80870886075949,3.69387341772152,3.78,42843100,3.78
2010-09-27,3.78956962025316,3.79913924050633,3.75129113924051,3.78,27163700,3.78
2010-09-28,3.77737789203085,3.78694087403599,3.71043701799486,3.72,20543100,3.72
2010-09-29,3.73172588832487,3.86568527918782,3.72215736040609,3.77,45417800,3.77
2010-09-30,3.74491315136476,3.87866004962779,3.73535980148883,3.85,48009900,3.85
2010-10-08,3.87391304347826,4.00782608695652,3.85478260869565,3.96,106357600,3.96
2010-10-11,3.99658198614319,4.22605080831409,3.9870207852194,4.14,199987700,4.14
2010-10-12,4.0926267281106,4.18824884792627,4.07350230414747,4.15,111358200,4.15
2010-10-13,4.13345454545455,4.24827272727273,4.07604545454545,4.21,123178800,4.21
2010-10-14,4.33955849889625,4.56896247240618,4.3108830022075,4.33,247943600,4.33
2010-10-15,4.31391304347826,4.46695652173913,4.26608695652174,4.4,150500500,4.4
2010-10-18,4.42603524229075,4.6363436123348,4.32088105726872,4.34,204460000,4.34
2010-10-19,4.35924528301887,4.61735849056604,4.34012578616352,4.56,185818700,4.56
2010-10-20,4.45212765957447,4.51914893617021,4.3563829787234,4.5,149925200,4.5
2010-10-21,4.48042643923241,4.52829424307036,4.16449893390192,4.49,187011700,4.49
2010-10-22,4.40646799116998,4.43514348785872,4.32044150110375,4.33,79662700,4.33
2010-10-25,4.33131578947369,4.38868421052632,4.27394736842105,4.36,103329900,4.36
2010-10-26,4.41702928870293,4.76121338912134,4.41702928870293,4.57,240981400,4.57
2010-10-27,4.56615384615385,4.62358974358974,4.4608547008547,4.48,118841900,4.48
2010-10-28,4.45606126914661,4.47518599562363,4.33175054704595,4.37,77371400,4.37
2010-10-29,4.45606126914661,4.47518599562363,4.33175054704595,4.37,50101300,4.37
2010-11-01,4.39258064516129,4.45956989247312,4.35430107526882,4.45,95537900,4.45
2010-11-02,4.44913606911447,4.48740820734341,4.34388768898488,4.43,120766800,4.43
2010-11-03,4.54347826086957,4.69652173913044,4.3904347826087,4.4,230069700,4.4
2010-11-04,4.3625974025974,4.4391341991342,4.3338961038961,4.42,136743300,4.42
2010-11-05,4.48308823529412,4.55955882352941,4.42573529411765,4.55,144267900,4.55
2010-11-08,4.53911205073996,4.55822410147991,4.46266384778013,4.52,93242800,4.52
2010-11-09,4.5252380952381,4.5252380952381,4.3912987012987,4.42,109694200,4.42
2010-11-10,4.3978021978022,4.3978021978022,4.3021978021978,4.35,87632300,4.35
2010-11-11,4.35174291938998,4.45694989106754,4.31348583877996,4.39,103258900,4.39
2010-11-12,4.3375117370892,4.34706572769953,4.06044600938967,4.07,135628800,4.07
2010-11-15,4.11788235294118,4.14661176470588,4.02211764705882,4.07,66990100,4.07
2010-11-16,4.06295843520782,4.10119804400978,3.90044009779951,3.91,67747100,3.91
2010-11-17,3.87910891089109,3.91732673267327,3.84089108910891,3.86,58198100,3.86
2010-11-18,3.88955665024631,3.90866995073892,3.82266009852217,3.88,52804500,3.88
2010-11-19,3.89,3.89955773955774,3.7944226044226,3.89,51495200,3.89
2010-11-22,3.85,3.88821339950372,3.82133995037221,3.85,42729300,3.85
2010-11-23,3.85743073047859,3.85743073047859,3.76171284634761,3.8,48130200,3.8
2010-11-24,3.78254364089776,3.86872817955112,3.77296758104738,3.84,34655400,3.84
2010-11-25,3.85088888888889,3.87955555555556,3.81266666666667,3.87,43630000,3.87
2010-11-26,3.85915211970075,3.86872817955112,3.82084788029925,3.84,30080200,3.84
2010-11-29,3.83,3.83,3.801275,3.83,30823700,3.83
2010-11-30,3.81696428571429,3.83609693877551,3.69260204081633,3.75,53225600,3.75
2010-12-01,3.73129770992366,3.77913486005089,3.72173027989822,3.76,19740200,3.76
2010-12-02,3.79913924050633,3.82784810126582,3.78,3.78,26391300,3.78
2010-12-03,3.79870558375635,3.79870558375635,3.75086294416244,3.77,18007000,3.77
2010-12-06,3.78826530612245,3.79783163265306,3.73086734693878,3.75,35547000,3.75
2010-12-07,3.75129113924051,3.78956962025316,3.70344303797468,3.78,31415300,3.78
2010-12-08,3.77956852791878,3.81784263959391,3.76043147208122,3.77,26422200,3.77
2010-12-09,3.76128787878788,3.86656565656566,3.73257575757576,3.79,47575300,3.79
2010-12-10,3.77213032581454,3.83914786967418,3.75298245614035,3.82,32300400,3.82
2010-12-13,3.83395121951219,3.93912195121951,3.80526829268293,3.92,76879900,3.92
2010-12-14,3.93867970660147,3.94823960880196,3.89088019559902,3.91,47029700,3.91
2010-12-15,3.89866666666667,3.91777777777778,3.84133333333333,3.87,50177800,3.87
2010-12-16,3.87873134328358,3.87873134328358,3.83084577114428,3.85,26217200,3.85
2010-12-17,3.84915,3.84915,3.81085,3.83,27455100,3.83
2010-12-20,3.84654822335025,3.85611675126904,3.73172588832487,3.77,39997400,3.77
2010-12-21,3.78296019900498,3.86915422885572,3.76380597014925,3.85,43068100,3.85
2010-12-22,3.83785353535354,3.85699494949495,3.78042929292929,3.79,34301100,3.79
2010-12-23,3.78,3.81827848101266,3.76086075949367,3.78,25112200,3.78
2010-12-24,3.77,3.79870558375635,3.75086294416244,3.77,21147200,3.77
2010-12-27,3.76869565217391,3.80695652173913,3.72086956521739,3.74,33941400,3.74
2010-12-28,3.72868217054264,3.74780361757106,3.69043927648579,3.7,33672600,3.7
2010-12-29,3.71,3.72912371134021,3.7004381443299,3.71,17880000,3.71
2010-12-30,3.7195618556701,3.72912371134021,3.69087628865979,3.71,24270500,3.71
2010-12-31,3.72086956521739,3.7495652173913,3.71130434782609,3.74,24033300,3.74
2011-01-04,3.76128787878788,3.79,3.73257575757576,3.79,35705600,3.79
2011-01-05,3.7712846347607,3.8095717884131,3.75214105793451,3.8,32939200,3.8
2011-01-06,3.78913705583756,3.80827411167513,3.74129441624365,3.77,20755700,3.77
2011-01-07,3.77085858585859,3.84742424242424,3.74214646464646,3.79,45329100,3.79
2011-01-10,3.78826530612245,3.80739795918367,3.75,3.75,30740100,3.75
2011-01-11,3.74256926952141,3.8095717884131,3.74256926952141,3.8,26125600,3.8
2011-01-12,3.80042713567839,3.82914572864322,3.77170854271357,3.81,30837400,3.81
2011-01-13,3.81957286432161,3.84829145728643,3.79085427135678,3.81,29008800,3.81
2011-01-14,3.77956852791878,3.80827411167513,3.75086294416244,3.77,21835900,3.77
2011-01-17,3.73690104166667,3.76557291666667,3.66044270833333,3.67,42833900,3.67
2011-01-18,3.66955613577024,3.67911227154047,3.64088772845953,3.66,23984700,3.66
2011-01-19,3.66175710594315,3.72868217054264,3.65219638242894,3.7,26836300,3.7
2011-01-20,3.70531914893617,3.71489361702128,3.59042553191489,3.6,36746400,3.6
2011-01-21,3.59610256410256,3.75869230769231,3.59610256410256,3.73,61156600,3.73
2011-01-24,3.71385390428212,3.87657430730479,3.70428211586902,3.8,75697700,3.8
2011-01-25,3.79913924050633,3.83741772151899,3.74172151898734,3.78,41935600,3.78
2011-01-26,3.77357320099256,3.85,3.76401985111662,3.85,46757500,3.85
2011-01-27,3.8252427184466,4.07388349514563,3.78699029126214,3.94,167233400,3.94
2011-01-28,3.90955882352941,3.95735294117647,3.85220588235294,3.9,91598600,3.9
2011-01-31,3.91217391304348,3.98869565217391,3.90260869565217,3.96,62704200,3.96
2011-02-01,3.956,3.97511111111111,3.87,3.87,50551000,3.87
2011-02-09,3.84177339901478,3.93733990147783,3.84177339901478,3.88,50414900,3.88
2011-02-10,3.87176039119804,3.91,3.85264058679707,3.91,36681000,3.91
2011-02-11,3.90131386861314,3.95868613138686,3.8821897810219,3.93,66086200,3.93
2011-02-14,3.93301435406699,4.01913875598086,3.92344497607656,4,68869900,4
2011-02-15,3.99869879518072,4.02739759036145,3.96043373493976,3.97,83046200,3.97
2011-02-16,3.96043373493976,3.99869879518072,3.94130120481928,3.97,60922600,3.97
2011-02-17,3.97736585365854,3.98692682926829,3.89131707317073,3.92,63397500,3.92
2011-02-18,3.90777227722772,3.91732673267327,3.85044554455446,3.86,58428300,3.86
2011-02-21,3.8543583535109,3.97869249394673,3.83523002421308,3.95,82620600,3.95
2011-02-22,3.94644444444444,3.98466666666667,3.85088888888889,3.87,58630600,3.87
2011-02-23,3.85044554455446,3.88866336633663,3.84089108910891,3.86,30047800,3.86
2011-02-24,3.86044444444444,3.91777777777778,3.84133333333333,3.87,37245600,3.87
2011-02-25,3.87,3.88911111111111,3.84133333333333,3.87,27763300,3.87
2011-02-28,3.87088452088452,3.89,3.8422113022113,3.89,32146400,3.89
2011-03-01,3.88132029339853,3.94823960880196,3.87176039119804,3.91,47114600,3.91
2011-03-02,3.87955555555556,3.89866666666667,3.85088888888889,3.87,30612100,3.87
2011-03-03,3.86872817955112,3.88788029925187,3.83042394014963,3.84,57277500,3.84
2011-03-04,3.83221674876847,3.88955665024631,3.82266009852217,3.88,48340300,3.88
2011-03-07,3.88175609756098,3.92956097560976,3.88175609756098,3.92,60773900,3.92
2011-03-08,3.91911764705882,3.92867647058824,3.88088235294118,3.9,34916800,3.9
2011-03-09,3.90955882352941,3.91911764705882,3.88088235294118,3.9,35733800,3.9
2011-03-10,3.88866336633663,3.89821782178218,3.85044554455446,3.86,33334600,3.86
2011-03-11,3.85915211970075,3.88788029925187,3.84,3.84,32689400,3.84
2011-03-14,3.83042394014963,3.85915211970075,3.83042394014963,3.84,25838300,3.84
2011-03-15,3.83785353535354,3.87613636363636,3.76128787878788,3.79,55450300,3.79
2011-03-16,3.79085427135678,3.82914572864322,3.77170854271357,3.81,31865000,3.81
2011-03-17,3.78826530612245,3.79783163265306,3.74043367346939,3.75,35295600,3.75
2011-03-18,3.75956632653061,3.78826530612245,3.74043367346939,3.75,20852500,3.75
2011-03-21,3.74086513994911,3.77913486005089,3.74086513994911,3.76,20517600,3.76
2011-03-22,3.76913265306122,3.77869897959184,3.73086734693878,3.75,21793000,3.75
2011-03-23,3.74086513994911,3.77913486005089,3.74086513994911,3.76,40263500,3.76
2011-03-24,3.76043147208122,3.78913705583756,3.75086294416244,3.77,33192900,3.77
2011-03-25,3.77213032581454,3.83914786967418,3.77213032581454,3.82,56265300,3.82
2011-03-28,3.81266666666667,3.94644444444444,3.80311111111111,3.87,84579500,3.87
2011-03-29,3.86044444444444,3.91777777777778,3.85088888888889,3.87,54559900,3.87
2011-03-30,3.88132029339853,3.91955990220049,3.86220048899756,3.91,49210200,3.91
2011-03-31,3.91573934837093,3.92531328320802,3.81042606516291,3.82,43102300,3.82
2011-04-01,3.84089108910891,3.86955445544554,3.81222772277228,3.86,23342900,3.86
2011-04-06,3.85645933014354,4.03827751196172,3.85645933014354,4,161205400,4
2011-04-07,4.0039953271028,4.18556074766355,4.0039953271028,4.09,220463400,4.09
2011-04-08,4.06177156177156,4.12867132867133,4.03310023310023,4.1,73782400,4.1
2011-04-11,4.15912240184757,4.27385681293302,4.10175519630485,4.14,163742400,4.14
2011-04-12,4.14259681093394,4.28610478359909,4.12346241457859,4.2,145110500,4.2
2011-04-13,4.16300904977376,4.25871040723982,4.15343891402715,4.23,98894400,4.23
2011-04-14,4.23170403587444,4.31786995515695,4.21255605381166,4.27,103304000,4.27
2011-04-15,4.24170022371365,4.32787472035794,4.21297539149888,4.28,84278100,4.28
2011-04-18,4.27089086859688,4.36643652561247,4.25178173719376,4.29,107250900,4.29
2011-04-19,4.25740318906606,4.26697038724374,4.13302961275626,4.2,109223700,4.2
2011-04-20,4.19602325581395,4.22469767441861,4.11,4.11,68459800,4.11
2011-04-21,4.14043778801843,4.18824884792627,4.13087557603687,4.15,49677600,4.15
2011-04-22,4.17342342342342,4.32657657657658,4.13513513513514,4.25,100451500,4.25
2011-04-25,4.23288056206089,4.2519906323185,4.08,4.08,83489200,4.08
2011-04-26,4.06914893617021,4.11702127659574,4.04042553191489,4.05,30909800,4.05
2011-04-27,4.06785714285714,4.10614285714286,3.99128571428571,4.02,36045700,4.02
2011-04-28,4.03607748184019,4.06476997578693,3.93087167070218,3.95,46405400,3.95
2011-04-29,3.97086330935252,3.99956834532374,3.92302158273381,3.99,39719500,3.99
2011-05-03,4.01957040572792,4.02914081145585,3.96214797136038,4.01,30044300,4.01
2011-05-04,3.97956626506024,4.07522891566265,3.94130120481928,3.97,61555900,3.97
2011-05-05,3.96780487804878,4.00604878048781,3.90087804878049,3.92,58105300,3.92
2011-05-06,3.87044334975369,3.90866995073892,3.85133004926108,3.88,44477700,3.88
2011-05-09,3.89044117647059,3.91911764705882,3.87132352941176,3.9,42939000,3.9
2011-05-10,3.91,3.91955990220049,3.88132029339853,3.91,21797600,3.91
2011-05-11,3.91043902439024,3.94868292682927,3.89131707317073,3.92,25559900,3.92
2011-05-12,3.91703980099503,3.91703980099503,3.85,3.85,32234700,3.85
2011-05-13,3.84308068459658,3.91955990220049,3.83352078239609,3.91,27543400,3.91
2011-05-16,3.89955773955774,3.9377886977887,3.88044226044226,3.89,29165800,3.89
2011-05-17,3.8821897810219,3.95868613138686,3.87262773722628,3.93,39978800,3.93
2011-05-18,3.92043795620438,3.94912408759124,3.90131386861314,3.93,29473800,3.93
2011-05-19,3.93733990147783,3.94689655172414,3.87044334975369,3.88,23395700,3.88
2011-05-20,3.8978855721393,3.90746268656716,3.83084577114428,3.85,33771100,3.85
2011-05-23,3.84431876606684,3.84431876606684,3.72,3.72,49880500,3.72
2011-05-24,3.74,3.7495652173913,3.70173913043478,3.74,26845900,3.74
2011-05-25,3.73912596401028,3.75825192802057,3.71043701799486,3.72,26289500,3.72
2011-05-26,3.73824289405685,3.76692506459948,3.69043927648579,3.7,21469100,3.7
2011-05-27,3.7,3.72868217054264,3.69043927648579,3.7,20192700,3.7
2011-05-30,3.7,3.71912144702842,3.68087855297158,3.7,15695700,3.7
2011-05-31,3.70173913043478,3.74,3.69217391304348,3.74,22419300,3.74
2011-06-01,3.73172588832487,3.77956852791878,3.71258883248731,3.77,26616300,3.77
2011-06-02,3.72868217054264,3.73824289405685,3.67131782945736,3.7,27444800,3.7
2011-06-03,3.69087628865979,3.73868556701031,3.68131443298969,3.71,24469900,3.71
2011-06-07,3.71043701799486,3.72,3.68174807197943,3.72,18209600,3.72
2011-06-08,3.69955958549223,3.70911917098446,3.64220207253886,3.69,25741400,3.69
2011-06-09,3.68731578947368,3.68731578947368,3.62044736842105,3.63,31170700,3.63
2011-06-10,3.64,3.64955380577428,3.61133858267717,3.64,19853800,3.64
2011-06-13,3.63,3.63955263157895,3.59178947368421,3.63,16203400,3.63
2011-06-14,3.63220779220779,3.72779220779221,3.62264935064935,3.68,38459500,3.68
2011-06-15,3.66,3.72689295039164,3.65044386422976,3.66,33542700,3.66
2011-06-16,3.6483023872679,3.65787798408488,3.60042440318302,3.61,28508000,3.61
2011-06-20,3.63,3.66821052631579,3.61089473684211,3.63,70144800,3.63
2011-06-21,3.64349614395887,3.74868894601542,3.64349614395887,3.72,53122300,3.72
2011-06-22,3.70956072351421,3.72868217054264,3.66175710594315,3.7,34480300,3.7
2011-06-23,3.69260204081633,3.77869897959184,3.66390306122449,3.75,45203600,3.75
2011-06-24,3.74256926952141,3.82871536523929,3.73299748110831,3.8,54663200,3.8
2011-06-27,3.79870558375635,3.80827411167513,3.75086294416244,3.77,40055000,3.77
2011-06-28,3.77913486005089,3.77913486005089,3.73129770992366,3.76,35723700,3.76
2011-06-29,3.75780927835052,3.79605670103093,3.68131443298969,3.71,64541300,3.71
2011-06-30,3.70302030456853,3.80827411167513,3.70302030456853,3.77,70674300,3.77
2011-07-01,3.76956743002544,3.79826972010178,3.75043256997455,3.76,34072900,3.76
2011-07-04,3.78254364089776,3.86872817955112,3.78254364089776,3.84,65325600,3.84
2011-07-05,3.83914786967418,3.83914786967418,3.75298245614035,3.82,44742900,3.82
2011-07-06,3.79913924050633,3.80870886075949,3.73215189873418,3.78,60312900,3.78
2011-07-07,3.77869897959184,3.78826530612245,3.74043367346939,3.75,32473100,3.75
2011-07-08,3.76,3.78870229007634,3.74086513994911,3.76,21093800,3.76
2011-07-11,3.75956632653061,3.76913265306122,3.73086734693878,3.75,30097900,3.75
2011-07-12,3.72689295039164,3.73644908616188,3.65044386422976,3.66,56166500,3.66
2011-07-13,3.65132467532468,3.68955844155844,3.64176623376623,3.68,38780100,3.68
2011-07-14,3.67044155844156,3.68,3.65132467532468,3.68,37879500,3.68
2011-07-15,3.66044270833333,3.67,3.63177083333333,3.67,42611900,3.67
2011-07-18,3.67088082901554,3.70911917098446,3.65176165803109,3.69,39310000,3.69
2011-07-19,3.67911227154047,3.6886684073107,3.65044386422976,3.66,21058800,3.66
2011-07-20,3.66910994764398,3.67866492146597,3.63089005235602,3.65,25941300,3.65
2011-07-21,3.65873350923483,3.66831134564644,3.62042216358839,3.63,29181800,3.63
2011-07-22,3.63915343915344,3.64873015873016,3.61042328042328,3.62,22750000,3.62
2011-07-25,3.60244444444444,3.62155555555556,3.42088888888889,3.44,81224000,3.44
2011-07-26,3.4391061452514,3.46776536312849,3.3913407821229,3.42,39837300,3.42
2011-07-27,3.4104469273743,3.4295530726257,3.3913407821229,3.42,23265900,3.42
2011-07-28,3.41915492957746,3.41915492957746,3.38084507042254,3.4,27154800,3.4
2011-07-29,3.40042134831461,3.41957865168539,3.37168539325843,3.41,24316200,3.41
2011-08-01,3.41,3.41,3.37168539325843,3.41,14026800,3.41
2011-08-02,3.38871794871795,3.3982905982906,3.3408547008547,3.36,30817600,3.36
2011-08-03,3.34042857142857,3.35957142857143,3.32128571428571,3.35,24701400,3.35
2011-08-04,3.34913793103448,3.36827586206897,3.31086206896552,3.33,32753200,3.33
2011-08-05,3.24955752212389,3.26867256637168,3.22088495575221,3.24,26554600,3.24
2011-08-08,3.23463722397476,3.23463722397476,3.01189274447949,3.07,39579900,3.07
2011-08-09,2.99127795527157,3.04936102236422,2.9235143769968,3.03,43869700,3.03
2011-08-10,3.0696835443038,3.08905063291139,3.03094936708861,3.06,33496600,3.06
2011-08-11,3.00189873417722,3.0696835443038,2.97284810126582,3.06,38373900,3.06
2011-08-12,3.07185758513932,3.16876160990712,3.06216718266254,3.13,48785500,3.13
2011-08-15,3.13030864197531,3.15938271604938,3.09154320987654,3.14,31875100,3.14
2011-08-16,3.14811912225705,3.15780564263323,3.08031347962382,3.09,25686400,3.09
2011-08-17,3.08031347962382,3.1287460815047,3.07062695924765,3.09,17827200,3.09
2011-08-18,3.08808306709265,3.09776357827476,3.03,3.03,21747200,3.03
2011-08-19,2.97096774193548,3.00967741935484,2.96129032258065,3,24118000,3
2011-08-22,2.99064308681672,3.03903536977492,2.97128617363344,3.01,31634500,3.01
2011-08-23,3.02126582278481,3.06,3.00189873417722,3.06,24190000,3.06
2011-08-24,3.04936102236422,3.07840255591054,3.02031948881789,3.03,16024100,3.03
2011-08-25,3.04278637770898,3.13969040247678,3.0330959752322,3.13,45247800,3.13
2011-08-26,3.11031055900621,3.13937888198758,3.09093167701863,3.12,23934800,3.12
2011-08-29,3.09873417721519,3.09873417721519,3.0503164556962,3.06,16988100,3.06
2011-08-30,3.08873015873016,3.10809523809524,3.05,3.05,22552000,3.05
2011-08-31,3.04,3.06904458598726,3.01095541401274,3.04,17852000,3.04
2011-09-01,3.04936102236422,3.06872204472843,3.01063897763578,3.03,15796300,3.03
2011-09-02,3.02935691318328,3.04871382636656,2.99064308681672,3.01,13437500,3.01
2011-09-05,2.98868852459016,2.98868852459016,2.94032786885246,2.95,24247700,2.95
2011-09-06,2.93065573770492,2.95967213114754,2.92098360655738,2.95,16843900,2.95
2011-09-07,2.96097087378641,2.99967637540453,2.94161812297735,2.99,13578200,2.99
2011-09-08,2.99869281045752,2.99869281045752,2.95032679738562,2.96,12934500,2.96
2011-09-09,2.96064935064935,3.0187012987013,2.96064935064935,2.98,11328500,2.98
2011-09-13,2.95065146579805,2.97,2.93130293159609,2.97,11627000,2.97
2011-09-14,2.99064308681672,3.01967845659164,2.9616077170418,3.01,23363400,3.01
2011-09-15,3.00095846645367,3.06872204472843,3.00095846645367,3.03,36296200,3.03
2011-09-16,3.04838709677419,3.05806451612903,3,3,19661800,3
2011-09-19,2.98868852459016,2.98868852459016,2.95,2.95,17544300,2.95
2011-09-20,2.94097719869707,2.97967426710098,2.94097719869707,2.97,14263000,2.97
2011-09-21,2.96407523510972,3.11905956112853,2.95438871473354,3.09,73064200,3.09
2011-09-22,3.04838709677419,3.08709677419355,2.99032258064516,3,44718000,3
2011-09-23,2.95192926045016,3.01,2.94225080385852,3.01,28690200,3.01
2011-09-26,2.98934853420195,3.03771986970684,2.95065146579805,2.97,22784500,2.97
2011-09-27,2.98967532467532,2.99935064935065,2.95097402597403,2.98,23113900,2.98
2011-09-28,2.99869281045752,3.0083660130719,2.95032679738562,2.96,20763600,2.96
2011-09-29,2.94967105263158,2.96901315789474,2.93032894736842,2.94,20502400,2.94
2011-09-30,2.94967105263158,2.96901315789474,2.92065789473684,2.94,21969600,2.94
2011-10-10,2.94662116040956,2.95631399317406,2.82061433447099,2.84,50120000,2.84
2011-10-11,2.88908474576271,2.90847457627119,2.83091525423729,2.86,22498100,2.86
2011-10-12,2.83361842105263,2.94,2.82394736842105,2.94,41815200,2.94
2011-10-13,2.92098360655738,2.98868852459016,2.91131147540984,2.95,40144100,2.95
2011-10-14,2.94032786885246,2.95967213114754,2.91131147540984,2.95,20594000,2.95
2011-10-17,2.94940397350993,2.9591059602649,2.92029801324503,2.93,18334900,2.93
2011-10-18,2.91909395973154,2.95788590604027,2.88030201342282,2.89,28418400,2.89
2011-10-19,2.89,2.92879194630873,2.89,2.89,15899400,2.89
2011-10-20,2.88846416382253,2.89815699658703,2.83030716723549,2.84,23460100,2.84
2011-10-21,2.83969178082192,2.85907534246575,2.82030821917808,2.83,12485800,2.83
2011-10-24,2.83121621621622,2.87969594594595,2.82152027027027,2.87,22804900,2.87
2011-10-25,2.8717880794702,2.9591059602649,2.85238410596026,2.93,29942400,2.93
2011-10-26,2.9009900990099,2.9590099009901,2.8913201320132,2.93,41512100,2.93
2011-10-27,2.93032894736842,2.95934210526316,2.92065789473684,2.94,30197500,2.94
2011-10-28,2.97032467532468,3.0187012987013,2.95097402597403,2.98,40142000,2.98
2011-10-31,2.95934210526316,2.97868421052632,2.92065789473684,2.94,27579300,2.94
2011-11-01,2.92065789473684,2.96901315789474,2.91098684210526,2.94,30817200,2.94
2011-11-02,2.91258899676375,2.99,2.89323624595469,2.99,43182400,2.99
2011-11-03,2.99,3.01902912621359,2.98032362459547,2.99,57853100,2.99
2011-11-04,3.01,3.03903536977492,2.98096463022508,3.01,41146400,3.01
2011-11-07,2.99,3.01902912621359,2.98032362459547,2.99,26007200,2.99
2011-11-08,2.98967532467532,3.0187012987013,2.97032467532468,2.98,21708900,2.98
2011-11-09,2.98967532467532,2.99935064935065,2.95097402597403,2.98,20860700,2.98
2011-11-10,2.9685049833887,2.97820598006645,2.92,2.92,41518600,2.92
2011-11-11,2.92970099667774,2.93940199335548,2.91029900332226,2.92,16498600,2.92
2011-11-14,2.93065573770492,2.95967213114754,2.92098360655738,2.95,19553400,2.95
2011-11-15,2.94967105263158,2.95934210526316,2.93032894736842,2.94,14410200,2.94
2011-11-16,2.94756756756757,2.94756756756757,2.86030405405405,2.87,37867500,2.87
2011-11-17,2.87030303030303,2.89939393939394,2.86060606060606,2.88,18077800,2.88
2011-11-18,2.86938775510204,2.87908163265306,2.84030612244898,2.85,20022100,2.85
2011-11-21,2.85,2.85969387755102,2.83061224489796,2.85,11991800,2.85
2011-11-22,2.83061224489796,2.85,2.82091836734694,2.85,11085600,2.85
2011-11-23,2.83938144329897,2.84907216494845,2.81030927835052,2.82,15104600,2.82
2011-11-24,2.81,2.82937931034483,2.79062068965517,2.81,12170800,2.81
2011-11-25,2.8,2.81937716262976,2.79031141868512,2.8,10637100,2.8
2011-11-28,2.8,2.81937716262976,2.79031141868512,2.8,10377800,2.8
2011-11-29,2.82030821917808,2.83969178082192,2.80092465753425,2.83,11295400,2.83
2011-11-30,2.81712765957447,2.8268085106383,2.71063829787234,2.73,26269200,2.73
2011-12-01,2.77031358885017,2.8187456445993,2.76062717770035,2.78,26073000,2.78
2011-12-02,2.76904593639576,2.76904593639576,2.73031802120141,2.74,13032000,2.74
2011-12-05,2.75031578947368,2.77936842105263,2.71157894736842,2.76,32496400,2.76
2011-12-06,2.76,2.77936842105263,2.73094736842105,2.76,11826300,2.76
2011-12-07,2.75094076655052,2.78,2.7412543554007,2.78,10983300,2.78
2011-12-08,2.770625,2.809375,2.7609375,2.79,20471600,2.79
2011-12-09,2.77031358885017,2.78968641114983,2.76062717770035,2.78,8000900,2.78
2011-12-12,2.7693661971831,2.7887323943662,2.74031690140845,2.75,6642700,2.75
2011-12-13,2.72870503597122,2.75773381294964,2.69,2.69,17931100,2.69
2011-12-14,2.67934545454545,2.68901818181818,2.65032727272727,2.66,14701000,2.66
2011-12-15,2.62910447761194,2.65820895522388,2.6,2.6,19099300,2.6
2011-12-16,2.60196363636364,2.66967272727273,2.5536,2.66,21203400,2.66
2011-12-19,2.64911111111111,2.64911111111111,2.56177777777778,2.62,25235900,2.62
2011-12-20,2.5896992481203,2.6187969924812,2.5703007518797,2.58,17355800,2.58
2011-12-21,2.59878787878788,2.60848484848485,2.55030303030303,2.56,13668000,2.56
2011-12-22,2.53969348659004,2.56877394636015,2.47183908045977,2.53,20503900,2.53
2011-12-23,2.54,2.56908396946565,2.51091603053435,2.54,14532000,2.54
2011-12-26,2.52091254752852,2.56939163498099,2.51121673003802,2.55,15334300,2.55
2011-12-27,2.54969465648855,2.5593893129771,2.5206106870229,2.54,13579700,2.54
2011-12-28,2.52969230769231,2.54907692307692,2.49092307692308,2.52,13252100,2.52
2011-12-29,2.50091954022988,2.53969348659004,2.50091954022988,2.53,11820400,2.53
2011-12-30,2.53090909090909,2.56,2.53090909090909,2.56,12770200,2.56
2012-01-02,2.53090909090909,2.56,2.53090909090909,2.56,12770200,2.56
2012-01-03,2.53090909090909,2.56,2.53090909090909,2.56,12770200,2.56
2012-01-04,2.55813953488372,2.57751937984496,2.5,2.5,12625600,2.5
2012-01-05,2.48,2.5284375,2.48,2.48,14595900,2.48
2012-01-06,2.4796862745098,2.48937254901961,2.45062745098039,2.47,12397200,2.47
2012-01-09,2.48153256704981,2.53969348659004,2.45245210727969,2.53,40571900,2.53
2012-01-10,2.52267657992565,2.62940520446097,2.51297397769517,2.61,53543700,2.61
2012-01-11,2.59970037453184,2.61910112359551,2.58029962546816,2.59,29821300,2.59
2012-01-12,2.58,2.6284962406015,2.5703007518797,2.58,24462100,2.58
2012-01-13,2.58784615384615,2.59753846153846,2.51030769230769,2.52,23322900,2.52
2012-01-16,2.5090625,2.51875,2.4703125,2.48,11424300,2.48
2012-01-17,2.48386617100372,2.62940520446097,2.48386617100372,2.61,40263500,2.61
2012-01-18,2.61033210332103,2.72634686346863,2.58132841328413,2.62,67448700,2.62
2012-01-19,2.5909963099631,2.6490036900369,2.57166051660517,2.62,52790300,2.62
2012-01-20,2.63065693430657,2.67901459854015,2.59197080291971,2.65,47478700,2.65
2012-01-23,2.65,2.65,2.65,2.65,0,2.65
2012-01-24,2.65,2.65,2.65,2.65,0,2.65
2012-01-25,2.65,2.65,2.65,2.65,0,2.65
2012-01-26,2.65,2.65,2.65,2.65,0,2.65
2012-01-27,2.65,2.65,2.65,2.65,0,2.65
2012-01-30,2.66791044776119,2.66791044776119,2.6,2.6,30169900,2.6
2012-01-31,2.59970037453184,2.60940074906367,2.57059925093633,2.59,20271100,2.59
2012-02-01,2.58909090909091,2.60848484848485,2.56,2.56,15085500,2.56
2012-02-02,2.57089552238806,2.60970149253731,2.56119402985075,2.6,19088700,2.6
2012-02-03,2.60059259259259,2.6297037037037,2.58118518518519,2.62,29591700,2.62
2012-02-06,2.61970260223048,2.62940520446097,2.59059479553903,2.61,24505800,2.61
2012-02-07,2.58939622641509,2.59909433962264,2.55060377358491,2.57,18838500,2.57
2012-02-08,2.5619926199262,2.62966789667897,2.55232472324723,2.62,40842400,2.62
2012-02-09,2.6297037037037,2.63940740740741,2.6102962962963,2.62,39005100,2.62
2012-02-10,2.60131868131868,2.68835164835165,2.60131868131868,2.64,67718300,2.64
2012-02-13,2.61066176470588,2.63966911764706,2.60099264705882,2.63,31419200,2.63
2012-02-14,2.6297037037037,2.63940740740741,2.6102962962963,2.62,20870800,2.62
2012-02-15,2.61131386861314,2.65967153284672,2.60164233576642,2.65,39395400,2.65
2012-02-16,2.63966911764706,2.65900735294118,2.61066176470588,2.63,28620600,2.63
2012-02-17,2.63966911764706,2.64933823529412,2.62033088235294,2.63,21425000,2.63
2012-02-20,2.64933823529412,2.65900735294118,2.63,2.63,28769000,2.63
2012-02-21,2.63,2.63966911764706,2.59132352941176,2.63,32778900,2.63
2012-02-22,2.62130909090909,2.66967272727273,2.62130909090909,2.66,47421100,2.66
2012-02-23,2.66064981949458,2.69935018050542,2.65097472924188,2.68,59125800,2.68
2012-02-24,2.68190812720848,2.74968197879859,2.66254416961131,2.74,83711200,2.74
2012-02-27,2.75,2.79841549295775,2.7306338028169,2.75,86242400,2.75
2012-02-28,2.74063157894737,2.76,2.72126315789474,2.76,45257900,2.76
2012-02-29,2.74838709677419,2.74838709677419,2.7,2.7,36188600,2.7
2012-03-01,2.7,2.71935483870968,2.69032258064516,2.7,22451400,2.7
2012-03-02,2.71095406360424,2.74968197879859,2.70127208480565,2.74,27525600,2.74
2012-03-05,2.74871428571429,2.74871428571429,2.70032142857143,2.71,43244500,2.71
2012-03-06,2.69935018050542,2.70902527075812,2.66064981949458,2.68,29180400,2.68
2012-03-07,2.65032727272727,2.67934545454545,2.64065454545455,2.66,21114500,2.66
2012-03-08,2.66064981949458,2.68967509025271,2.66064981949458,2.68,20413100,2.68
2012-03-09,2.69,2.69967625899281,2.67064748201439,2.69,23672100,2.69
2012-03-12,2.68967509025271,2.69935018050542,2.66064981949458,2.68,19277000,2.68
2012-03-13,2.68096428571429,2.71,2.66160714285714,2.71,32553200,2.71
2012-03-14,2.71703703703704,2.73644444444444,2.59088888888889,2.62,57792500,2.62
2012-03-15,2.62880149812734,2.63850187265918,2.58029962546816,2.59,34308300,2.59
2012-03-16,2.59059479553903,2.61970260223048,2.57118959107807,2.61,25525700,2.61
2012-03-19,2.60029739776952,2.61970260223048,2.58089219330855,2.61,21221600,2.61
2012-03-20,2.59909433962264,2.60879245283019,2.56030188679245,2.57,20585800,2.57
2012-03-21,2.57198529411765,2.69768382352941,2.56231617647059,2.63,72850800,2.63
2012-03-22,2.61940298507463,2.63880597014925,2.6,2.6,31081300,2.6
2012-03-23,2.59970037453184,2.64820224719101,2.58029962546816,2.59,32941600,2.59
2012-03-26,2.59,2.59970037453184,2.56089887640449,2.59,16113100,2.59
2012-03-27,2.58939622641509,2.59909433962264,2.56030188679245,2.57,17064300,2.57
2012-03-28,2.57751937984496,2.58720930232558,2.5,2.5,27426200,2.5
2012-03-29,2.49905882352941,2.52811764705882,2.4603137254902,2.47,19806800,2.47
2012-03-30,2.4796862745098,2.48937254901961,2.44094117647059,2.47,19469200,2.47
2012-04-02,2.47,2.47,2.47,2.47,0,2.47
2012-04-03,2.47,2.47,2.47,2.47,0,2.47
2012-04-04,2.47,2.47,2.47,2.47,0,2.47
2012-04-05,2.48062015503876,2.51937984496124,2.46124031007752,2.5,25505100,2.5
2012-04-06,2.49968871595331,2.49968871595331,2.47062256809339,2.49,25029600,2.49
2012-04-09,2.4796862745098,2.4796862745098,2.45062745098039,2.47,20514800,2.47
2012-04-10,2.46093385214008,2.49968871595331,2.45124513618677,2.49,16015300,2.49
2012-04-11,2.48,2.499375,2.460625,2.48,16457900,2.48
2012-04-12,2.48123076923077,2.52,2.47153846153846,2.52,30789100,2.52
2012-04-13,2.52,2.53938461538462,2.51030769230769,2.52,24892100,2.52
2012-04-16,2.51030769230769,2.52969230769231,2.50061538461538,2.52,19146200,2.52
2012-04-17,2.51906614785992,2.52875486381323,2.48031128404669,2.49,21068900,2.49
2012-04-18,2.50152091254753,2.56939163498099,2.49182509505703,2.55,37233500,2.55
2012-04-19,2.53969348659004,2.54938697318008,2.52030651340996,2.53,22691300,2.53
2012-04-20,2.53120754716981,2.57,2.52150943396226,2.57,34927200,2.57
2012-04-23,2.56119402985075,2.63880597014925,2.55149253731343,2.6,48934000,2.6
2012-04-24,2.56969696969697,2.62787878787879,2.54060606060606,2.56,41303500,2.56
2012-04-25,2.56148698884758,2.62940520446097,2.56148698884758,2.61,39464100,2.61
2012-04-26,2.61970260223048,2.62940520446097,2.60029739776952,2.61,26524300,2.61
2012-04-27,2.59970037453184,2.60940074906367,2.57059925093633,2.59,20714200,2.59
2012-04-30,2.59,2.59,2.59,2.59,0,2.59
2012-05-01,2.59,2.59,2.59,2.59,0,2.59
2012-05-02,2.61033210332103,2.63933579335793,2.5909963099631,2.62,37608300,2.62
2012-05-03,2.61970260223048,2.62940520446097,2.60029739776952,2.61,20027900,2.61
2012-05-04,2.62,2.6297037037037,2.60059259259259,2.62,25533700,2.62
2012-05-07,2.61970260223048,2.61970260223048,2.59059479553903,2.61,27389800,2.61
2012-05-08,2.6102962962963,2.6297037037037,2.60059259259259,2.62,25696000,2.62
2012-05-09,2.6090977443609,2.6090977443609,2.5703007518797,2.58,25801800,2.58
2012-05-10,2.57969811320755,2.58939622641509,2.57,2.57,16406700,2.57
2012-05-11,2.56939163498099,2.57908745247148,2.55,2.55,12696700,2.55
2012-05-14,2.56908396946565,2.5787786259542,2.54,2.54,16233600,2.54
2012-05-15,2.52938223938224,2.53907335907336,2.50030888030888,2.51,15874300,2.51
2012-05-16,2.50937743190662,2.51906614785992,2.49,2.49,13082300,2.49
2012-05-17,2.49092307692308,2.53938461538462,2.48123076923077,2.52,13024600,2.52
2012-05-18,2.51030769230769,2.53938461538462,2.50061538461538,2.52,18228300,2.52
2012-05-21,2.51151515151515,2.56,2.51151515151515,2.56,20553100,2.56
2012-05-22,2.56,2.56969696969697,2.54060606060606,2.56,12783100,2.56
2012-05-23,2.54938697318008,2.55908045977012,2.52030651340996,2.53,10906900,2.53
2012-05-24,2.52969230769231,2.54907692307692,2.51030769230769,2.52,9641400,2.52
2012-05-25,2.5206106870229,2.5593893129771,2.51091603053435,2.54,19199400,2.54
2012-05-28,2.57118959107807,2.61,2.54208178438662,2.61,49971500,2.61
2012-05-29,2.5909963099631,2.62966789667897,2.58132841328413,2.62,52418900,2.62
2012-05-30,2.60970149253731,2.61940298507463,2.58059701492537,2.6,22120000,2.6
2012-05-31,2.5896992481203,2.5896992481203,2.5606015037594,2.58,15067100,2.58
2012-06-01,2.58,2.6090977443609,2.5703007518797,2.58,18428600,2.58
2012-06-04,2.55782101167315,2.56750972762646,2.49,2.49,22465800,2.49
2012-06-05,2.49061776061776,2.51,2.49061776061776,2.51,10632500,2.51
2012-06-06,2.50968992248062,2.51937984496124,2.49031007751938,2.5,9250800,2.5
2012-06-07,2.50874509803922,2.51843137254902,2.47,2.47,14557200,2.47
2012-06-08,2.4896875,2.499375,2.4703125,2.48,11270200,2.48
2012-06-11,2.49031007751938,2.50968992248062,2.46124031007752,2.5,14570100,2.5
2012-06-12,2.48,2.4896875,2.460625,2.48,11772600,2.48
2012-06-13,2.48092664092664,2.51,2.48092664092664,2.51,12580200,2.51
2012-06-14,2.49968871595331,2.50937743190662,2.48031128404669,2.49,10028200,2.49
2012-06-15,2.49,2.49,2.49,2.49,0,2.49
2012-06-18,2.50968992248062,2.51937984496124,2.48062015503876,2.5,14492900,2.5
2012-06-19,2.499375,2.5090625,2.4703125,2.48,11909600,2.48
2012-06-20,2.47937007874016,2.48905511811024,2.44062992125984,2.46,28148200,2.46
2012-06-21,2.45839357429719,2.45839357429719,2.41,2.41,29774900,2.41
2012-06-22,2.41,2.41,2.41,2.41,0,2.41
2012-06-25,2.40935222672065,2.41902834008097,2.37064777327935,2.39,21149400,2.39
2012-06-26,2.38096385542169,2.41967871485944,2.38096385542169,2.41,19269700,2.41
2012-06-27,2.40967741935484,2.42903225806452,2.39032258064516,2.4,15589000,2.4
2012-06-28,2.40935222672065,2.41902834008097,2.39,2.39,14207400,2.39
2012-06-29,2.39032258064516,2.40967741935484,2.37096774193548,2.4,19218900,2.4
2012-07-02,2.4090243902439,2.4090243902439,2.37032520325203,2.38,17701700,2.38
2012-07-03,2.38032388663968,2.40935222672065,2.38032388663968,2.39,10501600,2.39
2012-07-04,2.39,2.39967611336032,2.38032388663968,2.39,10694600,2.39
2012-07-05,2.37934426229508,2.38901639344262,2.35032786885246,2.36,15823500,2.36
2012-07-06,2.36032653061224,2.37967346938775,2.34097959183673,2.37,15908800,2.37
2012-07-09,2.35866666666667,2.36833333333333,2.30066666666667,2.32,16339100,2.32
2012-07-10,2.32941176470588,2.32941176470588,2.30029411764706,2.31,12329700,2.31
2012-07-11,2.30066666666667,2.32,2.291,2.32,10279300,2.32
2012-07-12,2.32,2.33941422594142,2.29087866108787,2.32,18661800,2.32
2012-07-13,2.32,2.32970711297071,2.31029288702929,2.32,9922000,2.32
2012-07-16,2.32727272727273,2.32727272727273,2.23030303030303,2.24,20928200,2.24
2012-07-17,2.24030172413793,2.25969827586207,2.23060344827586,2.25,11438600,2.25
2012-07-18,2.25030042918455,2.2793991416309,2.2406008583691,2.26,12205400,2.26
2012-07-19,2.26059574468085,2.29940425531915,2.25089361702128,2.28,19635800,2.28
2012-07-20,2.26939655172414,2.27909482758621,2.25,2.25,15419000,2.25
2012-07-23,2.23969565217391,2.24939130434783,2.22030434782609,2.23,10745200,2.23
2012-07-24,2.22030434782609,2.24939130434783,2.21060869565217,2.23,10605400,2.23
2012-07-25,2.2296943231441,2.23938864628821,2.22,2.22,7734800,2.22
2012-07-26,2.22,2.23938864628821,2.2103056768559,2.22,7939700,2.22
2012-07-27,2.23,2.23969565217391,2.21060869565217,2.23,12553600,2.23
2012-07-30,2.23938864628821,2.23938864628821,2.2103056768559,2.22,12057800,2.22
2012-07-31,2.22030434782609,2.23969565217391,2.21060869565217,2.23,13801900,2.23
2012-08-01,2.23060344827586,2.25969827586207,2.22090517241379,2.25,15369100,2.25
2012-08-02,2.24969696969697,2.26909090909091,2.24,2.24,12772400,2.24
2012-08-03,2.24030172413793,2.25969827586207,2.24030172413793,2.25,9893800,2.25
2012-08-06,2.25059829059829,2.27970085470086,2.24089743589744,2.27,18311900,2.27
2012-08-07,2.26029914529915,2.27970085470086,2.25059829059829,2.27,16964400,2.27
2012-08-08,2.26969957081545,2.2793991416309,2.25030042918455,2.26,12788000,2.26
2012-08-09,2.26029914529915,2.27970085470086,2.24089743589744,2.27,14663800,2.27
2012-08-10,2.26939655172414,2.27909482758621,2.25,2.25,9915700,2.25
2012-08-13,2.24969696969697,2.25939393939394,2.22060606060606,2.24,17273800,2.24
2012-08-14,2.2296943231441,2.23938864628821,2.20061135371179,2.22,14360400,2.22
2012-08-15,2.21938325991189,2.22907488986784,2.2,2.2,10128200,2.2
2012-08-16,2.21,2.21,2.19061403508772,2.21,9896700,2.21
2012-08-17,2.20030701754386,2.21,2.19061403508772,2.21,10420600,2.21
2012-08-20,2.1990625,2.1990625,2.150625,2.17,21454800,2.17
2012-08-21,2.17092511013216,2.21938325991189,2.16123348017621,2.2,25726300,2.2
2012-08-22,2.189375,2.1990625,2.17,2.17,15321100,2.17
2012-08-23,2.18,2.18968888888889,2.17031111111111,2.18,10512200,2.18
2012-08-24,2.16936936936937,2.17905405405405,2.14031531531531,2.15,12757200,2.15
2012-08-27,2.13870967741935,2.14838709677419,2.09032258064516,2.1,22196400,2.1
2012-08-28,2.05866028708134,2.06832535885167,1.95234449760766,2.02,67065100,2.02
2012-08-29,2.00970873786408,2.02912621359223,1.99029126213592,2,25211700,2
2012-08-30,1.98,1.99941176470588,1.97029411764706,1.98,18147900,1.98
2012-08-31,1.98029268292683,1.99970731707317,1.97058536585366,1.99,16855600,1.99
2012-09-03,1.99941176470588,1.99941176470588,1.97029411764706,1.98,21332700,1.98
2012-09-04,1.9788,1.9885,1.94,1.94,30493700,1.94
2012-09-05,1.93969849246231,1.93969849246231,1.91060301507538,1.93,18627800,1.93
2012-09-06,1.93089108910891,1.96,1.92118811881188,1.96,14122900,1.96
2012-09-07,1.96233333333333,2.059,1.95266666666667,2.03,55067800,2.03
2012-09-10,2.03,2.03,2.01066666666667,2.03,25351100,2.03
2012-09-11,2.02,2.02,1.991004784689,2.02,13584500,2.02
2012-09-12,2.02,2.03933014354067,2.00066985645933,2.02,17277900,2.02
2012-09-13,2.02912621359223,2.02912621359223,2,2,15837500,2
2012-09-14,2.01066666666667,2.059,1.99133333333333,2.03,32100700,2.03
2012-09-17,2.02852941176471,2.02852941176471,1.97029411764706,1.98,25222800,1.98
2012-09-18,1.96970297029703,1.97940594059406,1.95029702970297,1.96,12694200,1.96
2012-09-19,1.96029556650246,1.97,1.95059113300493,1.97,10953900,1.97
2012-09-20,1.94939698492462,1.95909547738693,1.91060301507538,1.93,19648700,1.93
2012-09-21,1.92030150753769,1.93969849246231,1.91060301507538,1.93,13130400,1.93
2012-09-24,1.93118226600985,1.97970443349754,1.93118226600985,1.97,27610100,1.97
2012-09-25,1.95970149253731,1.96940298507463,1.91119402985075,1.95,17209900,1.95
2012-09-26,1.93969849246231,1.94939698492462,1.92030150753769,1.93,9783700,1.93
2012-09-27,1.93118226600985,1.99911330049261,1.92147783251232,1.97,21472600,1.97
2012-09-28,1.96087804878049,1.99970731707317,1.95117073170732,1.99,22646300,1.99
2012-10-01,1.99,1.99,1.99,1.99,0,1.99
2012-10-02,1.99,1.99,1.99,1.99,0,1.99
2012-10-03,1.99,1.99,1.99,1.99,0,1.99
2012-10-04,1.99,1.99,1.99,1.99,0,1.99
2012-10-05,1.99,1.99,1.99,1.99,0,1.99
2012-10-08,1.98970588235294,1.99941176470588,1.96058823529412,1.98,15440900,1.98
2012-10-09,1.97134615384615,2.01966346153846,1.96168269230769,2.01,24582000,2.01
2012-10-10,1.99165876777251,2.059336492891,1.99165876777251,2.04,29464200,2.04
2012-10-11,2.02932692307692,2.03899038461538,2.00033653846154,2.01,19270300,2.01
2012-10-12,2.01033492822967,2.03933014354067,1.991004784689,2.02,25221400,2.02
2012-10-15,2.00941463414634,2.01912195121951,1.98029268292683,1.99,16760700,1.99
2012-10-16,1.99,2.00941463414634,1.98029268292683,1.99,9936600,1.99
2012-10-17,2,2.00970873786408,1.97087378640777,2,12293900,2
2012-10-18,1.991004784689,2.02966507177034,1.98133971291866,2.02,22715800,2.02
2012-10-19,2.01,2.02932692307692,2.00033653846154,2.01,14862600,2.01
2012-10-22,2.00033653846154,2.01966346153846,1.99067307692308,2.01,9604100,2.01
2012-10-23,2.01,2.01966346153846,2.00033653846154,2.01,11091400,2.01
2012-10-24,1.99198113207547,2.09834905660377,1.99198113207547,2.05,70025000,2.05
2012-10-25,2.04098130841121,2.10869158878505,2.03130841121495,2.07,68547900,2.07
2012-10-26,2.06826086956522,2.06826086956522,2.00028985507246,2.01,41689300,2.01
2012-10-29,2.00941463414634,2.00941463414634,1.98029268292683,1.99,13564200,1.99
2012-10-30,1.99029126213592,2.00970873786408,1.97087378640777,2,18396900,2
2012-10-31,2,2.00970873786408,1.98058252427184,2,18491400,2
2012-11-01,1.991004784689,2.02966507177034,1.991004784689,2.02,29491800,2.02
2012-11-02,2.020663507109,2.0496682464455,2.01099526066351,2.04,28071000,2.04
2012-11-05,2.04,2.0496682464455,2.020663507109,2.04,16888000,2.04
2012-11-06,2.02966507177034,2.03933014354067,2.00066985645933,2.02,18249200,2.02
2012-11-07,2.01066666666667,2.03966666666667,2.01066666666667,2.03,15283400,2.03
2012-11-08,2.02882926829268,2.02882926829268,1.98029268292683,1.99,19574400,1.99
2012-11-09,1.99029126213592,2.00970873786408,1.98058252427184,2,15620000,2
2012-11-12,1.98100961538461,2.01,1.97134615384615,2.01,16202700,2.01
2012-11-13,2.00881773399015,2.01852216748768,1.96029556650246,1.97,20127800,1.97
2012-11-14,1.97,1.97970443349754,1.96029556650246,1.97,16397600,1.97
2012-11-15,1.96,1.98910891089109,1.95029702970297,1.96,14939400,1.96
2012-11-16,1.95970149253731,1.96940298507463,1.94029850746269,1.95,14513000,1.95
2012-11-19,1.95,1.95970149253731,1.93059701492537,1.95,9057400,1.95
2012-11-20,1.95970149253731,1.95970149253731,1.94029850746269,1.95,10309100,1.95
2012-11-21,1.96058823529412,1.98970588235294,1.94117647058824,1.98,15708900,1.98
2012-11-22,1.96970297029703,1.96970297029703,1.95029702970297,1.96,8492200,1.96
2012-11-23,1.96029556650246,1.97970443349754,1.96029556650246,1.97,8251700,1.97
2012-11-26,1.96,1.96970297029703,1.95029702970297,1.96,8722500,1.96
2012-11-27,1.9594,1.9594,1.94,1.94,15665600,1.94
2012-11-28,1.93,1.93969849246231,1.92030150753769,1.93,12285900,1.93
2012-11-29,1.93,1.93969849246231,1.92030150753769,1.93,11039800,1.93
2012-11-30,1.93059701492537,1.95970149253731,1.93059701492537,1.95,14893600,1.95
2012-12-03,1.94117647058824,2.01882352941176,1.94117647058824,1.98,50557000,1.98
2012-12-04,1.97058536585366,1.99970731707317,1.95117073170732,1.99,32792800,1.99
2012-12-05,1.97167464114833,2.03933014354067,1.96200956937799,2.02,61344100,2.02
2012-12-06,2.01971014492754,2.02942028985507,2.00028985507246,2.01,33872700,2.01
2012-12-07,2.01033492822967,2.03933014354067,2.00066985645933,2.02,50737400,2.02
2012-12-10,2.03,2.04933333333333,2.02033333333333,2.03,46077400,2.03
2012-12-11,2.02966507177034,2.03933014354067,2.01033492822967,2.02,24888200,2.02
2012-12-12,2.02033333333333,2.03,2.001,2.03,18512100,2.03
2012-12-13,2.01966346153846,2.02932692307692,2.00033653846154,2.01,14537300,2.01
2012-12-14,2.01227906976744,2.08967441860465,2.00260465116279,2.08,78173900,2.08
2012-12-17,2.10935185185185,2.11902777777778,2.08032407407407,2.09,52301000,2.09
2012-12-18,2.07032558139535,2.10902325581395,2.07032558139535,2.08,49176300,2.08
2012-12-19,2.07967289719626,2.08934579439252,2.07,2.07,22312900,2.07
2012-12-20,2.08032407407407,2.09,2.0512962962963,2.09,26476000,2.09
2012-12-21,2.08,2.0993488372093,2.07032558139535,2.08,29336600,2.08
2012-12-24,2.07934272300469,2.08901408450704,2.06,2.06,20863200,2.06
2012-12-25,2.06160550458716,2.12935779816514,2.06160550458716,2.11,47128300,2.11
2012-12-26,2.10967741935484,2.11935483870968,2.09032258064516,2.1,39873700,2.1
2012-12-27,2.11247787610619,2.20938053097345,2.10278761061947,2.19,142174700,2.19
2012-12-28,2.19,2.19,2.19,2.19,0,2.19
2012-12-31,2.19,2.19,2.19,2.19,0,2.19
2013-01-01,2.19,2.19,2.19,2.19,0,2.19
2013-01-02,2.19,2.19,2.19,2.19,0,2.19
2013-01-03,2.19,2.19,2.19,2.19,0,2.19
2013-01-04,2.2571875,2.28625,2.150625,2.17,152619800,2.17
2013-01-07,2.16062222222222,2.19937777777778,2.16062222222222,2.18,72156900,2.18
2013-01-08,2.17092511013216,2.20969162995595,2.16123348017621,2.2,65747200,2.2
2013-01-09,2.18968888888889,2.19937777777778,2.16062222222222,2.18,52240900,2.18
2013-01-10,2.18,2.19937777777778,2.17031111111111,2.18,42765900,2.18
2013-01-11,2.17840909090909,2.18809090909091,2.12031818181818,2.13,40366200,2.13
2013-01-14,2.1215625,2.1796875,2.1215625,2.17,58829100,2.17
2013-01-15,2.17061946902655,2.19969026548673,2.17061946902655,2.19,44576200,2.19
2013-01-16,2.18,2.18968888888889,2.15093333333333,2.18,32769800,2.18
2013-01-17,2.17937219730942,2.18905829596413,2.15031390134529,2.16,30897300,2.16
2013-01-18,2.17031111111111,2.18968888888889,2.16062222222222,2.18,51256600,2.18
2013-01-21,2.18,2.18968888888889,2.17031111111111,2.18,34654500,2.18
2013-01-22,2.17873303167421,2.18841628959276,2.14,2.14,51813500,2.14
2013-01-23,2.15031390134529,2.16968609865471,2.13094170403587,2.16,32214900,2.16
2013-01-24,2.14968325791855,2.18841628959276,2.1206334841629,2.14,45743800,2.14
2013-01-25,2.13903669724771,2.14871559633028,2.10032110091743,2.11,29806900,2.11
2013-01-28,2.1206334841629,2.14,2.11095022624434,2.14,24936400,2.14
2013-01-29,2.13968181818182,2.14936363636364,2.12031818181818,2.13,44965900,2.13
2013-01-30,2.14031531531531,2.16936936936937,2.11126126126126,2.15,63362100,2.15
2013-01-31,2.1287037037037,2.1287037037037,2.07064814814815,2.09,111003900,2.09
2013-02-01,2.08064516129032,2.10967741935484,2.07096774193548,2.1,42328100,2.1
2013-02-04,2.10032110091743,2.11,2.08096330275229,2.11,40547000,2.11
2013-02-05,2.10248888888889,2.20906666666667,2.08311111111111,2.18,163432800,2.18
2013-02-06,2.16904977375566,2.16904977375566,2.13031674208145,2.14,76667000,2.14
2013-02-07,2.14031531531531,2.16936936936937,2.13063063063063,2.15,69599100,2.15
2013-02-08,2.150625,2.189375,2.1409375,2.17,52983500,2.17
2013-02-11,2.17,2.17,2.17,2.17,0,2.17
2013-02-12,2.17,2.17,2.17,2.17,0,2.17
2013-02-13,2.17,2.17,2.17,2.17,0,2.17
2013-02-14,2.17,2.17,2.17,2.17,0,2.17
2013-02-15,2.17,2.17,2.17,2.17,0,2.17
2013-02-18,2.16968609865471,2.17937219730942,2.15031390134529,2.16,36772300,2.16
2013-02-19,2.1593665158371,2.16904977375566,2.13031674208145,2.14,34335900,2.14
2013-02-20,2.15031390134529,2.16968609865471,2.14062780269058,2.16,34813400,2.16
2013-02-21,2.14838709677419,2.15806451612903,2.09032258064516,2.1,46996100,2.1
2013-02-22,2.10967741935484,2.10967741935484,2.09032258064516,2.1,18243600,2.1
2013-02-25,2.09967592592593,2.10935185185185,2.08032407407407,2.09,23509400,2.09
2013-02-26,2.07867298578199,2.08834123222749,2.0303317535545,2.04,36010300,2.04
2013-02-27,2.04033018867925,2.06933962264151,2.04033018867925,2.05,21739900,2.05
2013-02-28,2.0606511627907,2.08967441860465,2.0413023255814,2.08,28768600,2.08
2013-03-01,2.07934272300469,2.07934272300469,2.05032863849765,2.06,22226600,2.06
2013-03-04,2.059,2.06866666666667,2.02033333333333,2.03,40829200,2.03
2013-03-05,2.0303317535545,2.0496682464455,2.01099526066351,2.04,26911300,2.04
2013-03-06,2.05065420560748,2.08934579439252,2.03130841121495,2.07,43463700,2.07
2013-03-07,2.05966981132075,2.06933962264151,2.04033018867925,2.05,22693000,2.05
2013-03-08,2.04933333333333,2.059,2.03,2.03,29341400,2.03
2013-03-11,2.02966507177034,2.03933014354067,2.01033492822967,2.02,17139100,2.02
2013-03-12,2.02942028985507,2.04884057971014,1.99057971014493,2.01,30860000,2.01
2013-03-13,2,2.00970873786408,1.98058252427184,2,19153200,2
2013-03-14,1.98970588235294,1.99941176470588,1.97029411764706,1.98,16384500,1.98
2013-03-15,1.99,2.00941463414634,1.98029268292683,1.99,24629100,1.99
2013-03-18,1.97940594059406,1.98910891089109,1.96,1.96,22339200,1.96
2013-03-19,1.97,1.97970443349754,1.96029556650246,1.97,13573500,1.97
2013-03-20,1.97087378640777,2.01941747572816,1.97087378640777,2,28495500,2
2013-03-21,2.00028985507246,2.02942028985507,1.99057971014493,2.01,18538100,2.01
2013-03-22,2.01971014492754,2.01971014492754,2.00028985507246,2.01,11169300,2.01
2013-03-25,2.01,2.01971014492754,2.00028985507246,2.01,13724500,2.01
2013-03-26,2.00911764705882,2.01882352941176,1.97029411764706,1.98,20328100,1.98
2013-03-27,1.98,1.99941176470588,1.97029411764706,1.98,14327600,1.98
2013-03-28,1.97910447761194,1.97910447761194,1.94029850746269,1.95,29706200,1.95
2013-03-29,1.96058823529412,1.98,1.96058823529412,1.98,17139700,1.98
2013-04-01,1.97970443349754,1.98940886699507,1.97,1.97,15669300,1.97
2013-04-02,1.97058536585366,1.99970731707317,1.97058536585366,1.99,25925500,1.99
2013-04-03,1.98970588235294,1.99941176470588,1.97029411764706,1.98,12303100,1.98
2013-04-04,1.98,1.98,1.98,1.98,0,1.98
2013-04-05,1.98,1.98,1.98,1.98,0,1.98
2013-04-08,1.96029556650246,1.97,1.94088669950739,1.97,17517600,1.97
2013-04-09,1.97029411764706,1.98970588235294,1.96058823529412,1.98,20365300,1.98
2013-04-10,1.97058536585366,1.99,1.97058536585366,1.99,14275800,1.99
2013-04-11,1.98940886699507,1.98940886699507,1.97,1.97,9894500,1.97
2013-04-12,1.97,1.97970443349754,1.96029556650246,1.97,9887700,1.97
2013-04-15,1.96940298507463,1.97910447761194,1.95,1.95,15097400,1.95
2013-04-16,1.95029702970297,1.96,1.94059405940594,1.96,17627500,1.96
2013-04-17,1.96,1.96,1.94059405940594,1.96,14236400,1.96
2013-04-18,1.95029702970297,1.96,1.94059405940594,1.96,8994800,1.96
2013-04-19,1.96058823529412,1.98970588235294,1.95088235294118,1.98,29091000,1.98
2013-04-22,1.97087378640777,2,1.97087378640777,2,22948700,2
2013-04-23,1.98910891089109,1.99881188118812,1.95029702970297,1.96,19785000,1.96
2013-04-24,1.96058823529412,1.98970588235294,1.95088235294118,1.98,22902600,1.98
2013-04-25,1.97970443349754,1.98940886699507,1.97,1.97,18127800,1.97
2013-04-26,1.98,1.98,1.96058823529412,1.98,14175700,1.98
2013-04-29,1.98,1.98,1.98,1.98,0,1.98
2013-04-30,1.98,1.98,1.98,1.98,0,1.98
2013-05-01,1.98,1.98,1.98,1.98,0,1.98
2013-05-02,1.96970297029703,1.97940594059406,1.95029702970297,1.96,15865700,1.96
2013-05-03,1.97,1.98940886699507,1.96029556650246,1.97,22181700,1.97
2013-05-06,1.98029268292683,1.99970731707317,1.98029268292683,1.99,19696400,1.99
2013-05-07,1.98029268292683,1.99970731707317,1.98029268292683,1.99,12642700,1.99
2013-05-08,1.99029126213592,2,1.98058252427184,2,20030100,2
2013-05-09,1.99,1.99970731707317,1.98029268292683,1.99,10781700,1.99
2013-05-10,1.98058252427184,2,1.98058252427184,2,17410200,2
2013-05-13,1.99970731707317,1.99970731707317,1.98029268292683,1.99,16884000,1.99
2013-05-14,1.98940886699507,1.98940886699507,1.95059113300493,1.97,22472500,1.97
2013-05-15,1.96029556650246,1.97,1.94088669950739,1.97,31001700,1.97
2013-05-16,1.96058823529412,1.98,1.95088235294118,1.98,25318500,1.98
2013-05-17,1.97087378640777,2,1.97087378640777,2,37763600,2
2013-05-20,2,2.00970873786408,1.99029126213592,2,48710900,2
2013-05-21,2.00028985507246,2.01,1.99057971014493,2.01,35193400,2.01
2013-05-22,1.99970731707317,2.00941463414634,1.99,1.99,34061100,1.99
2013-05-23,1.99911330049261,1.99911330049261,1.97,1.97,38520800,1.97
2013-05-24,1.98029268292683,1.99,1.97058536585366,1.99,21970700,1.99
2013-05-27,1.98,1.98970588235294,1.97029411764706,1.98,20264700,1.98
2013-05-28,1.98086956521739,2.01,1.97115942028985,2.01,45542600,2.01
2013-05-29,2.00970873786408,2.00970873786408,1.99029126213592,2,32875300,2
2013-05-30,1.99941176470588,1.99941176470588,1.98,1.98,25748700,1.98
2013-05-31,1.98,1.98970588235294,1.97029411764706,1.98,25915800,1.98
2013-06-03,1.97,1.98940886699507,1.96029556650246,1.97,25579300,1.97
2013-06-04,1.96940298507463,1.97910447761194,1.94029850746269,1.95,45669000,1.95
2013-06-05,1.9497,1.9594,1.9303,1.94,34556600,1.94
2013-06-06,1.93939393939394,1.94909090909091,1.92,1.92,38381900,1.92
2013-06-07,1.92876923076923,1.93846153846154,1.88030769230769,1.89,46890300,1.89
2013-06-10,1.89,1.89,1.89,1.89,0,1.89
2013-06-11,1.89,1.89,1.89,1.89,0,1.89
2013-06-12,1.89,1.89,1.89,1.89,0,1.89
2013-06-13,1.8784126984127,1.8784126984127,1.81063492063492,1.83,50863900,1.83
2013-06-14,1.83,1.83968253968254,1.82031746031746,1.83,26235400,1.83
2013-06-17,1.82968085106383,1.83936170212766,1.80063829787234,1.82,33180400,1.82
2013-06-18,1.81967914438503,1.81967914438503,1.78096256684492,1.81,42801100,1.81
2013-06-19,1.79032258064516,1.8,1.76129032258065,1.8,41319400,1.8
2013-06-20,1.77900552486188,1.78867403314917,1.73066298342541,1.75,35378800,1.75
2013-06-21,1.73,1.73966480446927,1.71067039106145,1.73,40227000,1.73
2013-06-24,1.73704142011834,1.73704142011834,1.63029585798817,1.64,64757300,1.64
2013-06-25,1.62814814814815,1.62814814814815,1.47308641975309,1.57,101565000,1.57
2013-06-26,1.5596875,1.5790625,1.530625,1.55,50586700,1.55
2013-06-27,1.5596875,1.5984375,1.55,1.55,46808300,1.55
2013-06-28,1.55031055900621,1.57937888198758,1.53093167701863,1.56,42401400,1.56
2013-07-01,1.55031055900621,1.56968944099379,1.54062111801242,1.56,32376300,1.56
2013-07-02,1.56030864197531,1.57,1.54092592592593,1.57,31843800,1.57
2013-07-03,1.56,1.56,1.53093167701863,1.56,35891000,1.56
2013-07-04,1.55061728395062,1.58938271604938,1.53123456790123,1.57,47143700,1.57
2013-07-05,1.57,1.58938271604938,1.56030864197531,1.57,37094400,1.57
2013-07-08,1.55872611464968,1.55872611464968,1.52,1.52,39251300,1.52
2013-07-09,1.52,1.52968152866242,1.51031847133758,1.52,18518400,1.52
2013-07-10,1.5209375,1.5596875,1.51125,1.55,42005200,1.55
2013-07-11,1.55180722891566,1.61969879518072,1.55180722891566,1.61,85103800,1.61
2013-07-12,1.60876543209877,1.60876543209877,1.57,1.57,50086300,1.57
2013-07-15,1.57060975609756,1.60939024390244,1.57060975609756,1.59,30693700,1.59
2013-07-16,1.59,1.59,1.56091463414634,1.59,32348800,1.59
2013-07-17,1.58,1.59938650306748,1.57030674846626,1.58,30939300,1.58
2013-07-18,1.56968944099379,1.57937888198758,1.54062111801242,1.56,37748100,1.56
2013-07-19,1.55905063291139,1.55905063291139,1.5203164556962,1.53,28827700,1.53
2013-07-22,1.5203164556962,1.53,1.50094936708861,1.53,23177100,1.53
2013-07-23,1.53123456790123,1.57,1.52154320987654,1.57,35360000,1.57
2013-07-24,1.5596875,1.569375,1.5403125,1.55,30664200,1.55
2013-07-25,1.56,1.56968944099379,1.54062111801242,1.56,26897900,1.56
2013-07-26,1.5496855345912,1.55937106918239,1.53031446540881,1.54,18458400,1.54
2013-07-29,1.53936305732484,1.53936305732484,1.51031847133758,1.52,23017300,1.52
2013-07-30,1.5203164556962,1.54936708860759,1.51063291139241,1.53,25904200,1.53
2013-07-31,1.5396835443038,1.54936708860759,1.53,1.53,23068300,1.53
2013-08-01,1.53093167701863,1.56,1.53093167701863,1.56,26266700,1.56
2013-08-02,1.56,1.56968944099379,1.55031055900621,1.56,25094300,1.56
2013-08-05,1.56030864197531,1.57969135802469,1.55061728395062,1.57,21986000,1.57
2013-08-06,1.56030864197531,1.57969135802469,1.55061728395062,1.57,27339600,1.57
2013-08-07,1.57,1.57969135802469,1.56030864197531,1.57,37838500,1.57
2013-08-08,1.56030864197531,1.57969135802469,1.56030864197531,1.57,19265700,1.57
2013-08-09,1.57030674846626,1.58,1.56061349693252,1.58,24941100,1.58
2013-08-12,1.58119760479042,1.62,1.57149700598802,1.62,62134900,1.62
2013-08-13,1.6102994011976,1.6297005988024,1.60059880239521,1.62,47994200,1.62
2013-08-14,1.62939759036145,1.63909638554217,1.60030120481928,1.61,48164500,1.61
2013-08-15,1.60969696969697,1.61939393939394,1.59030303030303,1.6,29336800,1.6
2013-08-16,1.6,1.66787878787879,1.58060606060606,1.6,73907900,1.6
2013-08-19,1.59030303030303,1.60969696969697,1.57090909090909,1.6,37053400,1.6
2013-08-20,1.59969512195122,1.60939024390244,1.58030487804878,1.59,26345200,1.59
2013-08-21,1.59,1.59,1.58030487804878,1.59,15782400,1.59
2013-08-22,1.58030487804878,1.59969512195122,1.58030487804878,1.59,21073200,1.59
2013-08-23,1.58969325153374,1.58969325153374,1.56061349693252,1.58,29674500,1.58
2013-08-26,1.58090361445783,1.61,1.57120481927711,1.61,42986900,1.61
2013-08-27,1.61,1.61969879518072,1.59060240963855,1.61,28513000,1.61
2013-08-28,1.60231213872832,1.70913294797688,1.59260115606936,1.68,123438100,1.68
2013-08-29,1.65970588235294,1.67911764705882,1.64029411764706,1.65,63650900,1.65
2013-08-30,1.65142857142857,1.70971428571429,1.64171428571429,1.7,70823300,1.7
2013-09-02,1.69971264367816,1.71913793103448,1.66086206896552,1.69,48631200,1.69
2013-09-03,1.69,1.69971264367816,1.68028735632184,1.69,37742900,1.69
2013-09-04,1.69,1.69971264367816,1.68028735632184,1.69,34985600,1.69
2013-09-05,1.68971098265896,1.68971098265896,1.66057803468208,1.68,27782800,1.68
2013-09-06,1.67028901734104,1.69942196531792,1.66057803468208,1.68,33328100,1.68
2013-09-09,1.67168539325843,1.72966292134831,1.67168539325843,1.72,70363400,1.72
2013-09-10,1.71320855614973,1.85839572192513,1.70352941176471,1.81,150326500,1.81
2013-09-11,1.8252427184466,2,1.8252427184466,2,271242200,2
2013-09-12,1.9885,1.9982,1.9109,1.94,249273100,1.94
2013-09-13,1.918125,1.9278125,1.8503125,1.86,123275200,1.86
2013-09-16,1.85968586387435,1.87905759162304,1.85,1.85,47900900,1.85
2013-09-17,1.85772972972973,1.85772972972973,1.78032432432432,1.79,68371200,1.79
2013-09-18,1.78096256684492,1.81,1.78096256684492,1.81,32531600,1.81
2013-09-20,1.81,1.81,1.81,1.81,0,1.81
2013-09-23,1.81031914893617,1.82968085106383,1.80063829787234,1.82,37916300,1.82
2013-09-24,1.81869565217391,1.81869565217391,1.76065217391304,1.78,53417800,1.78
2013-09-25,1.77096774193548,1.82903225806452,1.76129032258065,1.8,45860600,1.8
2013-09-26,1.78867403314917,1.79834254143646,1.74033149171271,1.75,40140600,1.75
2013-09-27,1.74130434782609,1.78967391304348,1.74130434782609,1.78,39636700,1.78
2013-09-30,1.79934782608696,1.79934782608696,1.77032608695652,1.78,24754400,1.78
2013-10-01,1.78,1.78,1.78,1.78,0,1.78
2013-10-02,1.78,1.78,1.78,1.78,0,1.78
2013-10-03,1.78,1.78,1.78,1.78,0,1.78
2013-10-04,1.78,1.78,1.78,1.78,0,1.78
2013-10-07,1.78,1.78,1.78,1.78,0,1.78
2013-10-08,1.77032608695652,1.78967391304348,1.75097826086957,1.78,27351900,1.78
2013-10-09,1.77064864864865,1.79,1.76097297297297,1.79,30700800,1.79
2013-10-10,1.78934426229508,1.79901639344262,1.76032786885246,1.77,25810400,1.77
2013-10-11,1.7815873015873,1.85904761904762,1.77190476190476,1.83,61379300,1.83
2013-10-14,1.83062827225131,1.87905759162304,1.82094240837696,1.85,50590100,1.85
2013-10-15,1.83968253968254,1.84936507936508,1.81063492063492,1.83,36162700,1.83
2013-10-16,1.81869565217391,1.82836956521739,1.78,1.78,33989100,1.78
2013-10-17,1.78967391304348,1.79934782608696,1.77032608695652,1.78,20343600,1.78
2013-10-18,1.78064516129032,1.81935483870968,1.77096774193548,1.8,30228500,1.8
2013-10-21,1.80032085561497,1.81967914438503,1.78096256684492,1.81,25943800,1.81
2013-10-22,1.80032085561497,1.81,1.79064171122995,1.81,19923300,1.81
2013-10-23,1.80032085561497,1.84871657754011,1.79064171122995,1.81,43181900,1.81
2013-10-24,1.80935135135135,1.80935135135135,1.79,1.79,19945400,1.79
2013-10-25,1.78901098901099,1.80835164835165,1.75032967032967,1.76,27931600,1.76
2013-10-28,1.75966850828729,1.75966850828729,1.74033149171271,1.75,20766700,1.75
2013-10-29,1.74898876404494,1.77797752808989,1.70067415730337,1.72,39341500,1.72
2013-10-30,1.73163043478261,1.79934782608696,1.72195652173913,1.78,46878700,1.78
2013-10-31,1.79,1.8287027027027,1.77064864864865,1.79,50196000,1.79
2013-11-01,1.79934782608696,1.79934782608696,1.76065217391304,1.78,27627700,1.78
2013-11-04,1.78934426229508,1.78934426229508,1.77,1.77,13414200,1.77
2013-11-05,1.77032608695652,1.78967391304348,1.74130434782609,1.78,19849500,1.78
2013-11-06,1.76967032967033,1.77934065934066,1.75032967032967,1.76,22533300,1.76
2013-11-07,1.75966850828729,1.76933701657459,1.74033149171271,1.75,16738200,1.75
2013-11-08,1.74966666666667,1.74966666666667,1.73033333333333,1.74,21127100,1.74
2013-11-11,1.73033333333333,1.74966666666667,1.73033333333333,1.74,14748500,1.74
2013-11-12,1.74033149171271,1.75966850828729,1.74033149171271,1.75,13135400,1.75
2013-11-13,1.73932584269663,1.74898876404494,1.71033707865169,1.72,19534200,1.72
2013-11-14,1.71033707865169,1.72966292134831,1.71033707865169,1.72,12947600,1.72
2013-11-15,1.72066666666667,1.75933333333333,1.72066666666667,1.74,27008400,1.74
2013-11-18,1.75097826086957,1.78,1.74130434782609,1.78,35320600,1.78
2013-11-19,1.77032608695652,1.78,1.76065217391304,1.78,24117400,1.78
2013-11-20,1.78,1.78967391304348,1.76065217391304,1.78,17699600,1.78
2013-11-21,1.77967213114754,1.77967213114754,1.76032786885246,1.77,19395700,1.77
2013-11-22,1.77,1.77967213114754,1.76032786885246,1.77,17049000,1.77
2013-11-25,1.76,1.77934065934066,1.75032967032967,1.76,16996600,1.76
2013-11-26,1.76065217391304,1.78,1.75097826086957,1.78,19477700,1.78
2013-11-27,1.77032608695652,1.78,1.76065217391304,1.78,19191600,1.78
2013-11-28,1.78064516129032,1.82903225806452,1.77096774193548,1.8,50262500,1.8
2013-11-29,1.8,1.80967741935484,1.79032258064516,1.8,18704000,1.8
2013-12-02,1.78967391304348,1.80902173913043,1.76065217391304,1.78,42461200,1.78
2013-12-03,1.77064864864865,1.79967567567568,1.76097297297297,1.79,21073800,1.79
2013-12-04,1.79126984126984,1.84936507936508,1.7815873015873,1.83,57883500,1.83
2013-12-05,1.83,1.83,1.81063492063492,1.83,26691900,1.83
2013-12-06,1.82031746031746,1.83,1.81063492063492,1.83,29010800,1.83
2013-12-09,1.82968085106383,1.84904255319149,1.81031914893617,1.82,18755500,1.82
2013-12-10,1.82,1.82968085106383,1.80063829787234,1.82,22226700,1.82
2013-12-11,1.80935135135135,1.81902702702703,1.79,1.79,26876800,1.79
2013-12-12,1.79,1.79967567567568,1.78032432432432,1.79,17271000,1.79
2013-12-13,1.77967213114754,1.78934426229508,1.77,1.77,17505000,1.77
2013-12-16,1.77900552486188,1.78867403314917,1.75,1.75,21931400,1.75
2013-12-17,1.74966666666667,1.75933333333333,1.73033333333333,1.74,18784000,1.74
2013-12-18,1.74,1.74966666666667,1.73033333333333,1.74,12978900,1.74
2013-12-19,1.73898305084746,1.74864406779661,1.69067796610169,1.71,45611200,1.71
2013-12-20,1.71884393063584,1.71884393063584,1.67028901734104,1.68,32226700,1.68
2013-12-23,1.67970930232558,1.67970930232558,1.66029069767442,1.67,16880900,1.67
2013-12-24,1.68028735632184,1.69971264367816,1.67057471264368,1.69,14008700,1.69
2013-12-25,1.69028571428571,1.7,1.68057142857143,1.7,8460800,1.7
2013-12-26,1.69912790697674,1.69912790697674,1.66029069767442,1.67,14126200,1.67
2013-12-27,1.67085714285714,1.70971428571429,1.66114285714286,1.7,16856900,1.7
2013-12-30,1.7,1.71942857142857,1.7,1.7,12491300,1.7
2013-12-31,1.69028571428571,1.70971428571429,1.69028571428571,1.7,12264800,1.7
2014-01-01,1.7,1.7,1.7,1.7,0,1.7
2014-01-02,1.7,1.70971428571429,1.69028571428571,1.7,7669000,1.7
2014-01-03,1.68971098265896,1.69942196531792,1.66057803468208,1.68,17377700,1.68
2014-01-06,1.66880952380952,1.6785119047619,1.62029761904762,1.63,22193400,1.63
2014-01-07,1.62029761904762,1.63970238095238,1.61059523809524,1.63,10975100,1.63
2014-01-08,1.62909090909091,1.64848484848485,1.58060606060606,1.6,21624200,1.6
2014-01-09,1.58969325153374,1.60907975460123,1.57030674846626,1.58,19425900,1.58
2014-01-10,1.57937888198758,1.57937888198758,1.56,1.56,17394100,1.56
2014-01-13,1.56061349693252,1.58969325153374,1.56061349693252,1.58,20364600,1.58
2014-01-14,1.57090909090909,1.6,1.56121212121212,1.6,14252300,1.6
2014-01-15,1.58969325153374,1.59938650306748,1.57030674846626,1.58,12567300,1.58
2014-01-16,1.58,1.59938650306748,1.57030674846626,1.58,13919300,1.58
2014-01-17,1.57937888198758,1.57937888198758,1.55031055900621,1.56,18799900,1.56
2014-01-20,1.55061728395062,1.57,1.55061728395062,1.57,11639800,1.57
2014-01-21,1.56030864197531,1.57969135802469,1.56030864197531,1.57,12604300,1.57
2014-01-22,1.57090909090909,1.61939393939394,1.57090909090909,1.6,23514100,1.6
2014-01-23,1.6,1.60969696969697,1.59030303030303,1.6,14200900,1.6
2014-01-24,1.60030120481928,1.61969879518072,1.59060240963855,1.61,16719000,1.61
2014-01-27,1.60969696969697,1.60969696969697,1.59030303030303,1.6,15111100,1.6
2014-01-28,1.60089285714286,1.63970238095238,1.60089285714286,1.63,25921600,1.63
2014-01-29,1.62,1.6297005988024,1.62,1.62,8982400,1.62
2014-01-30,1.61969879518072,1.62939759036145,1.61,1.61,12336500,1.61
2014-01-31,1.61,1.61,1.61,1.61,0,1.61
2014-02-03,1.61,1.61,1.61,1.61,0,1.61
2014-02-05,1.61,1.61,1.61,1.61,0,1.61
2014-02-06,1.61,1.61,1.61,1.61,0,1.61
2014-02-07,1.61059523809524,1.63,1.60089285714286,1.63,11785400,1.63
2014-02-10,1.62059171597633,1.64970414201183,1.62059171597633,1.64,24225800,1.64
2014-02-11,1.64029411764706,1.65970588235294,1.64029411764706,1.65,29768100,1.65
2014-02-12,1.65970588235294,1.65970588235294,1.64029411764706,1.65,16513400,1.65
2014-02-13,1.64,1.65940828402367,1.63029585798817,1.64,24101800,1.64
2014-02-14,1.64058479532164,1.66,1.63087719298246,1.66,21759100,1.66
2014-02-17,1.66,1.66970760233918,1.65029239766082,1.66,26122500,1.66
2014-02-18,1.65940828402367,1.6691124260355,1.64,1.64,19290900,1.64
2014-02-19,1.64087209302326,1.68941860465116,1.63116279069767,1.67,45854300,1.67
2014-02-20,1.67028901734104,1.71884393063584,1.66057803468208,1.68,46980700,1.68
2014-02-21,1.67881656804734,1.67881656804734,1.63029585798817,1.64,30028200,1.64
2014-02-24,1.62909090909091,1.63878787878788,1.59030303030303,1.6,32397100,1.6
2014-02-25,1.59969512195122,1.61908536585366,1.58030487804878,1.59,25156500,1.59
2014-02-26,1.58938271604938,1.59907407407407,1.54092592592593,1.57,53008500,1.57
2014-02-27,1.56030864197531,1.58938271604938,1.56030864197531,1.57,32189900,1.57
2014-02-28,1.57060975609756,1.59,1.56091463414634,1.59,21197900,1.59
2014-03-03,1.58060606060606,1.60969696969697,1.57090909090909,1.6,26186700,1.6
2014-03-04,1.59,1.59969512195122,1.57060975609756,1.59,18797200,1.59
2014-03-05,1.58969325153374,1.58969325153374,1.57030674846626,1.58,12354100,1.58
2014-03-06,1.57060975609756,1.59,1.56091463414634,1.59,15244000,1.59
2014-03-07,1.58,1.58969325153374,1.57030674846626,1.58,19287500,1.58
2014-03-10,1.56905660377358,1.57874213836478,1.53031446540881,1.54,23849600,1.54
2014-03-11,1.5403125,1.55,1.530625,1.55,25541200,1.55
2014-03-12,1.55031055900621,1.56968944099379,1.54062111801242,1.56,22932400,1.56
2014-03-13,1.56030864197531,1.57969135802469,1.55061728395062,1.57,21186800,1.57
2014-03-14,1.56,1.56968944099379,1.54062111801242,1.56,19770600,1.56
2014-03-17,1.56061349693252,1.58969325153374,1.56061349693252,1.58,20987300,1.58
2014-03-18,1.58,1.58969325153374,1.57030674846626,1.58,11535100,1.58
2014-03-19,1.57030674846626,1.58,1.56061349693252,1.58,13022300,1.58
2014-03-20,1.57,1.58938271604938,1.56030864197531,1.57,24087200,1.57
2014-03-21,1.56150602409639,1.61969879518072,1.56150602409639,1.61,50884900,1.61
2014-03-24,1.60175438596491,1.66,1.59204678362573,1.66,75573600,1.66
2014-03-25,1.64970414201183,1.67881656804734,1.63029585798817,1.64,51706400,1.64
2014-03-26,1.64940476190476,1.64940476190476,1.62029761904762,1.63,22844100,1.63
2014-03-27,1.6297005988024,1.63940119760479,1.6102994011976,1.62,25096600,1.62
2014-03-28,1.62029761904762,1.63970238095238,1.61059523809524,1.63,22794400,1.63
2014-03-31,1.64940476190476,1.65910714285714,1.63,1.63,34449100,1.63
2014-04-01,1.63087719298246,1.66,1.63087719298246,1.66,26526600,1.66
2014-04-02,1.66029069767442,1.67,1.65058139534884,1.67,20996500,1.67
2014-04-03,1.65940828402367,1.6691124260355,1.63029585798817,1.64,27791800,1.64
2014-04-04,1.63058823529412,1.65970588235294,1.63058823529412,1.65,12550300,1.65
2014-04-07,1.65,1.65,1.65,1.65,0,1.65
2014-04-08,1.65086705202312,1.68971098265896,1.64115606936416,1.68,41765000,1.68
2014-04-09,1.67970930232558,1.68941860465116,1.67,1.67,17591300,1.67
2014-04-10,1.66136363636364,1.70965909090909,1.64204545454545,1.7,73983600,1.7
2014-04-11,1.69,1.69971264367816,1.68028735632184,1.69,40828300,1.69
2014-04-14,1.68971098265896,1.68971098265896,1.67028901734104,1.68,24681200,1.68
2014-04-15,1.67941520467836,1.67941520467836,1.65029239766082,1.66,22134600,1.66
2014-04-16,1.66,1.66970760233918,1.65029239766082,1.66,11843400,1.66
2014-04-17,1.66,1.66970760233918,1.65029239766082,1.66,15630500,1.66
2014-04-18,1.66,1.66970760233918,1.65029239766082,1.66,19874200,1.66
2014-04-21,1.64940476190476,1.65910714285714,1.63,1.63,14051100,1.63
2014-04-22,1.63,1.63970238095238,1.61059523809524,1.63,16209800,1.63
2014-04-23,1.62029761904762,1.63970238095238,1.62029761904762,1.63,12457100,1.63
2014-04-24,1.63,1.63970238095238,1.62029761904762,1.63,12190700,1.63
2014-04-25,1.62909090909091,1.62909090909091,1.6,1.6,14500400,1.6
2014-04-28,1.60907975460123,1.60907975460123,1.58,1.58,19878400,1.58
2014-04-29,1.58030487804878,1.59969512195122,1.57060975609756,1.59,12545000,1.59
2014-04-30,1.59060240963855,1.61,1.58090361445783,1.61,16066700,1.61
2014-05-01,1.61,1.61,1.61,1.61,0,1.61
2014-05-02,1.61,1.61,1.61,1.61,0,1.61
2014-05-05,1.6,1.61939393939394,1.59030303030303,1.6,18257600,1.6
2014-05-06,1.60030120481928,1.61969879518072,1.59060240963855,1.61,17122800,1.61
2014-05-07,1.60969696969697,1.60969696969697,1.59030303030303,1.6,10158100,1.6
2014-05-08,1.59060240963855,1.61969879518072,1.59060240963855,1.61,15287400,1.61
2014-05-09,1.60340909090909,1.70965909090909,1.59375,1.7,96030400,1.7
2014-05-12,1.72033519553073,1.75899441340782,1.68167597765363,1.73,158190100,1.73
2014-05-13,1.72932203389831,1.79694915254237,1.69067796610169,1.71,118682300,1.71
2014-05-14,1.7,1.73885714285714,1.69028571428571,1.7,54850500,1.7
2014-05-15,1.67,1.68941860465116,1.66029069767442,1.67,44680000,1.67
2014-05-16,1.66057803468208,1.68,1.65086705202312,1.68,20699000,1.68
2014-05-19,1.66941176470588,1.66941176470588,1.64029411764706,1.65,29351900,1.65
2014-05-20,1.65970588235294,1.66941176470588,1.63058823529412,1.65,25127800,1.65
2014-05-21,1.64029411764706,1.65,1.62088235294118,1.65,28966600,1.65
2014-05-22,1.64,1.65940828402367,1.63029585798817,1.64,21028100,1.64
2014-05-23,1.64029411764706,1.65,1.62088235294118,1.65,19652000,1.65
2014-05-26,1.64940476190476,1.65910714285714,1.63,1.63,18019600,1.63
2014-05-27,1.64,1.64970414201183,1.63029585798817,1.64,12500700,1.64
2014-05-28,1.64029411764706,1.65,1.63058823529412,1.65,14368900,1.65
2014-05-29,1.64,1.65940828402367,1.63029585798817,1.64,22742700,1.64
2014-05-30,1.64029411764706,1.65970588235294,1.63058823529412,1.65,17088100,1.65
2014-06-02,1.65,1.65,1.65,1.65,0,1.65
2014-06-03,1.65086705202312,1.68971098265896,1.64115606936416,1.68,36512700,1.68
2014-06-04,1.65970588235294,1.66941176470588,1.63058823529412,1.65,26511800,1.65
2014-06-05,1.64,1.64970414201183,1.63029585798817,1.64,17496800,1.64
2014-06-06,1.64029411764706,1.65970588235294,1.63058823529412,1.65,13231500,1.65
2014-06-09,1.64,1.64970414201183,1.63029585798817,1.64,10761300,1.64
2014-06-10,1.64029411764706,1.65,1.63058823529412,1.65,14391000,1.65
2014-06-11,1.65,1.65,1.64029411764706,1.65,11520500,1.65
2014-06-12,1.65,1.65970588235294,1.64029411764706,1.65,13409200,1.65
2014-06-13,1.65029239766082,1.66,1.64058479532164,1.66,22843300,1.66
2014-06-16,1.65058139534884,1.67970930232558,1.65058139534884,1.67,27788500,1.67
2014-06-17,1.67,1.67,1.65058139534884,1.67,22604700,1.67
2014-06-18,1.65970588235294,1.65970588235294,1.64029411764706,1.65,22325300,1.65
2014-06-19,1.64940476190476,1.65910714285714,1.62029761904762,1.63,20956700,1.63
2014-06-20,1.62059171597633,1.64,1.62059171597633,1.64,15302000,1.64
2014-06-23,1.63,1.64940476190476,1.63,1.63,13962800,1.63
2014-06-24,1.64,1.64970414201183,1.63029585798817,1.64,17237700,1.64
2014-06-25,1.64,1.64,1.63029585798817,1.64,9289900,1.64
2014-06-26,1.64,1.64970414201183,1.63029585798817,1.64,14469100,1.64
2014-06-27,1.64058479532164,1.66,1.63087719298246,1.66,21337600,1.66
2014-06-30,1.65029239766082,1.66970760233918,1.65029239766082,1.66,18054800,1.66
2014-07-01,1.66,1.66970760233918,1.65029239766082,1.66,27502500,1.66
2014-07-02,1.66,1.66970760233918,1.65029239766082,1.66,21593500,1.66
2014-07-03,1.66086206896552,1.69971264367816,1.66086206896552,1.69,53333500,1.69
2014-07-04,1.68,1.68971098265896,1.67028901734104,1.68,20669700,1.68
2014-07-07,1.67970930232558,1.67970930232558,1.65058139534884,1.67,19754400,1.67
2014-07-08,1.66029069767442,1.67,1.66029069767442,1.67,17474300,1.67
2014-07-09,1.66941176470588,1.66941176470588,1.65,1.65,26124200,1.65
2014-07-10,1.65029239766082,1.66970760233918,1.64058479532164,1.66,24555100,1.66
2014-07-11,1.65114942528736,1.69,1.65114942528736,1.69,34160400,1.69
2014-07-14,1.69028571428571,1.7,1.68057142857143,1.7,30537300,1.7
2014-07-15,1.7,1.71,1.69,1.71,40273200,1.71
2014-07-16,1.7,1.77,1.7,1.77,125226100,1.77
2014-07-17,1.76,1.76,1.72,1.73,58540600,1.73
2014-07-18,1.72,1.76,1.72,1.74,48677200,1.74
2014-07-21,1.74,1.75,1.73,1.73,22181700,1.73
2014-07-22,1.73,1.75,1.72,1.75,47540900,1.75
2014-07-23,1.75,1.77,1.74,1.76,41976200,1.76
2014-07-24,1.76,1.78,1.75,1.77,68393600,1.77
2014-07-25,1.77,1.79,1.76,1.79,53890000,1.79
2014-07-28,1.79,1.84,1.79,1.82,117359100,1.82
2014-07-29,1.82,1.85,1.81,1.84,76200200,1.84
2014-07-30,1.83,1.84,1.81,1.81,65858800,1.81
2014-07-31,1.81,1.84,1.8,1.84,63800800,1.84
2014-08-01,1.83,1.85,1.81,1.82,69837200,1.82
2014-08-04,1.81,1.85,1.81,1.85,60837400,1.85
2014-08-05,1.85,1.89,1.84,1.88,97797100,1.88
2014-08-06,1.87,2.03,1.85,1.97,249246300,1.97
2014-08-07,1.96,1.97,1.9,1.91,156193100,1.91
2014-08-08,1.9,1.92,1.88,1.89,63527700,1.89
2014-08-11,1.89,1.95,1.89,1.95,74025400,1.95
2014-08-12,1.95,1.95,1.92,1.94,46918000,1.94
2014-08-13,1.93,1.95,1.91,1.94,55766600,1.94
2014-08-14,1.94,1.96,1.92,1.93,63017300,1.93
2014-08-15,1.92,1.95,1.92,1.94,45454600,1.94
2014-08-18,1.94,1.96,1.93,1.94,54410800,1.94
2014-08-19,1.94,1.95,1.92,1.94,56876100,1.94
2014-08-20,1.93,1.95,1.92,1.95,49896100,1.95
2014-08-21,1.94,1.94,1.91,1.92,42167700,1.92
2014-08-22,1.92,1.93,1.91,1.93,43274700,1.93
2014-08-25,1.93,1.94,1.91,1.92,39474100,1.92
2014-08-26,1.92,1.93,1.87,1.88,56313600,1.88
2014-08-27,1.88,1.89,1.87,1.88,25411900,1.88
2014-08-28,1.88,1.88,1.84,1.85,37306700,1.85
2014-08-29,1.84,1.88,1.84,1.88,30649100,1.88
2014-09-01,1.87,1.89,1.86,1.88,57296000,1.88
2014-09-02,1.88,1.91,1.87,1.9,76954200,1.9
2014-09-03,1.91,1.93,1.9,1.91,67692700,1.91
2014-09-04,1.92,1.93,1.9,1.93,64124000,1.93
2014-09-05,1.93,1.96,1.92,1.96,109635900,1.96
2014-09-08,1.96,1.96,1.96,1.96,0,1.96
2014-09-09,1.96,1.99,1.95,1.98,101164800,1.98
2014-09-10,1.97,1.98,1.95,1.98,72077500,1.98
2014-09-11,1.97,2.02,1.96,1.97,117069600,1.97
2014-09-12,1.96,2.16,1.95,2.08,264871400,2.08
2014-09-15,2.07,2.13,2.06,2.1,140699600,2.1
2014-09-16,2.1,2.31,2.08,2.31,474830600,2.31
2014-09-17,2.34,2.48,2.3,2.37,757652500,2.37
2014-09-18,2.3,2.32,2.23,2.28,346615700,2.28
2014-09-19,2.27,2.44,2.23,2.34,362214000,2.34
2014-09-22,2.3,2.3,2.24,2.25,190850400,2.25
2014-09-23,2.26,2.36,2.23,2.32,228033600,2.32
2014-09-24,2.33,2.55,2.32,2.55,621580700,2.55
2014-09-25,2.61,2.7,2.51,2.55,631113900,2.55
2014-09-26,2.51,2.57,2.46,2.54,226165200,2.54
2014-09-29,2.54,2.66,2.54,2.62,267753500,2.62
2014-09-30,2.65,2.66,2.58,2.6,167261100,2.6
2014-10-01,2.6,2.6,2.6,2.6,0,2.6
2014-10-02,2.6,2.6,2.6,2.6,0,2.6
